path,label,dataset,speaker,split,utt_id,level,lang
C:\Users\Rafa\Downloads\proyecto-ia-20260212T103152Z-3-001\proyecto-ia\multimodal-emocion\data\audio\raw\mesd_es\Anger_C_A_abajo.wav,anger,mesd_es,mesd_C_A,all,Anger_C_A_abajo,,
C:\Users\Rafa\Downloads\proyecto-ia-20260212T103152Z-3-001\proyecto-ia\multimodal-emocion\data\audio\raw\mesd_es\Anger_C_A_adios.wav,anger,mesd_es,mesd_C_A,all,Anger_C_A_adios,,
C:\Users\Rafa\Downloads\proyecto-ia-20260212T103152Z-3-001\proyecto-ia\multimodal-emocion\data\audio\raw\mesd_es\Anger_C_A_antes.wav,anger,mesd_es,mesd_C_A,all,Anger_C_A_antes,,
C:\Users\Rafa\Downloads\proyecto-ia-20260212T103152Z-3-001\proyecto-ia\multimodal-emocion\data\audio\raw\mesd_es\Anger_C_A_arriba.wav,anger,mesd_es,mesd_C_A,all,Anger_C_A_arriba,,
C:\Users\Rafa\Downloads\proyecto-ia-20260212T103152Z-3-001\proyecto-ia\multimodal-emocion\data\audio\raw\mesd_es\Anger_C_A_ayer.wav,anger,mesd_es,mesd_C_A,all,Anger_C_A_ayer,,
C:\Users\Rafa\Downloads\proyecto-ia-20260212T103152Z-3-001\proyecto-ia\multimodal-emocion\data\audio\raw\mesd_es\Anger_C_A_basta_ya.wav,anger,mesd_es,mesd_C_A,all,Anger_C_A_basta_ya,,
C:\Users\Rafa\Downloads\proyecto-ia-20260212T103152Z-3-001\proyecto-ia\multimodal-emocion\data\audio\raw\mesd_es\Anger_C_A_de_nada.wav,anger,mesd_es,mesd_C_A,all,Anger_C_A_de_nada,,
C:\Users\Rafa\Downloads\proyecto-ia-20260212T103152Z-3-001\proyecto-ia\multimodal-emocion\data\audio\raw\mesd_es\Anger_C_A_delante.wav,anger,mesd_es,mesd_C_A,all,Anger_C_A_delante,,
C:\Users\Rafa\Downloads\proyecto-ia-20260212T103152Z-3-001\proyecto-ia\multimodal-emocion\data\audio\raw\mesd_es\Anger_C_A_dentro.wav,anger,mesd_es,mesd_C_A,all,Anger_C_A_dentro,,
C:\Users\Rafa\Downloads\proyecto-ia-20260212T103152Z-3-001\proyecto-ia\multimodal-emocion\data\audio\raw\mesd_es\Anger_C_A_derecha.wav,anger,mesd_es,mesd_C_A,all,Anger_C_A_derecha,,
C:\Users\Rafa\Downloads\proyecto-ia-20260212T103152Z-3-001\proyecto-ia\multimodal-emocion\data\audio\raw\mesd_es\Anger_C_A_detras.wav,anger,mesd_es,mesd_C_A,all,Anger_C_A_detras,,
C:\Users\Rafa\Downloads\proyecto-ia-20260212T103152Z-3-001\proyecto-ia\multimodal-emocion\data\audio\raw\mesd_es\Anger_C_A_fuera.wav,anger,mesd_es,mesd_C_A,all,Anger_C_A_fuera,,
C:\Users\Rafa\Downloads\proyecto-ia-20260212T103152Z-3-001\proyecto-ia\multimodal-emocion\data\audio\raw\mesd_es\Anger_C_A_gracias.wav,anger,mesd_es,mesd_C_A,all,Anger_C_A_gracias,,
C:\Users\Rafa\Downloads\proyecto-ia-20260212T103152Z-3-001\proyecto-ia\multimodal-emocion\data\audio\raw\mesd_es\Anger_C_A_hola.wav,anger,mesd_es,mesd_C_A,all,Anger_C_A_hola,,
C:\Users\Rafa\Downloads\proyecto-ia-20260212T103152Z-3-001\proyecto-ia\multimodal-emocion\data\audio\raw\mesd_es\Anger_C_A_izquierda.wav,anger,mesd_es,mesd_C_A,all,Anger_C_A_izquierda,,
C:\Users\Rafa\Downloads\proyecto-ia-20260212T103152Z-3-001\proyecto-ia\multimodal-emocion\data\audio\raw\mesd_es\Anger_C_A_lento.wav,anger,mesd_es,mesd_C_A,all,Anger_C_A_lento,,
C:\Users\Rafa\Downloads\proyecto-ia-20260212T103152Z-3-001\proyecto-ia\multimodal-emocion\data\audio\raw\mesd_es\Anger_C_A_no.wav,anger,mesd_es,mesd_C_A,all,Anger_C_A_no,,
C:\Users\Rafa\Downloads\proyecto-ia-20260212T103152Z-3-001\proyecto-ia\multimodal-emocion\data\audio\raw\mesd_es\Anger_C_A_nunca.wav,anger,mesd_es,mesd_C_A,all,Anger_C_A_nunca,,
C:\Users\Rafa\Downloads\proyecto-ia-20260212T103152Z-3-001\proyecto-ia\multimodal-emocion\data\audio\raw\mesd_es\Anger_C_A_por_favor.wav,anger,mesd_es,mesd_C_A,all,Anger_C_A_por_favor,,
C:\Users\Rafa\Downloads\proyecto-ia-20260212T103152Z-3-001\proyecto-ia\multimodal-emocion\data\audio\raw\mesd_es\Anger_C_A_pronto.wav,anger,mesd_es,mesd_C_A,all,Anger_C_A_pronto,,
C:\Users\Rafa\Downloads\proyecto-ia-20260212T103152Z-3-001\proyecto-ia\multimodal-emocion\data\audio\raw\mesd_es\Anger_C_A_rapido.wav,anger,mesd_es,mesd_C_A,all,Anger_C_A_rapido,,
C:\Users\Rafa\Downloads\proyecto-ia-20260212T103152Z-3-001\proyecto-ia\multimodal-emocion\data\audio\raw\mesd_es\Anger_C_A_si.wav,anger,mesd_es,mesd_C_A,all,Anger_C_A_si,,
C:\Users\Rafa\Downloads\proyecto-ia-20260212T103152Z-3-001\proyecto-ia\multimodal-emocion\data\audio\raw\mesd_es\Anger_C_A_tarde.wav,anger,mesd_es,mesd_C_A,all,Anger_C_A_tarde,,
C:\Users\Rafa\Downloads\proyecto-ia-20260212T103152Z-3-001\proyecto-ia\multimodal-emocion\data\audio\raw\mesd_es\Anger_C_B_abandono.wav,anger,mesd_es,mesd_C_B,all,Anger_C_B_abandono,,
C:\Users\Rafa\Downloads\proyecto-ia-20260212T103152Z-3-001\proyecto-ia\multimodal-emocion\data\audio\raw\mesd_es\Anger_C_B_abuso.wav,anger,mesd_es,mesd_C_B,all,Anger_C_B_abuso,,
C:\Users\Rafa\Downloads\proyecto-ia-20260212T103152Z-3-001\proyecto-ia\multimodal-emocion\data\audio\raw\mesd_es\Anger_C_B_alterado.wav,anger,mesd_es,mesd_C_B,all,Anger_C_B_alterado,,
C:\Users\Rafa\Downloads\proyecto-ia-20260212T103152Z-3-001\proyecto-ia\multimodal-emocion\data\audio\raw\mesd_es\Anger_C_B_amenazado.wav,anger,mesd_es,mesd_C_B,all,Anger_C_B_amenazado,,
C:\Users\Rafa\Downloads\proyecto-ia-20260212T103152Z-3-001\proyecto-ia\multimodal-emocion\data\audio\raw\mesd_es\Anger_C_B_amenazador.wav,anger,mesd_es,mesd_C_B,all,Anger_C_B_amenazador,,
C:\Users\Rafa\Downloads\proyecto-ia-20260212T103152Z-3-001\proyecto-ia\multimodal-emocion\data\audio\raw\mesd_es\Anger_C_B_ataque.wav,anger,mesd_es,mesd_C_B,all,Anger_C_B_ataque,,
C:\Users\Rafa\Downloads\proyecto-ia-20260212T103152Z-3-001\proyecto-ia\multimodal-emocion\data\audio\raw\mesd_es\Anger_C_B_atasco.wav,anger,mesd_es,mesd_C_B,all,Anger_C_B_atasco,,
C:\Users\Rafa\Downloads\proyecto-ia-20260212T103152Z-3-001\proyecto-ia\multimodal-emocion\data\audio\raw\mesd_es\Anger_C_B_catastrofe.wav,anger,mesd_es,mesd_C_B,all,Anger_C_B_catastrofe,,
C:\Users\Rafa\Downloads\proyecto-ia-20260212T103152Z-3-001\proyecto-ia\multimodal-emocion\data\audio\raw\mesd_es\Anger_C_B_ceguera.wav,anger,mesd_es,mesd_C_B,all,Anger_C_B_ceguera,,
C:\Users\Rafa\Downloads\proyecto-ia-20260212T103152Z-3-001\proyecto-ia\multimodal-emocion\data\audio\raw\mesd_es\Anger_C_B_condena.wav,anger,mesd_es,mesd_C_B,all,Anger_C_B_condena,,
C:\Users\Rafa\Downloads\proyecto-ia-20260212T103152Z-3-001\proyecto-ia\multimodal-emocion\data\audio\raw\mesd_es\Anger_C_B_danino.wav,anger,mesd_es,mesd_C_B,all,Anger_C_B_danino,,
C:\Users\Rafa\Downloads\proyecto-ia-20260212T103152Z-3-001\proyecto-ia\multimodal-emocion\data\audio\raw\mesd_es\Anger_C_B_delincuencia.wav,anger,mesd_es,mesd_C_B,all,Anger_C_B_delincuencia,,
C:\Users\Rafa\Downloads\proyecto-ia-20260212T103152Z-3-001\proyecto-ia\multimodal-emocion\data\audio\raw\mesd_es\Anger_C_B_dificultad.wav,anger,mesd_es,mesd_C_B,all,Anger_C_B_dificultad,,
C:\Users\Rafa\Downloads\proyecto-ia-20260212T103152Z-3-001\proyecto-ia\multimodal-emocion\data\audio\raw\mesd_es\Anger_C_B_disputa.wav,anger,mesd_es,mesd_C_B,all,Anger_C_B_disputa,,
C:\Users\Rafa\Downloads\proyecto-ia-20260212T103152Z-3-001\proyecto-ia\multimodal-emocion\data\audio\raw\mesd_es\Anger_C_B_enojo.wav,anger,mesd_es,mesd_C_B,all,Anger_C_B_enojo,,
C:\Users\Rafa\Downloads\proyecto-ia-20260212T103152Z-3-001\proyecto-ia\multimodal-emocion\data\audio\raw\mesd_es\Anger_C_B_estafa.wav,anger,mesd_es,mesd_C_B,all,Anger_C_B_estafa,,
C:\Users\Rafa\Downloads\proyecto-ia-20260212T103152Z-3-001\proyecto-ia\multimodal-emocion\data\audio\raw\mesd_es\Anger_C_B_estricto.wav,anger,mesd_es,mesd_C_B,all,Anger_C_B_estricto,,
C:\Users\Rafa\Downloads\proyecto-ia-20260212T103152Z-3-001\proyecto-ia\multimodal-emocion\data\audio\raw\mesd_es\Anger_C_B_explosion.wav,anger,mesd_es,mesd_C_B,all,Anger_C_B_explosion,,
C:\Users\Rafa\Downloads\proyecto-ia-20260212T103152Z-3-001\proyecto-ia\multimodal-emocion\data\audio\raw\mesd_es\Anger_C_B_explosivo.wav,anger,mesd_es,mesd_C_B,all,Anger_C_B_explosivo,,
C:\Users\Rafa\Downloads\proyecto-ia-20260212T103152Z-3-001\proyecto-ia\multimodal-emocion\data\audio\raw\mesd_es\Anger_C_B_furia.wav,anger,mesd_es,mesd_C_B,all,Anger_C_B_furia,,
C:\Users\Rafa\Downloads\proyecto-ia-20260212T103152Z-3-001\proyecto-ia\multimodal-emocion\data\audio\raw\mesd_es\Anger_C_B_humillacion.wav,anger,mesd_es,mesd_C_B,all,Anger_C_B_humillacion,,
C:\Users\Rafa\Downloads\proyecto-ia-20260212T103152Z-3-001\proyecto-ia\multimodal-emocion\data\audio\raw\mesd_es\Anger_C_B_impaciencia.wav,anger,mesd_es,mesd_C_B,all,Anger_C_B_impaciencia,,
C:\Users\Rafa\Downloads\proyecto-ia-20260212T103152Z-3-001\proyecto-ia\multimodal-emocion\data\audio\raw\mesd_es\Anger_C_B_injusticia.wav,anger,mesd_es,mesd_C_B,all,Anger_C_B_injusticia,,
C:\Users\Rafa\Downloads\proyecto-ia-20260212T103152Z-3-001\proyecto-ia\multimodal-emocion\data\audio\raw\mesd_es\Anger_C_B_robo.wav,anger,mesd_es,mesd_C_B,all,Anger_C_B_robo,,
C:\Users\Rafa\Downloads\proyecto-ia-20260212T103152Z-3-001\proyecto-ia\multimodal-emocion\data\audio\raw\mesd_es\Anger_F_A_abajo.wav,anger,mesd_es,mesd_F_A,all,Anger_F_A_abajo,,
C:\Users\Rafa\Downloads\proyecto-ia-20260212T103152Z-3-001\proyecto-ia\multimodal-emocion\data\audio\raw\mesd_es\Anger_F_A_adios.wav,anger,mesd_es,mesd_F_A,all,Anger_F_A_adios,,
C:\Users\Rafa\Downloads\proyecto-ia-20260212T103152Z-3-001\proyecto-ia\multimodal-emocion\data\audio\raw\mesd_es\Anger_F_A_antes.wav,anger,mesd_es,mesd_F_A,all,Anger_F_A_antes,,
C:\Users\Rafa\Downloads\proyecto-ia-20260212T103152Z-3-001\proyecto-ia\multimodal-emocion\data\audio\raw\mesd_es\Anger_F_A_arriba.wav,anger,mesd_es,mesd_F_A,all,Anger_F_A_arriba,,
C:\Users\Rafa\Downloads\proyecto-ia-20260212T103152Z-3-001\proyecto-ia\multimodal-emocion\data\audio\raw\mesd_es\Anger_F_A_ayer.wav,anger,mesd_es,mesd_F_A,all,Anger_F_A_ayer,,
C:\Users\Rafa\Downloads\proyecto-ia-20260212T103152Z-3-001\proyecto-ia\multimodal-emocion\data\audio\raw\mesd_es\Anger_F_A_basta_ya.wav,anger,mesd_es,mesd_F_A,all,Anger_F_A_basta_ya,,
C:\Users\Rafa\Downloads\proyecto-ia-20260212T103152Z-3-001\proyecto-ia\multimodal-emocion\data\audio\raw\mesd_es\Anger_F_A_de_nada.wav,anger,mesd_es,mesd_F_A,all,Anger_F_A_de_nada,,
C:\Users\Rafa\Downloads\proyecto-ia-20260212T103152Z-3-001\proyecto-ia\multimodal-emocion\data\audio\raw\mesd_es\Anger_F_A_delante.wav,anger,mesd_es,mesd_F_A,all,Anger_F_A_delante,,
C:\Users\Rafa\Downloads\proyecto-ia-20260212T103152Z-3-001\proyecto-ia\multimodal-emocion\data\audio\raw\mesd_es\Anger_F_A_dentro.wav,anger,mesd_es,mesd_F_A,all,Anger_F_A_dentro,,
C:\Users\Rafa\Downloads\proyecto-ia-20260212T103152Z-3-001\proyecto-ia\multimodal-emocion\data\audio\raw\mesd_es\Anger_F_A_derecha.wav,anger,mesd_es,mesd_F_A,all,Anger_F_A_derecha,,
C:\Users\Rafa\Downloads\proyecto-ia-20260212T103152Z-3-001\proyecto-ia\multimodal-emocion\data\audio\raw\mesd_es\Anger_F_A_detras.wav,anger,mesd_es,mesd_F_A,all,Anger_F_A_detras,,
C:\Users\Rafa\Downloads\proyecto-ia-20260212T103152Z-3-001\proyecto-ia\multimodal-emocion\data\audio\raw\mesd_es\Anger_F_A_fuera.wav,anger,mesd_es,mesd_F_A,all,Anger_F_A_fuera,,
C:\Users\Rafa\Downloads\proyecto-ia-20260212T103152Z-3-001\proyecto-ia\multimodal-emocion\data\audio\raw\mesd_es\Anger_F_A_gracias.wav,anger,mesd_es,mesd_F_A,all,Anger_F_A_gracias,,
C:\Users\Rafa\Downloads\proyecto-ia-20260212T103152Z-3-001\proyecto-ia\multimodal-emocion\data\audio\raw\mesd_es\Anger_F_A_hola.wav,anger,mesd_es,mesd_F_A,all,Anger_F_A_hola,,
C:\Users\Rafa\Downloads\proyecto-ia-20260212T103152Z-3-001\proyecto-ia\multimodal-emocion\data\audio\raw\mesd_es\Anger_F_A_hoy.wav,anger,mesd_es,mesd_F_A,all,Anger_F_A_hoy,,
C:\Users\Rafa\Downloads\proyecto-ia-20260212T103152Z-3-001\proyecto-ia\multimodal-emocion\data\audio\raw\mesd_es\Anger_F_A_izquierda.wav,anger,mesd_es,mesd_F_A,all,Anger_F_A_izquierda,,
C:\Users\Rafa\Downloads\proyecto-ia-20260212T103152Z-3-001\proyecto-ia\multimodal-emocion\data\audio\raw\mesd_es\Anger_F_A_lento.wav,anger,mesd_es,mesd_F_A,all,Anger_F_A_lento,,
C:\Users\Rafa\Downloads\proyecto-ia-20260212T103152Z-3-001\proyecto-ia\multimodal-emocion\data\audio\raw\mesd_es\Anger_F_A_no.wav,anger,mesd_es,mesd_F_A,all,Anger_F_A_no,,
C:\Users\Rafa\Downloads\proyecto-ia-20260212T103152Z-3-001\proyecto-ia\multimodal-emocion\data\audio\raw\mesd_es\Anger_F_A_nunca.wav,anger,mesd_es,mesd_F_A,all,Anger_F_A_nunca,,
C:\Users\Rafa\Downloads\proyecto-ia-20260212T103152Z-3-001\proyecto-ia\multimodal-emocion\data\audio\raw\mesd_es\Anger_F_A_por_favor.wav,anger,mesd_es,mesd_F_A,all,Anger_F_A_por_favor,,
C:\Users\Rafa\Downloads\proyecto-ia-20260212T103152Z-3-001\proyecto-ia\multimodal-emocion\data\audio\raw\mesd_es\Anger_F_A_pronto.wav,anger,mesd_es,mesd_F_A,all,Anger_F_A_pronto,,
C:\Users\Rafa\Downloads\proyecto-ia-20260212T103152Z-3-001\proyecto-ia\multimodal-emocion\data\audio\raw\mesd_es\Anger_F_A_rapido.wav,anger,mesd_es,mesd_F_A,all,Anger_F_A_rapido,,
C:\Users\Rafa\Downloads\proyecto-ia-20260212T103152Z-3-001\proyecto-ia\multimodal-emocion\data\audio\raw\mesd_es\Anger_F_A_si.wav,anger,mesd_es,mesd_F_A,all,Anger_F_A_si,,
C:\Users\Rafa\Downloads\proyecto-ia-20260212T103152Z-3-001\proyecto-ia\multimodal-emocion\data\audio\raw\mesd_es\Anger_F_A_tarde.wav,anger,mesd_es,mesd_F_A,all,Anger_F_A_tarde,,
C:\Users\Rafa\Downloads\proyecto-ia-20260212T103152Z-3-001\proyecto-ia\multimodal-emocion\data\audio\raw\mesd_es\Anger_F_B_abuso.wav,anger,mesd_es,mesd_F_B,all,Anger_F_B_abuso,,
C:\Users\Rafa\Downloads\proyecto-ia-20260212T103152Z-3-001\proyecto-ia\multimodal-emocion\data\audio\raw\mesd_es\Anger_F_B_amenazado.wav,anger,mesd_es,mesd_F_B,all,Anger_F_B_amenazado,,
C:\Users\Rafa\Downloads\proyecto-ia-20260212T103152Z-3-001\proyecto-ia\multimodal-emocion\data\audio\raw\mesd_es\Anger_F_B_amenazador.wav,anger,mesd_es,mesd_F_B,all,Anger_F_B_amenazador,,
C:\Users\Rafa\Downloads\proyecto-ia-20260212T103152Z-3-001\proyecto-ia\multimodal-emocion\data\audio\raw\mesd_es\Anger_F_B_ataque.wav,anger,mesd_es,mesd_F_B,all,Anger_F_B_ataque,,
C:\Users\Rafa\Downloads\proyecto-ia-20260212T103152Z-3-001\proyecto-ia\multimodal-emocion\data\audio\raw\mesd_es\Anger_F_B_atasco.wav,anger,mesd_es,mesd_F_B,all,Anger_F_B_atasco,,
C:\Users\Rafa\Downloads\proyecto-ia-20260212T103152Z-3-001\proyecto-ia\multimodal-emocion\data\audio\raw\mesd_es\Anger_F_B_ceguera.wav,anger,mesd_es,mesd_F_B,all,Anger_F_B_ceguera,,
C:\Users\Rafa\Downloads\proyecto-ia-20260212T103152Z-3-001\proyecto-ia\multimodal-emocion\data\audio\raw\mesd_es\Anger_F_B_conflicto.wav,anger,mesd_es,mesd_F_B,all,Anger_F_B_conflicto,,
C:\Users\Rafa\Downloads\proyecto-ia-20260212T103152Z-3-001\proyecto-ia\multimodal-emocion\data\audio\raw\mesd_es\Anger_F_B_delincuencia.wav,anger,mesd_es,mesd_F_B,all,Anger_F_B_delincuencia,,
C:\Users\Rafa\Downloads\proyecto-ia-20260212T103152Z-3-001\proyecto-ia\multimodal-emocion\data\audio\raw\mesd_es\Anger_F_B_enganado.wav,anger,mesd_es,mesd_F_B,all,Anger_F_B_enganado,,
C:\Users\Rafa\Downloads\proyecto-ia-20260212T103152Z-3-001\proyecto-ia\multimodal-emocion\data\audio\raw\mesd_es\Anger_F_B_estricto.wav,anger,mesd_es,mesd_F_B,all,Anger_F_B_estricto,,
C:\Users\Rafa\Downloads\proyecto-ia-20260212T103152Z-3-001\proyecto-ia\multimodal-emocion\data\audio\raw\mesd_es\Anger_F_B_explosion.wav,anger,mesd_es,mesd_F_B,all,Anger_F_B_explosion,,
C:\Users\Rafa\Downloads\proyecto-ia-20260212T103152Z-3-001\proyecto-ia\multimodal-emocion\data\audio\raw\mesd_es\Anger_F_B_explosivo.wav,anger,mesd_es,mesd_F_B,all,Anger_F_B_explosivo,,
C:\Users\Rafa\Downloads\proyecto-ia-20260212T103152Z-3-001\proyecto-ia\multimodal-emocion\data\audio\raw\mesd_es\Anger_F_B_furia.wav,anger,mesd_es,mesd_F_B,all,Anger_F_B_furia,,
C:\Users\Rafa\Downloads\proyecto-ia-20260212T103152Z-3-001\proyecto-ia\multimodal-emocion\data\audio\raw\mesd_es\Anger_F_B_huracan.wav,anger,mesd_es,mesd_F_B,all,Anger_F_B_huracan,,
C:\Users\Rafa\Downloads\proyecto-ia-20260212T103152Z-3-001\proyecto-ia\multimodal-emocion\data\audio\raw\mesd_es\Anger_F_B_injusticia.wav,anger,mesd_es,mesd_F_B,all,Anger_F_B_injusticia,,
C:\Users\Rafa\Downloads\proyecto-ia-20260212T103152Z-3-001\proyecto-ia\multimodal-emocion\data\audio\raw\mesd_es\Anger_F_B_insultado.wav,anger,mesd_es,mesd_F_B,all,Anger_F_B_insultado,,
C:\Users\Rafa\Downloads\proyecto-ia-20260212T103152Z-3-001\proyecto-ia\multimodal-emocion\data\audio\raw\mesd_es\Anger_F_B_ira.wav,anger,mesd_es,mesd_F_B,all,Anger_F_B_ira,,
C:\Users\Rafa\Downloads\proyecto-ia-20260212T103152Z-3-001\proyecto-ia\multimodal-emocion\data\audio\raw\mesd_es\Anger_F_B_irrespetuoso.wav,anger,mesd_es,mesd_F_B,all,Anger_F_B_irrespetuoso,,
C:\Users\Rafa\Downloads\proyecto-ia-20260212T103152Z-3-001\proyecto-ia\multimodal-emocion\data\audio\raw\mesd_es\Anger_F_B_monstruoso.wav,anger,mesd_es,mesd_F_B,all,Anger_F_B_monstruoso,,
C:\Users\Rafa\Downloads\proyecto-ia-20260212T103152Z-3-001\proyecto-ia\multimodal-emocion\data\audio\raw\mesd_es\Anger_F_B_odioso.wav,anger,mesd_es,mesd_F_B,all,Anger_F_B_odioso,,
C:\Users\Rafa\Downloads\proyecto-ia-20260212T103152Z-3-001\proyecto-ia\multimodal-emocion\data\audio\raw\mesd_es\Anger_F_B_ofensa.wav,anger,mesd_es,mesd_F_B,all,Anger_F_B_ofensa,,
C:\Users\Rafa\Downloads\proyecto-ia-20260212T103152Z-3-001\proyecto-ia\multimodal-emocion\data\audio\raw\mesd_es\Anger_F_B_pesadilla.wav,anger,mesd_es,mesd_F_B,all,Anger_F_B_pesadilla,,
C:\Users\Rafa\Downloads\proyecto-ia-20260212T103152Z-3-001\proyecto-ia\multimodal-emocion\data\audio\raw\mesd_es\Anger_F_B_relajacion.wav,anger,mesd_es,mesd_F_B,all,Anger_F_B_relajacion,,
C:\Users\Rafa\Downloads\proyecto-ia-20260212T103152Z-3-001\proyecto-ia\multimodal-emocion\data\audio\raw\mesd_es\Anger_F_B_torturado.wav,anger,mesd_es,mesd_F_B,all,Anger_F_B_torturado,,
C:\Users\Rafa\Downloads\proyecto-ia-20260212T103152Z-3-001\proyecto-ia\multimodal-emocion\data\audio\raw\mesd_es\Anger_M_A_abajo.wav,anger,mesd_es,mesd_M_A,all,Anger_M_A_abajo,,
C:\Users\Rafa\Downloads\proyecto-ia-20260212T103152Z-3-001\proyecto-ia\multimodal-emocion\data\audio\raw\mesd_es\Anger_M_A_adios.wav,anger,mesd_es,mesd_M_A,all,Anger_M_A_adios,,
C:\Users\Rafa\Downloads\proyecto-ia-20260212T103152Z-3-001\proyecto-ia\multimodal-emocion\data\audio\raw\mesd_es\Anger_M_A_antes.wav,anger,mesd_es,mesd_M_A,all,Anger_M_A_antes,,
C:\Users\Rafa\Downloads\proyecto-ia-20260212T103152Z-3-001\proyecto-ia\multimodal-emocion\data\audio\raw\mesd_es\Anger_M_A_arriba.wav,anger,mesd_es,mesd_M_A,all,Anger_M_A_arriba,,
C:\Users\Rafa\Downloads\proyecto-ia-20260212T103152Z-3-001\proyecto-ia\multimodal-emocion\data\audio\raw\mesd_es\Anger_M_A_ayer.wav,anger,mesd_es,mesd_M_A,all,Anger_M_A_ayer,,
C:\Users\Rafa\Downloads\proyecto-ia-20260212T103152Z-3-001\proyecto-ia\multimodal-emocion\data\audio\raw\mesd_es\Anger_M_A_basta_ya.wav,anger,mesd_es,mesd_M_A,all,Anger_M_A_basta_ya,,
C:\Users\Rafa\Downloads\proyecto-ia-20260212T103152Z-3-001\proyecto-ia\multimodal-emocion\data\audio\raw\mesd_es\Anger_M_A_de_nada.wav,anger,mesd_es,mesd_M_A,all,Anger_M_A_de_nada,,
C:\Users\Rafa\Downloads\proyecto-ia-20260212T103152Z-3-001\proyecto-ia\multimodal-emocion\data\audio\raw\mesd_es\Anger_M_A_delante.wav,anger,mesd_es,mesd_M_A,all,Anger_M_A_delante,,
C:\Users\Rafa\Downloads\proyecto-ia-20260212T103152Z-3-001\proyecto-ia\multimodal-emocion\data\audio\raw\mesd_es\Anger_M_A_dentro.wav,anger,mesd_es,mesd_M_A,all,Anger_M_A_dentro,,
C:\Users\Rafa\Downloads\proyecto-ia-20260212T103152Z-3-001\proyecto-ia\multimodal-emocion\data\audio\raw\mesd_es\Anger_M_A_derecha.wav,anger,mesd_es,mesd_M_A,all,Anger_M_A_derecha,,
C:\Users\Rafa\Downloads\proyecto-ia-20260212T103152Z-3-001\proyecto-ia\multimodal-emocion\data\audio\raw\mesd_es\Anger_M_A_detras.wav,anger,mesd_es,mesd_M_A,all,Anger_M_A_detras,,
C:\Users\Rafa\Downloads\proyecto-ia-20260212T103152Z-3-001\proyecto-ia\multimodal-emocion\data\audio\raw\mesd_es\Anger_M_A_fuera.wav,anger,mesd_es,mesd_M_A,all,Anger_M_A_fuera,,
C:\Users\Rafa\Downloads\proyecto-ia-20260212T103152Z-3-001\proyecto-ia\multimodal-emocion\data\audio\raw\mesd_es\Anger_M_A_gracias.wav,anger,mesd_es,mesd_M_A,all,Anger_M_A_gracias,,
C:\Users\Rafa\Downloads\proyecto-ia-20260212T103152Z-3-001\proyecto-ia\multimodal-emocion\data\audio\raw\mesd_es\Anger_M_A_hola.wav,anger,mesd_es,mesd_M_A,all,Anger_M_A_hola,,
C:\Users\Rafa\Downloads\proyecto-ia-20260212T103152Z-3-001\proyecto-ia\multimodal-emocion\data\audio\raw\mesd_es\Anger_M_A_hoy.wav,anger,mesd_es,mesd_M_A,all,Anger_M_A_hoy,,
C:\Users\Rafa\Downloads\proyecto-ia-20260212T103152Z-3-001\proyecto-ia\multimodal-emocion\data\audio\raw\mesd_es\Anger_M_A_izquierda.wav,anger,mesd_es,mesd_M_A,all,Anger_M_A_izquierda,,
C:\Users\Rafa\Downloads\proyecto-ia-20260212T103152Z-3-001\proyecto-ia\multimodal-emocion\data\audio\raw\mesd_es\Anger_M_A_lento.wav,anger,mesd_es,mesd_M_A,all,Anger_M_A_lento,,
C:\Users\Rafa\Downloads\proyecto-ia-20260212T103152Z-3-001\proyecto-ia\multimodal-emocion\data\audio\raw\mesd_es\Anger_M_A_no.wav,anger,mesd_es,mesd_M_A,all,Anger_M_A_no,,
C:\Users\Rafa\Downloads\proyecto-ia-20260212T103152Z-3-001\proyecto-ia\multimodal-emocion\data\audio\raw\mesd_es\Anger_M_A_nunca.wav,anger,mesd_es,mesd_M_A,all,Anger_M_A_nunca,,
C:\Users\Rafa\Downloads\proyecto-ia-20260212T103152Z-3-001\proyecto-ia\multimodal-emocion\data\audio\raw\mesd_es\Anger_M_A_por_favor.wav,anger,mesd_es,mesd_M_A,all,Anger_M_A_por_favor,,
C:\Users\Rafa\Downloads\proyecto-ia-20260212T103152Z-3-001\proyecto-ia\multimodal-emocion\data\audio\raw\mesd_es\Anger_M_A_pronto.wav,anger,mesd_es,mesd_M_A,all,Anger_M_A_pronto,,
C:\Users\Rafa\Downloads\proyecto-ia-20260212T103152Z-3-001\proyecto-ia\multimodal-emocion\data\audio\raw\mesd_es\Anger_M_A_rapido.wav,anger,mesd_es,mesd_M_A,all,Anger_M_A_rapido,,
C:\Users\Rafa\Downloads\proyecto-ia-20260212T103152Z-3-001\proyecto-ia\multimodal-emocion\data\audio\raw\mesd_es\Anger_M_A_si.wav,anger,mesd_es,mesd_M_A,all,Anger_M_A_si,,
C:\Users\Rafa\Downloads\proyecto-ia-20260212T103152Z-3-001\proyecto-ia\multimodal-emocion\data\audio\raw\mesd_es\Anger_M_A_tarde.wav,anger,mesd_es,mesd_M_A,all,Anger_M_A_tarde,,
C:\Users\Rafa\Downloads\proyecto-ia-20260212T103152Z-3-001\proyecto-ia\multimodal-emocion\data\audio\raw\mesd_es\Anger_M_B_abandono.wav,anger,mesd_es,mesd_M_B,all,Anger_M_B_abandono,,
C:\Users\Rafa\Downloads\proyecto-ia-20260212T103152Z-3-001\proyecto-ia\multimodal-emocion\data\audio\raw\mesd_es\Anger_M_B_aguijon.wav,anger,mesd_es,mesd_M_B,all,Anger_M_B_aguijon,,
C:\Users\Rafa\Downloads\proyecto-ia-20260212T103152Z-3-001\proyecto-ia\multimodal-emocion\data\audio\raw\mesd_es\Anger_M_B_amenazado.wav,anger,mesd_es,mesd_M_B,all,Anger_M_B_amenazado,,
C:\Users\Rafa\Downloads\proyecto-ia-20260212T103152Z-3-001\proyecto-ia\multimodal-emocion\data\audio\raw\mesd_es\Anger_M_B_amenazador.wav,anger,mesd_es,mesd_M_B,all,Anger_M_B_amenazador,,
C:\Users\Rafa\Downloads\proyecto-ia-20260212T103152Z-3-001\proyecto-ia\multimodal-emocion\data\audio\raw\mesd_es\Anger_M_B_ansiedad.wav,anger,mesd_es,mesd_M_B,all,Anger_M_B_ansiedad,,
C:\Users\Rafa\Downloads\proyecto-ia-20260212T103152Z-3-001\proyecto-ia\multimodal-emocion\data\audio\raw\mesd_es\Anger_M_B_ataque.wav,anger,mesd_es,mesd_M_B,all,Anger_M_B_ataque,,
C:\Users\Rafa\Downloads\proyecto-ia-20260212T103152Z-3-001\proyecto-ia\multimodal-emocion\data\audio\raw\mesd_es\Anger_M_B_atasco.wav,anger,mesd_es,mesd_M_B,all,Anger_M_B_atasco,,
C:\Users\Rafa\Downloads\proyecto-ia-20260212T103152Z-3-001\proyecto-ia\multimodal-emocion\data\audio\raw\mesd_es\Anger_M_B_conflicto.wav,anger,mesd_es,mesd_M_B,all,Anger_M_B_conflicto,,
C:\Users\Rafa\Downloads\proyecto-ia-20260212T103152Z-3-001\proyecto-ia\multimodal-emocion\data\audio\raw\mesd_es\Anger_M_B_danza.wav,anger,mesd_es,mesd_M_B,all,Anger_M_B_danza,,
C:\Users\Rafa\Downloads\proyecto-ia-20260212T103152Z-3-001\proyecto-ia\multimodal-emocion\data\audio\raw\mesd_es\Anger_M_B_delincuencia.wav,anger,mesd_es,mesd_M_B,all,Anger_M_B_delincuencia,,
C:\Users\Rafa\Downloads\proyecto-ia-20260212T103152Z-3-001\proyecto-ia\multimodal-emocion\data\audio\raw\mesd_es\Anger_M_B_desorden.wav,anger,mesd_es,mesd_M_B,all,Anger_M_B_desorden,,
C:\Users\Rafa\Downloads\proyecto-ia-20260212T103152Z-3-001\proyecto-ia\multimodal-emocion\data\audio\raw\mesd_es\Anger_M_B_dificultad.wav,anger,mesd_es,mesd_M_B,all,Anger_M_B_dificultad,,
C:\Users\Rafa\Downloads\proyecto-ia-20260212T103152Z-3-001\proyecto-ia\multimodal-emocion\data\audio\raw\mesd_es\Anger_M_B_disputa.wav,anger,mesd_es,mesd_M_B,all,Anger_M_B_disputa,,
C:\Users\Rafa\Downloads\proyecto-ia-20260212T103152Z-3-001\proyecto-ia\multimodal-emocion\data\audio\raw\mesd_es\Anger_M_B_encadenado.wav,anger,mesd_es,mesd_M_B,all,Anger_M_B_encadenado,,
C:\Users\Rafa\Downloads\proyecto-ia-20260212T103152Z-3-001\proyecto-ia\multimodal-emocion\data\audio\raw\mesd_es\Anger_M_B_enojo.wav,anger,mesd_es,mesd_M_B,all,Anger_M_B_enojo,,
C:\Users\Rafa\Downloads\proyecto-ia-20260212T103152Z-3-001\proyecto-ia\multimodal-emocion\data\audio\raw\mesd_es\Anger_M_B_estafa.wav,anger,mesd_es,mesd_M_B,all,Anger_M_B_estafa,,
C:\Users\Rafa\Downloads\proyecto-ia-20260212T103152Z-3-001\proyecto-ia\multimodal-emocion\data\audio\raw\mesd_es\Anger_M_B_farsa.wav,anger,mesd_es,mesd_M_B,all,Anger_M_B_farsa,,
C:\Users\Rafa\Downloads\proyecto-ia-20260212T103152Z-3-001\proyecto-ia\multimodal-emocion\data\audio\raw\mesd_es\Anger_M_B_furia.wav,anger,mesd_es,mesd_M_B,all,Anger_M_B_furia,,
C:\Users\Rafa\Downloads\proyecto-ia-20260212T103152Z-3-001\proyecto-ia\multimodal-emocion\data\audio\raw\mesd_es\Anger_M_B_hambre.wav,anger,mesd_es,mesd_M_B,all,Anger_M_B_hambre,,
C:\Users\Rafa\Downloads\proyecto-ia-20260212T103152Z-3-001\proyecto-ia\multimodal-emocion\data\audio\raw\mesd_es\Anger_M_B_huracan.wav,anger,mesd_es,mesd_M_B,all,Anger_M_B_huracan,,
C:\Users\Rafa\Downloads\proyecto-ia-20260212T103152Z-3-001\proyecto-ia\multimodal-emocion\data\audio\raw\mesd_es\Anger_M_B_impaciencia.wav,anger,mesd_es,mesd_M_B,all,Anger_M_B_impaciencia,,
C:\Users\Rafa\Downloads\proyecto-ia-20260212T103152Z-3-001\proyecto-ia\multimodal-emocion\data\audio\raw\mesd_es\Anger_M_B_injusticia.wav,anger,mesd_es,mesd_M_B,all,Anger_M_B_injusticia,,
C:\Users\Rafa\Downloads\proyecto-ia-20260212T103152Z-3-001\proyecto-ia\multimodal-emocion\data\audio\raw\mesd_es\Anger_M_B_ira.wav,anger,mesd_es,mesd_M_B,all,Anger_M_B_ira,,
C:\Users\Rafa\Downloads\proyecto-ia-20260212T103152Z-3-001\proyecto-ia\multimodal-emocion\data\audio\raw\mesd_es\Anger_M_B_malevolo.wav,anger,mesd_es,mesd_M_B,all,Anger_M_B_malevolo,,
C:\Users\Rafa\Downloads\proyecto-ia-20260212T103152Z-3-001\proyecto-ia\multimodal-emocion\data\audio\raw\mesd_es\Disgust_C_A_abajo.wav,disgust,mesd_es,mesd_C_A,all,Disgust_C_A_abajo,,
C:\Users\Rafa\Downloads\proyecto-ia-20260212T103152Z-3-001\proyecto-ia\multimodal-emocion\data\audio\raw\mesd_es\Disgust_C_A_adios.wav,disgust,mesd_es,mesd_C_A,all,Disgust_C_A_adios,,
C:\Users\Rafa\Downloads\proyecto-ia-20260212T103152Z-3-001\proyecto-ia\multimodal-emocion\data\audio\raw\mesd_es\Disgust_C_A_antes.wav,disgust,mesd_es,mesd_C_A,all,Disgust_C_A_antes,,
C:\Users\Rafa\Downloads\proyecto-ia-20260212T103152Z-3-001\proyecto-ia\multimodal-emocion\data\audio\raw\mesd_es\Disgust_C_A_arriba.wav,disgust,mesd_es,mesd_C_A,all,Disgust_C_A_arriba,,
C:\Users\Rafa\Downloads\proyecto-ia-20260212T103152Z-3-001\proyecto-ia\multimodal-emocion\data\audio\raw\mesd_es\Disgust_C_A_ayer.wav,disgust,mesd_es,mesd_C_A,all,Disgust_C_A_ayer,,
C:\Users\Rafa\Downloads\proyecto-ia-20260212T103152Z-3-001\proyecto-ia\multimodal-emocion\data\audio\raw\mesd_es\Disgust_C_A_basta_ya.wav,disgust,mesd_es,mesd_C_A,all,Disgust_C_A_basta_ya,,
C:\Users\Rafa\Downloads\proyecto-ia-20260212T103152Z-3-001\proyecto-ia\multimodal-emocion\data\audio\raw\mesd_es\Disgust_C_A_de_nada.wav,disgust,mesd_es,mesd_C_A,all,Disgust_C_A_de_nada,,
C:\Users\Rafa\Downloads\proyecto-ia-20260212T103152Z-3-001\proyecto-ia\multimodal-emocion\data\audio\raw\mesd_es\Disgust_C_A_delante.wav,disgust,mesd_es,mesd_C_A,all,Disgust_C_A_delante,,
C:\Users\Rafa\Downloads\proyecto-ia-20260212T103152Z-3-001\proyecto-ia\multimodal-emocion\data\audio\raw\mesd_es\Disgust_C_A_dentro.wav,disgust,mesd_es,mesd_C_A,all,Disgust_C_A_dentro,,
C:\Users\Rafa\Downloads\proyecto-ia-20260212T103152Z-3-001\proyecto-ia\multimodal-emocion\data\audio\raw\mesd_es\Disgust_C_A_derecha.wav,disgust,mesd_es,mesd_C_A,all,Disgust_C_A_derecha,,
C:\Users\Rafa\Downloads\proyecto-ia-20260212T103152Z-3-001\proyecto-ia\multimodal-emocion\data\audio\raw\mesd_es\Disgust_C_A_detras.wav,disgust,mesd_es,mesd_C_A,all,Disgust_C_A_detras,,
C:\Users\Rafa\Downloads\proyecto-ia-20260212T103152Z-3-001\proyecto-ia\multimodal-emocion\data\audio\raw\mesd_es\Disgust_C_A_fuera.wav,disgust,mesd_es,mesd_C_A,all,Disgust_C_A_fuera,,
C:\Users\Rafa\Downloads\proyecto-ia-20260212T103152Z-3-001\proyecto-ia\multimodal-emocion\data\audio\raw\mesd_es\Disgust_C_A_gracias.wav,disgust,mesd_es,mesd_C_A,all,Disgust_C_A_gracias,,
C:\Users\Rafa\Downloads\proyecto-ia-20260212T103152Z-3-001\proyecto-ia\multimodal-emocion\data\audio\raw\mesd_es\Disgust_C_A_hola.wav,disgust,mesd_es,mesd_C_A,all,Disgust_C_A_hola,,
C:\Users\Rafa\Downloads\proyecto-ia-20260212T103152Z-3-001\proyecto-ia\multimodal-emocion\data\audio\raw\mesd_es\Disgust_C_A_hoy.wav,disgust,mesd_es,mesd_C_A,all,Disgust_C_A_hoy,,
C:\Users\Rafa\Downloads\proyecto-ia-20260212T103152Z-3-001\proyecto-ia\multimodal-emocion\data\audio\raw\mesd_es\Disgust_C_A_izquierda.wav,disgust,mesd_es,mesd_C_A,all,Disgust_C_A_izquierda,,
C:\Users\Rafa\Downloads\proyecto-ia-20260212T103152Z-3-001\proyecto-ia\multimodal-emocion\data\audio\raw\mesd_es\Disgust_C_A_lento.wav,disgust,mesd_es,mesd_C_A,all,Disgust_C_A_lento,,
C:\Users\Rafa\Downloads\proyecto-ia-20260212T103152Z-3-001\proyecto-ia\multimodal-emocion\data\audio\raw\mesd_es\Disgust_C_A_no.wav,disgust,mesd_es,mesd_C_A,all,Disgust_C_A_no,,
C:\Users\Rafa\Downloads\proyecto-ia-20260212T103152Z-3-001\proyecto-ia\multimodal-emocion\data\audio\raw\mesd_es\Disgust_C_A_nunca.wav,disgust,mesd_es,mesd_C_A,all,Disgust_C_A_nunca,,
C:\Users\Rafa\Downloads\proyecto-ia-20260212T103152Z-3-001\proyecto-ia\multimodal-emocion\data\audio\raw\mesd_es\Disgust_C_A_por_favor.wav,disgust,mesd_es,mesd_C_A,all,Disgust_C_A_por_favor,,
C:\Users\Rafa\Downloads\proyecto-ia-20260212T103152Z-3-001\proyecto-ia\multimodal-emocion\data\audio\raw\mesd_es\Disgust_C_A_pronto.wav,disgust,mesd_es,mesd_C_A,all,Disgust_C_A_pronto,,
C:\Users\Rafa\Downloads\proyecto-ia-20260212T103152Z-3-001\proyecto-ia\multimodal-emocion\data\audio\raw\mesd_es\Disgust_C_A_rapido.wav,disgust,mesd_es,mesd_C_A,all,Disgust_C_A_rapido,,
C:\Users\Rafa\Downloads\proyecto-ia-20260212T103152Z-3-001\proyecto-ia\multimodal-emocion\data\audio\raw\mesd_es\Disgust_C_A_si.wav,disgust,mesd_es,mesd_C_A,all,Disgust_C_A_si,,
C:\Users\Rafa\Downloads\proyecto-ia-20260212T103152Z-3-001\proyecto-ia\multimodal-emocion\data\audio\raw\mesd_es\Disgust_C_A_tarde.wav,disgust,mesd_es,mesd_C_A,all,Disgust_C_A_tarde,,
C:\Users\Rafa\Downloads\proyecto-ia-20260212T103152Z-3-001\proyecto-ia\multimodal-emocion\data\audio\raw\mesd_es\Disgust_C_B_abandono.wav,disgust,mesd_es,mesd_C_B,all,Disgust_C_B_abandono,,
C:\Users\Rafa\Downloads\proyecto-ia-20260212T103152Z-3-001\proyecto-ia\multimodal-emocion\data\audio\raw\mesd_es\Disgust_C_B_abuso.wav,disgust,mesd_es,mesd_C_B,all,Disgust_C_B_abuso,,
C:\Users\Rafa\Downloads\proyecto-ia-20260212T103152Z-3-001\proyecto-ia\multimodal-emocion\data\audio\raw\mesd_es\Disgust_C_B_aguijon.wav,disgust,mesd_es,mesd_C_B,all,Disgust_C_B_aguijon,,
C:\Users\Rafa\Downloads\proyecto-ia-20260212T103152Z-3-001\proyecto-ia\multimodal-emocion\data\audio\raw\mesd_es\Disgust_C_B_amenazador.wav,disgust,mesd_es,mesd_C_B,all,Disgust_C_B_amenazador,,
C:\Users\Rafa\Downloads\proyecto-ia-20260212T103152Z-3-001\proyecto-ia\multimodal-emocion\data\audio\raw\mesd_es\Disgust_C_B_arana.wav,disgust,mesd_es,mesd_C_B,all,Disgust_C_B_arana,,
C:\Users\Rafa\Downloads\proyecto-ia-20260212T103152Z-3-001\proyecto-ia\multimodal-emocion\data\audio\raw\mesd_es\Disgust_C_B_atasco.wav,disgust,mesd_es,mesd_C_B,all,Disgust_C_B_atasco,,
C:\Users\Rafa\Downloads\proyecto-ia-20260212T103152Z-3-001\proyecto-ia\multimodal-emocion\data\audio\raw\mesd_es\Disgust_C_B_crisis.wav,disgust,mesd_es,mesd_C_B,all,Disgust_C_B_crisis,,
C:\Users\Rafa\Downloads\proyecto-ia-20260212T103152Z-3-001\proyecto-ia\multimodal-emocion\data\audio\raw\mesd_es\Disgust_C_B_cucaracha.wav,disgust,mesd_es,mesd_C_B,all,Disgust_C_B_cucaracha,,
C:\Users\Rafa\Downloads\proyecto-ia-20260212T103152Z-3-001\proyecto-ia\multimodal-emocion\data\audio\raw\mesd_es\Disgust_C_B_delincuencia.wav,disgust,mesd_es,mesd_C_B,all,Disgust_C_B_delincuencia,,
C:\Users\Rafa\Downloads\proyecto-ia-20260212T103152Z-3-001\proyecto-ia\multimodal-emocion\data\audio\raw\mesd_es\Disgust_C_B_estafa.wav,disgust,mesd_es,mesd_C_B,all,Disgust_C_B_estafa,,
C:\Users\Rafa\Downloads\proyecto-ia-20260212T103152Z-3-001\proyecto-ia\multimodal-emocion\data\audio\raw\mesd_es\Disgust_C_B_furia.wav,disgust,mesd_es,mesd_C_B,all,Disgust_C_B_furia,,
C:\Users\Rafa\Downloads\proyecto-ia-20260212T103152Z-3-001\proyecto-ia\multimodal-emocion\data\audio\raw\mesd_es\Disgust_C_B_humillacion.wav,disgust,mesd_es,mesd_C_B,all,Disgust_C_B_humillacion,,
C:\Users\Rafa\Downloads\proyecto-ia-20260212T103152Z-3-001\proyecto-ia\multimodal-emocion\data\audio\raw\mesd_es\Disgust_C_B_injusticia.wav,disgust,mesd_es,mesd_C_B,all,Disgust_C_B_injusticia,,
C:\Users\Rafa\Downloads\proyecto-ia-20260212T103152Z-3-001\proyecto-ia\multimodal-emocion\data\audio\raw\mesd_es\Disgust_C_B_insultado.wav,disgust,mesd_es,mesd_C_B,all,Disgust_C_B_insultado,,
C:\Users\Rafa\Downloads\proyecto-ia-20260212T103152Z-3-001\proyecto-ia\multimodal-emocion\data\audio\raw\mesd_es\Disgust_C_B_irrespetuoso.wav,disgust,mesd_es,mesd_C_B,all,Disgust_C_B_irrespetuoso,,
C:\Users\Rafa\Downloads\proyecto-ia-20260212T103152Z-3-001\proyecto-ia\multimodal-emocion\data\audio\raw\mesd_es\Disgust_C_B_monstruo.wav,disgust,mesd_es,mesd_C_B,all,Disgust_C_B_monstruo,,
C:\Users\Rafa\Downloads\proyecto-ia-20260212T103152Z-3-001\proyecto-ia\multimodal-emocion\data\audio\raw\mesd_es\Disgust_C_B_monstruoso.wav,disgust,mesd_es,mesd_C_B,all,Disgust_C_B_monstruoso,,
C:\Users\Rafa\Downloads\proyecto-ia-20260212T103152Z-3-001\proyecto-ia\multimodal-emocion\data\audio\raw\mesd_es\Disgust_C_B_mutilado.wav,disgust,mesd_es,mesd_C_B,all,Disgust_C_B_mutilado,,
C:\Users\Rafa\Downloads\proyecto-ia-20260212T103152Z-3-001\proyecto-ia\multimodal-emocion\data\audio\raw\mesd_es\Disgust_C_B_nausea.wav,disgust,mesd_es,mesd_C_B,all,Disgust_C_B_nausea,,
C:\Users\Rafa\Downloads\proyecto-ia-20260212T103152Z-3-001\proyecto-ia\multimodal-emocion\data\audio\raw\mesd_es\Disgust_C_B_odioso.wav,disgust,mesd_es,mesd_C_B,all,Disgust_C_B_odioso,,
C:\Users\Rafa\Downloads\proyecto-ia-20260212T103152Z-3-001\proyecto-ia\multimodal-emocion\data\audio\raw\mesd_es\Disgust_C_B_punalada.wav,disgust,mesd_es,mesd_C_B,all,Disgust_C_B_punalada,,
C:\Users\Rafa\Downloads\proyecto-ia-20260212T103152Z-3-001\proyecto-ia\multimodal-emocion\data\audio\raw\mesd_es\Disgust_C_B_repulsivo.wav,disgust,mesd_es,mesd_C_B,all,Disgust_C_B_repulsivo,,
C:\Users\Rafa\Downloads\proyecto-ia-20260212T103152Z-3-001\proyecto-ia\multimodal-emocion\data\audio\raw\mesd_es\Disgust_C_B_robo.wav,disgust,mesd_es,mesd_C_B,all,Disgust_C_B_robo,,
C:\Users\Rafa\Downloads\proyecto-ia-20260212T103152Z-3-001\proyecto-ia\multimodal-emocion\data\audio\raw\mesd_es\Disgust_C_B_suspenso.wav,disgust,mesd_es,mesd_C_B,all,Disgust_C_B_suspenso,,
C:\Users\Rafa\Downloads\proyecto-ia-20260212T103152Z-3-001\proyecto-ia\multimodal-emocion\data\audio\raw\mesd_es\Disgust_F_A_abajo.wav,disgust,mesd_es,mesd_F_A,all,Disgust_F_A_abajo,,
C:\Users\Rafa\Downloads\proyecto-ia-20260212T103152Z-3-001\proyecto-ia\multimodal-emocion\data\audio\raw\mesd_es\Disgust_F_A_adios.wav,disgust,mesd_es,mesd_F_A,all,Disgust_F_A_adios,,
C:\Users\Rafa\Downloads\proyecto-ia-20260212T103152Z-3-001\proyecto-ia\multimodal-emocion\data\audio\raw\mesd_es\Disgust_F_A_antes.wav,disgust,mesd_es,mesd_F_A,all,Disgust_F_A_antes,,
C:\Users\Rafa\Downloads\proyecto-ia-20260212T103152Z-3-001\proyecto-ia\multimodal-emocion\data\audio\raw\mesd_es\Disgust_F_A_arriba.wav,disgust,mesd_es,mesd_F_A,all,Disgust_F_A_arriba,,
C:\Users\Rafa\Downloads\proyecto-ia-20260212T103152Z-3-001\proyecto-ia\multimodal-emocion\data\audio\raw\mesd_es\Disgust_F_A_ayer.wav,disgust,mesd_es,mesd_F_A,all,Disgust_F_A_ayer,,
C:\Users\Rafa\Downloads\proyecto-ia-20260212T103152Z-3-001\proyecto-ia\multimodal-emocion\data\audio\raw\mesd_es\Disgust_F_A_basta_ya.wav,disgust,mesd_es,mesd_F_A,all,Disgust_F_A_basta_ya,,
C:\Users\Rafa\Downloads\proyecto-ia-20260212T103152Z-3-001\proyecto-ia\multimodal-emocion\data\audio\raw\mesd_es\Disgust_F_A_de_nada.wav,disgust,mesd_es,mesd_F_A,all,Disgust_F_A_de_nada,,
C:\Users\Rafa\Downloads\proyecto-ia-20260212T103152Z-3-001\proyecto-ia\multimodal-emocion\data\audio\raw\mesd_es\Disgust_F_A_delante.wav,disgust,mesd_es,mesd_F_A,all,Disgust_F_A_delante,,
C:\Users\Rafa\Downloads\proyecto-ia-20260212T103152Z-3-001\proyecto-ia\multimodal-emocion\data\audio\raw\mesd_es\Disgust_F_A_dentro.wav,disgust,mesd_es,mesd_F_A,all,Disgust_F_A_dentro,,
C:\Users\Rafa\Downloads\proyecto-ia-20260212T103152Z-3-001\proyecto-ia\multimodal-emocion\data\audio\raw\mesd_es\Disgust_F_A_derecha.wav,disgust,mesd_es,mesd_F_A,all,Disgust_F_A_derecha,,
C:\Users\Rafa\Downloads\proyecto-ia-20260212T103152Z-3-001\proyecto-ia\multimodal-emocion\data\audio\raw\mesd_es\Disgust_F_A_detras.wav,disgust,mesd_es,mesd_F_A,all,Disgust_F_A_detras,,
C:\Users\Rafa\Downloads\proyecto-ia-20260212T103152Z-3-001\proyecto-ia\multimodal-emocion\data\audio\raw\mesd_es\Disgust_F_A_fuera.wav,disgust,mesd_es,mesd_F_A,all,Disgust_F_A_fuera,,
C:\Users\Rafa\Downloads\proyecto-ia-20260212T103152Z-3-001\proyecto-ia\multimodal-emocion\data\audio\raw\mesd_es\Disgust_F_A_gracias.wav,disgust,mesd_es,mesd_F_A,all,Disgust_F_A_gracias,,
C:\Users\Rafa\Downloads\proyecto-ia-20260212T103152Z-3-001\proyecto-ia\multimodal-emocion\data\audio\raw\mesd_es\Disgust_F_A_hola.wav,disgust,mesd_es,mesd_F_A,all,Disgust_F_A_hola,,
C:\Users\Rafa\Downloads\proyecto-ia-20260212T103152Z-3-001\proyecto-ia\multimodal-emocion\data\audio\raw\mesd_es\Disgust_F_A_hoy.wav,disgust,mesd_es,mesd_F_A,all,Disgust_F_A_hoy,,
C:\Users\Rafa\Downloads\proyecto-ia-20260212T103152Z-3-001\proyecto-ia\multimodal-emocion\data\audio\raw\mesd_es\Disgust_F_A_izquierda.wav,disgust,mesd_es,mesd_F_A,all,Disgust_F_A_izquierda,,
C:\Users\Rafa\Downloads\proyecto-ia-20260212T103152Z-3-001\proyecto-ia\multimodal-emocion\data\audio\raw\mesd_es\Disgust_F_A_lento.wav,disgust,mesd_es,mesd_F_A,all,Disgust_F_A_lento,,
C:\Users\Rafa\Downloads\proyecto-ia-20260212T103152Z-3-001\proyecto-ia\multimodal-emocion\data\audio\raw\mesd_es\Disgust_F_A_no.wav,disgust,mesd_es,mesd_F_A,all,Disgust_F_A_no,,
C:\Users\Rafa\Downloads\proyecto-ia-20260212T103152Z-3-001\proyecto-ia\multimodal-emocion\data\audio\raw\mesd_es\Disgust_F_A_nunca.wav,disgust,mesd_es,mesd_F_A,all,Disgust_F_A_nunca,,
C:\Users\Rafa\Downloads\proyecto-ia-20260212T103152Z-3-001\proyecto-ia\multimodal-emocion\data\audio\raw\mesd_es\Disgust_F_A_por_favor.wav,disgust,mesd_es,mesd_F_A,all,Disgust_F_A_por_favor,,
C:\Users\Rafa\Downloads\proyecto-ia-20260212T103152Z-3-001\proyecto-ia\multimodal-emocion\data\audio\raw\mesd_es\Disgust_F_A_pronto.wav,disgust,mesd_es,mesd_F_A,all,Disgust_F_A_pronto,,
C:\Users\Rafa\Downloads\proyecto-ia-20260212T103152Z-3-001\proyecto-ia\multimodal-emocion\data\audio\raw\mesd_es\Disgust_F_A_rapido.wav,disgust,mesd_es,mesd_F_A,all,Disgust_F_A_rapido,,
C:\Users\Rafa\Downloads\proyecto-ia-20260212T103152Z-3-001\proyecto-ia\multimodal-emocion\data\audio\raw\mesd_es\Disgust_F_A_si.wav,disgust,mesd_es,mesd_F_A,all,Disgust_F_A_si,,
C:\Users\Rafa\Downloads\proyecto-ia-20260212T103152Z-3-001\proyecto-ia\multimodal-emocion\data\audio\raw\mesd_es\Disgust_F_A_tarde.wav,disgust,mesd_es,mesd_F_A,all,Disgust_F_A_tarde,,
C:\Users\Rafa\Downloads\proyecto-ia-20260212T103152Z-3-001\proyecto-ia\multimodal-emocion\data\audio\raw\mesd_es\Disgust_F_B_abandono.wav,disgust,mesd_es,mesd_F_B,all,Disgust_F_B_abandono,,
C:\Users\Rafa\Downloads\proyecto-ia-20260212T103152Z-3-001\proyecto-ia\multimodal-emocion\data\audio\raw\mesd_es\Disgust_F_B_abuso.wav,disgust,mesd_es,mesd_F_B,all,Disgust_F_B_abuso,,
C:\Users\Rafa\Downloads\proyecto-ia-20260212T103152Z-3-001\proyecto-ia\multimodal-emocion\data\audio\raw\mesd_es\Disgust_F_B_amenazador.wav,disgust,mesd_es,mesd_F_B,all,Disgust_F_B_amenazador,,
C:\Users\Rafa\Downloads\proyecto-ia-20260212T103152Z-3-001\proyecto-ia\multimodal-emocion\data\audio\raw\mesd_es\Disgust_F_B_arana.wav,disgust,mesd_es,mesd_F_B,all,Disgust_F_B_arana,,
C:\Users\Rafa\Downloads\proyecto-ia-20260212T103152Z-3-001\proyecto-ia\multimodal-emocion\data\audio\raw\mesd_es\Disgust_F_B_atasco.wav,disgust,mesd_es,mesd_F_B,all,Disgust_F_B_atasco,,
C:\Users\Rafa\Downloads\proyecto-ia-20260212T103152Z-3-001\proyecto-ia\multimodal-emocion\data\audio\raw\mesd_es\Disgust_F_B_chistoso.wav,disgust,mesd_es,mesd_F_B,all,Disgust_F_B_chistoso,,
C:\Users\Rafa\Downloads\proyecto-ia-20260212T103152Z-3-001\proyecto-ia\multimodal-emocion\data\audio\raw\mesd_es\Disgust_F_B_conflicto.wav,disgust,mesd_es,mesd_F_B,all,Disgust_F_B_conflicto,,
C:\Users\Rafa\Downloads\proyecto-ia-20260212T103152Z-3-001\proyecto-ia\multimodal-emocion\data\audio\raw\mesd_es\Disgust_F_B_creido.wav,disgust,mesd_es,mesd_F_B,all,Disgust_F_B_creido,,
C:\Users\Rafa\Downloads\proyecto-ia-20260212T103152Z-3-001\proyecto-ia\multimodal-emocion\data\audio\raw\mesd_es\Disgust_F_B_cucaracha.wav,disgust,mesd_es,mesd_F_B,all,Disgust_F_B_cucaracha,,
C:\Users\Rafa\Downloads\proyecto-ia-20260212T103152Z-3-001\proyecto-ia\multimodal-emocion\data\audio\raw\mesd_es\Disgust_F_B_delincuencia.wav,disgust,mesd_es,mesd_F_B,all,Disgust_F_B_delincuencia,,
C:\Users\Rafa\Downloads\proyecto-ia-20260212T103152Z-3-001\proyecto-ia\multimodal-emocion\data\audio\raw\mesd_es\Disgust_F_B_enganado.wav,disgust,mesd_es,mesd_F_B,all,Disgust_F_B_enganado,,
C:\Users\Rafa\Downloads\proyecto-ia-20260212T103152Z-3-001\proyecto-ia\multimodal-emocion\data\audio\raw\mesd_es\Disgust_F_B_horroroso.wav,disgust,mesd_es,mesd_F_B,all,Disgust_F_B_horroroso,,
C:\Users\Rafa\Downloads\proyecto-ia-20260212T103152Z-3-001\proyecto-ia\multimodal-emocion\data\audio\raw\mesd_es\Disgust_F_B_injusticia.wav,disgust,mesd_es,mesd_F_B,all,Disgust_F_B_injusticia,,
C:\Users\Rafa\Downloads\proyecto-ia-20260212T103152Z-3-001\proyecto-ia\multimodal-emocion\data\audio\raw\mesd_es\Disgust_F_B_insultado.wav,disgust,mesd_es,mesd_F_B,all,Disgust_F_B_insultado,,
C:\Users\Rafa\Downloads\proyecto-ia-20260212T103152Z-3-001\proyecto-ia\multimodal-emocion\data\audio\raw\mesd_es\Disgust_F_B_jeringuilla.wav,disgust,mesd_es,mesd_F_B,all,Disgust_F_B_jeringuilla,,
C:\Users\Rafa\Downloads\proyecto-ia-20260212T103152Z-3-001\proyecto-ia\multimodal-emocion\data\audio\raw\mesd_es\Disgust_F_B_monstruo.wav,disgust,mesd_es,mesd_F_B,all,Disgust_F_B_monstruo,,
C:\Users\Rafa\Downloads\proyecto-ia-20260212T103152Z-3-001\proyecto-ia\multimodal-emocion\data\audio\raw\mesd_es\Disgust_F_B_monstruoso.wav,disgust,mesd_es,mesd_F_B,all,Disgust_F_B_monstruoso,,
C:\Users\Rafa\Downloads\proyecto-ia-20260212T103152Z-3-001\proyecto-ia\multimodal-emocion\data\audio\raw\mesd_es\Disgust_F_B_nausea.wav,disgust,mesd_es,mesd_F_B,all,Disgust_F_B_nausea,,
C:\Users\Rafa\Downloads\proyecto-ia-20260212T103152Z-3-001\proyecto-ia\multimodal-emocion\data\audio\raw\mesd_es\Disgust_F_B_oloroso.wav,disgust,mesd_es,mesd_F_B,all,Disgust_F_B_oloroso,,
C:\Users\Rafa\Downloads\proyecto-ia-20260212T103152Z-3-001\proyecto-ia\multimodal-emocion\data\audio\raw\mesd_es\Disgust_F_B_oruga.wav,disgust,mesd_es,mesd_F_B,all,Disgust_F_B_oruga,,
C:\Users\Rafa\Downloads\proyecto-ia-20260212T103152Z-3-001\proyecto-ia\multimodal-emocion\data\audio\raw\mesd_es\Disgust_F_B_punalada.wav,disgust,mesd_es,mesd_F_B,all,Disgust_F_B_punalada,,
C:\Users\Rafa\Downloads\proyecto-ia-20260212T103152Z-3-001\proyecto-ia\multimodal-emocion\data\audio\raw\mesd_es\Disgust_F_B_relajacion.wav,disgust,mesd_es,mesd_F_B,all,Disgust_F_B_relajacion,,
C:\Users\Rafa\Downloads\proyecto-ia-20260212T103152Z-3-001\proyecto-ia\multimodal-emocion\data\audio\raw\mesd_es\Disgust_F_B_robo.wav,disgust,mesd_es,mesd_F_B,all,Disgust_F_B_robo,,
C:\Users\Rafa\Downloads\proyecto-ia-20260212T103152Z-3-001\proyecto-ia\multimodal-emocion\data\audio\raw\mesd_es\Disgust_F_B_torturado.wav,disgust,mesd_es,mesd_F_B,all,Disgust_F_B_torturado,,
C:\Users\Rafa\Downloads\proyecto-ia-20260212T103152Z-3-001\proyecto-ia\multimodal-emocion\data\audio\raw\mesd_es\Disgust_M_A_abajo.wav,disgust,mesd_es,mesd_M_A,all,Disgust_M_A_abajo,,
C:\Users\Rafa\Downloads\proyecto-ia-20260212T103152Z-3-001\proyecto-ia\multimodal-emocion\data\audio\raw\mesd_es\Disgust_M_A_adios.wav,disgust,mesd_es,mesd_M_A,all,Disgust_M_A_adios,,
C:\Users\Rafa\Downloads\proyecto-ia-20260212T103152Z-3-001\proyecto-ia\multimodal-emocion\data\audio\raw\mesd_es\Disgust_M_A_antes.wav,disgust,mesd_es,mesd_M_A,all,Disgust_M_A_antes,,
C:\Users\Rafa\Downloads\proyecto-ia-20260212T103152Z-3-001\proyecto-ia\multimodal-emocion\data\audio\raw\mesd_es\Disgust_M_A_arriba.wav,disgust,mesd_es,mesd_M_A,all,Disgust_M_A_arriba,,
C:\Users\Rafa\Downloads\proyecto-ia-20260212T103152Z-3-001\proyecto-ia\multimodal-emocion\data\audio\raw\mesd_es\Disgust_M_A_ayer.wav,disgust,mesd_es,mesd_M_A,all,Disgust_M_A_ayer,,
C:\Users\Rafa\Downloads\proyecto-ia-20260212T103152Z-3-001\proyecto-ia\multimodal-emocion\data\audio\raw\mesd_es\Disgust_M_A_basta_ya.wav,disgust,mesd_es,mesd_M_A,all,Disgust_M_A_basta_ya,,
C:\Users\Rafa\Downloads\proyecto-ia-20260212T103152Z-3-001\proyecto-ia\multimodal-emocion\data\audio\raw\mesd_es\Disgust_M_A_de_nada.wav,disgust,mesd_es,mesd_M_A,all,Disgust_M_A_de_nada,,
C:\Users\Rafa\Downloads\proyecto-ia-20260212T103152Z-3-001\proyecto-ia\multimodal-emocion\data\audio\raw\mesd_es\Disgust_M_A_delante.wav,disgust,mesd_es,mesd_M_A,all,Disgust_M_A_delante,,
C:\Users\Rafa\Downloads\proyecto-ia-20260212T103152Z-3-001\proyecto-ia\multimodal-emocion\data\audio\raw\mesd_es\Disgust_M_A_dentro.wav,disgust,mesd_es,mesd_M_A,all,Disgust_M_A_dentro,,
C:\Users\Rafa\Downloads\proyecto-ia-20260212T103152Z-3-001\proyecto-ia\multimodal-emocion\data\audio\raw\mesd_es\Disgust_M_A_derecha.wav,disgust,mesd_es,mesd_M_A,all,Disgust_M_A_derecha,,
C:\Users\Rafa\Downloads\proyecto-ia-20260212T103152Z-3-001\proyecto-ia\multimodal-emocion\data\audio\raw\mesd_es\Disgust_M_A_detras.wav,disgust,mesd_es,mesd_M_A,all,Disgust_M_A_detras,,
C:\Users\Rafa\Downloads\proyecto-ia-20260212T103152Z-3-001\proyecto-ia\multimodal-emocion\data\audio\raw\mesd_es\Disgust_M_A_fuera.wav,disgust,mesd_es,mesd_M_A,all,Disgust_M_A_fuera,,
C:\Users\Rafa\Downloads\proyecto-ia-20260212T103152Z-3-001\proyecto-ia\multimodal-emocion\data\audio\raw\mesd_es\Disgust_M_A_gracias.wav,disgust,mesd_es,mesd_M_A,all,Disgust_M_A_gracias,,
C:\Users\Rafa\Downloads\proyecto-ia-20260212T103152Z-3-001\proyecto-ia\multimodal-emocion\data\audio\raw\mesd_es\Disgust_M_A_hola.wav,disgust,mesd_es,mesd_M_A,all,Disgust_M_A_hola,,
C:\Users\Rafa\Downloads\proyecto-ia-20260212T103152Z-3-001\proyecto-ia\multimodal-emocion\data\audio\raw\mesd_es\Disgust_M_A_hoy.wav,disgust,mesd_es,mesd_M_A,all,Disgust_M_A_hoy,,
C:\Users\Rafa\Downloads\proyecto-ia-20260212T103152Z-3-001\proyecto-ia\multimodal-emocion\data\audio\raw\mesd_es\Disgust_M_A_izquierda.wav,disgust,mesd_es,mesd_M_A,all,Disgust_M_A_izquierda,,
C:\Users\Rafa\Downloads\proyecto-ia-20260212T103152Z-3-001\proyecto-ia\multimodal-emocion\data\audio\raw\mesd_es\Disgust_M_A_lento.wav,disgust,mesd_es,mesd_M_A,all,Disgust_M_A_lento,,
C:\Users\Rafa\Downloads\proyecto-ia-20260212T103152Z-3-001\proyecto-ia\multimodal-emocion\data\audio\raw\mesd_es\Disgust_M_A_no.wav,disgust,mesd_es,mesd_M_A,all,Disgust_M_A_no,,
C:\Users\Rafa\Downloads\proyecto-ia-20260212T103152Z-3-001\proyecto-ia\multimodal-emocion\data\audio\raw\mesd_es\Disgust_M_A_nunca.wav,disgust,mesd_es,mesd_M_A,all,Disgust_M_A_nunca,,
C:\Users\Rafa\Downloads\proyecto-ia-20260212T103152Z-3-001\proyecto-ia\multimodal-emocion\data\audio\raw\mesd_es\Disgust_M_A_por_favor.wav,disgust,mesd_es,mesd_M_A,all,Disgust_M_A_por_favor,,
C:\Users\Rafa\Downloads\proyecto-ia-20260212T103152Z-3-001\proyecto-ia\multimodal-emocion\data\audio\raw\mesd_es\Disgust_M_A_pronto.wav,disgust,mesd_es,mesd_M_A,all,Disgust_M_A_pronto,,
C:\Users\Rafa\Downloads\proyecto-ia-20260212T103152Z-3-001\proyecto-ia\multimodal-emocion\data\audio\raw\mesd_es\Disgust_M_A_rapido.wav,disgust,mesd_es,mesd_M_A,all,Disgust_M_A_rapido,,
C:\Users\Rafa\Downloads\proyecto-ia-20260212T103152Z-3-001\proyecto-ia\multimodal-emocion\data\audio\raw\mesd_es\Disgust_M_A_si.wav,disgust,mesd_es,mesd_M_A,all,Disgust_M_A_si,,
C:\Users\Rafa\Downloads\proyecto-ia-20260212T103152Z-3-001\proyecto-ia\multimodal-emocion\data\audio\raw\mesd_es\Disgust_M_A_tarde.wav,disgust,mesd_es,mesd_M_A,all,Disgust_M_A_tarde,,
C:\Users\Rafa\Downloads\proyecto-ia-20260212T103152Z-3-001\proyecto-ia\multimodal-emocion\data\audio\raw\mesd_es\Disgust_M_B_abandono.wav,disgust,mesd_es,mesd_M_B,all,Disgust_M_B_abandono,,
C:\Users\Rafa\Downloads\proyecto-ia-20260212T103152Z-3-001\proyecto-ia\multimodal-emocion\data\audio\raw\mesd_es\Disgust_M_B_aguijon.wav,disgust,mesd_es,mesd_M_B,all,Disgust_M_B_aguijon,,
C:\Users\Rafa\Downloads\proyecto-ia-20260212T103152Z-3-001\proyecto-ia\multimodal-emocion\data\audio\raw\mesd_es\Disgust_M_B_amenazado.wav,disgust,mesd_es,mesd_M_B,all,Disgust_M_B_amenazado,,
C:\Users\Rafa\Downloads\proyecto-ia-20260212T103152Z-3-001\proyecto-ia\multimodal-emocion\data\audio\raw\mesd_es\Disgust_M_B_arana.wav,disgust,mesd_es,mesd_M_B,all,Disgust_M_B_arana,,
C:\Users\Rafa\Downloads\proyecto-ia-20260212T103152Z-3-001\proyecto-ia\multimodal-emocion\data\audio\raw\mesd_es\Disgust_M_B_caprichoso.wav,disgust,mesd_es,mesd_M_B,all,Disgust_M_B_caprichoso,,
C:\Users\Rafa\Downloads\proyecto-ia-20260212T103152Z-3-001\proyecto-ia\multimodal-emocion\data\audio\raw\mesd_es\Disgust_M_B_celda.wav,disgust,mesd_es,mesd_M_B,all,Disgust_M_B_celda,,
C:\Users\Rafa\Downloads\proyecto-ia-20260212T103152Z-3-001\proyecto-ia\multimodal-emocion\data\audio\raw\mesd_es\Disgust_M_B_cucaracha.wav,disgust,mesd_es,mesd_M_B,all,Disgust_M_B_cucaracha,,
C:\Users\Rafa\Downloads\proyecto-ia-20260212T103152Z-3-001\proyecto-ia\multimodal-emocion\data\audio\raw\mesd_es\Disgust_M_B_delincuencia.wav,disgust,mesd_es,mesd_M_B,all,Disgust_M_B_delincuencia,,
C:\Users\Rafa\Downloads\proyecto-ia-20260212T103152Z-3-001\proyecto-ia\multimodal-emocion\data\audio\raw\mesd_es\Disgust_M_B_desorden.wav,disgust,mesd_es,mesd_M_B,all,Disgust_M_B_desorden,,
C:\Users\Rafa\Downloads\proyecto-ia-20260212T103152Z-3-001\proyecto-ia\multimodal-emocion\data\audio\raw\mesd_es\Disgust_M_B_encadenado.wav,disgust,mesd_es,mesd_M_B,all,Disgust_M_B_encadenado,,
C:\Users\Rafa\Downloads\proyecto-ia-20260212T103152Z-3-001\proyecto-ia\multimodal-emocion\data\audio\raw\mesd_es\Disgust_M_B_eructo.wav,disgust,mesd_es,mesd_M_B,all,Disgust_M_B_eructo,,
C:\Users\Rafa\Downloads\proyecto-ia-20260212T103152Z-3-001\proyecto-ia\multimodal-emocion\data\audio\raw\mesd_es\Disgust_M_B_estafa.wav,disgust,mesd_es,mesd_M_B,all,Disgust_M_B_estafa,,
C:\Users\Rafa\Downloads\proyecto-ia-20260212T103152Z-3-001\proyecto-ia\multimodal-emocion\data\audio\raw\mesd_es\Disgust_M_B_furia.wav,disgust,mesd_es,mesd_M_B,all,Disgust_M_B_furia,,
C:\Users\Rafa\Downloads\proyecto-ia-20260212T103152Z-3-001\proyecto-ia\multimodal-emocion\data\audio\raw\mesd_es\Disgust_M_B_metralleta.wav,disgust,mesd_es,mesd_M_B,all,Disgust_M_B_metralleta,,
C:\Users\Rafa\Downloads\proyecto-ia-20260212T103152Z-3-001\proyecto-ia\multimodal-emocion\data\audio\raw\mesd_es\Disgust_M_B_monstruo.wav,disgust,mesd_es,mesd_M_B,all,Disgust_M_B_monstruo,,
C:\Users\Rafa\Downloads\proyecto-ia-20260212T103152Z-3-001\proyecto-ia\multimodal-emocion\data\audio\raw\mesd_es\Disgust_M_B_monstruoso.wav,disgust,mesd_es,mesd_M_B,all,Disgust_M_B_monstruoso,,
C:\Users\Rafa\Downloads\proyecto-ia-20260212T103152Z-3-001\proyecto-ia\multimodal-emocion\data\audio\raw\mesd_es\Disgust_M_B_mutilado.wav,disgust,mesd_es,mesd_M_B,all,Disgust_M_B_mutilado,,
C:\Users\Rafa\Downloads\proyecto-ia-20260212T103152Z-3-001\proyecto-ia\multimodal-emocion\data\audio\raw\mesd_es\Disgust_M_B_nausea.wav,disgust,mesd_es,mesd_M_B,all,Disgust_M_B_nausea,,
C:\Users\Rafa\Downloads\proyecto-ia-20260212T103152Z-3-001\proyecto-ia\multimodal-emocion\data\audio\raw\mesd_es\Disgust_M_B_odioso.wav,disgust,mesd_es,mesd_M_B,all,Disgust_M_B_odioso,,
C:\Users\Rafa\Downloads\proyecto-ia-20260212T103152Z-3-001\proyecto-ia\multimodal-emocion\data\audio\raw\mesd_es\Disgust_M_B_operacion.wav,disgust,mesd_es,mesd_M_B,all,Disgust_M_B_operacion,,
C:\Users\Rafa\Downloads\proyecto-ia-20260212T103152Z-3-001\proyecto-ia\multimodal-emocion\data\audio\raw\mesd_es\Disgust_M_B_punalada.wav,disgust,mesd_es,mesd_M_B,all,Disgust_M_B_punalada,,
C:\Users\Rafa\Downloads\proyecto-ia-20260212T103152Z-3-001\proyecto-ia\multimodal-emocion\data\audio\raw\mesd_es\Disgust_M_B_sangre.wav,disgust,mesd_es,mesd_M_B,all,Disgust_M_B_sangre,,
C:\Users\Rafa\Downloads\proyecto-ia-20260212T103152Z-3-001\proyecto-ia\multimodal-emocion\data\audio\raw\mesd_es\Disgust_M_B_terrorismo.wav,disgust,mesd_es,mesd_M_B,all,Disgust_M_B_terrorismo,,
C:\Users\Rafa\Downloads\proyecto-ia-20260212T103152Z-3-001\proyecto-ia\multimodal-emocion\data\audio\raw\mesd_es\Disgust_M_B_torturado.wav,disgust,mesd_es,mesd_M_B,all,Disgust_M_B_torturado,,
C:\Users\Rafa\Downloads\proyecto-ia-20260212T103152Z-3-001\proyecto-ia\multimodal-emocion\data\audio\raw\mesd_es\Fear_C_A_abajo.wav,fear,mesd_es,mesd_C_A,all,Fear_C_A_abajo,,
C:\Users\Rafa\Downloads\proyecto-ia-20260212T103152Z-3-001\proyecto-ia\multimodal-emocion\data\audio\raw\mesd_es\Fear_C_A_adios.wav,fear,mesd_es,mesd_C_A,all,Fear_C_A_adios,,
C:\Users\Rafa\Downloads\proyecto-ia-20260212T103152Z-3-001\proyecto-ia\multimodal-emocion\data\audio\raw\mesd_es\Fear_C_A_antes.wav,fear,mesd_es,mesd_C_A,all,Fear_C_A_antes,,
C:\Users\Rafa\Downloads\proyecto-ia-20260212T103152Z-3-001\proyecto-ia\multimodal-emocion\data\audio\raw\mesd_es\Fear_C_A_arriba.wav,fear,mesd_es,mesd_C_A,all,Fear_C_A_arriba,,
C:\Users\Rafa\Downloads\proyecto-ia-20260212T103152Z-3-001\proyecto-ia\multimodal-emocion\data\audio\raw\mesd_es\Fear_C_A_ayer.wav,fear,mesd_es,mesd_C_A,all,Fear_C_A_ayer,,
C:\Users\Rafa\Downloads\proyecto-ia-20260212T103152Z-3-001\proyecto-ia\multimodal-emocion\data\audio\raw\mesd_es\Fear_C_A_basta_ya.wav,fear,mesd_es,mesd_C_A,all,Fear_C_A_basta_ya,,
C:\Users\Rafa\Downloads\proyecto-ia-20260212T103152Z-3-001\proyecto-ia\multimodal-emocion\data\audio\raw\mesd_es\Fear_C_A_de_nada.wav,fear,mesd_es,mesd_C_A,all,Fear_C_A_de_nada,,
C:\Users\Rafa\Downloads\proyecto-ia-20260212T103152Z-3-001\proyecto-ia\multimodal-emocion\data\audio\raw\mesd_es\Fear_C_A_delante.wav,fear,mesd_es,mesd_C_A,all,Fear_C_A_delante,,
C:\Users\Rafa\Downloads\proyecto-ia-20260212T103152Z-3-001\proyecto-ia\multimodal-emocion\data\audio\raw\mesd_es\Fear_C_A_dentro.wav,fear,mesd_es,mesd_C_A,all,Fear_C_A_dentro,,
C:\Users\Rafa\Downloads\proyecto-ia-20260212T103152Z-3-001\proyecto-ia\multimodal-emocion\data\audio\raw\mesd_es\Fear_C_A_derecha.wav,fear,mesd_es,mesd_C_A,all,Fear_C_A_derecha,,
C:\Users\Rafa\Downloads\proyecto-ia-20260212T103152Z-3-001\proyecto-ia\multimodal-emocion\data\audio\raw\mesd_es\Fear_C_A_detras.wav,fear,mesd_es,mesd_C_A,all,Fear_C_A_detras,,
C:\Users\Rafa\Downloads\proyecto-ia-20260212T103152Z-3-001\proyecto-ia\multimodal-emocion\data\audio\raw\mesd_es\Fear_C_A_fuera.wav,fear,mesd_es,mesd_C_A,all,Fear_C_A_fuera,,
C:\Users\Rafa\Downloads\proyecto-ia-20260212T103152Z-3-001\proyecto-ia\multimodal-emocion\data\audio\raw\mesd_es\Fear_C_A_gracias.wav,fear,mesd_es,mesd_C_A,all,Fear_C_A_gracias,,
C:\Users\Rafa\Downloads\proyecto-ia-20260212T103152Z-3-001\proyecto-ia\multimodal-emocion\data\audio\raw\mesd_es\Fear_C_A_hola.wav,fear,mesd_es,mesd_C_A,all,Fear_C_A_hola,,
C:\Users\Rafa\Downloads\proyecto-ia-20260212T103152Z-3-001\proyecto-ia\multimodal-emocion\data\audio\raw\mesd_es\Fear_C_A_hoy.wav,fear,mesd_es,mesd_C_A,all,Fear_C_A_hoy,,
C:\Users\Rafa\Downloads\proyecto-ia-20260212T103152Z-3-001\proyecto-ia\multimodal-emocion\data\audio\raw\mesd_es\Fear_C_A_izquierda.wav,fear,mesd_es,mesd_C_A,all,Fear_C_A_izquierda,,
C:\Users\Rafa\Downloads\proyecto-ia-20260212T103152Z-3-001\proyecto-ia\multimodal-emocion\data\audio\raw\mesd_es\Fear_C_A_lento.wav,fear,mesd_es,mesd_C_A,all,Fear_C_A_lento,,
C:\Users\Rafa\Downloads\proyecto-ia-20260212T103152Z-3-001\proyecto-ia\multimodal-emocion\data\audio\raw\mesd_es\Fear_C_A_no.wav,fear,mesd_es,mesd_C_A,all,Fear_C_A_no,,
C:\Users\Rafa\Downloads\proyecto-ia-20260212T103152Z-3-001\proyecto-ia\multimodal-emocion\data\audio\raw\mesd_es\Fear_C_A_nunca.wav,fear,mesd_es,mesd_C_A,all,Fear_C_A_nunca,,
C:\Users\Rafa\Downloads\proyecto-ia-20260212T103152Z-3-001\proyecto-ia\multimodal-emocion\data\audio\raw\mesd_es\Fear_C_A_por_favor.wav,fear,mesd_es,mesd_C_A,all,Fear_C_A_por_favor,,
C:\Users\Rafa\Downloads\proyecto-ia-20260212T103152Z-3-001\proyecto-ia\multimodal-emocion\data\audio\raw\mesd_es\Fear_C_A_pronto.wav,fear,mesd_es,mesd_C_A,all,Fear_C_A_pronto,,
C:\Users\Rafa\Downloads\proyecto-ia-20260212T103152Z-3-001\proyecto-ia\multimodal-emocion\data\audio\raw\mesd_es\Fear_C_A_rapido.wav,fear,mesd_es,mesd_C_A,all,Fear_C_A_rapido,,
C:\Users\Rafa\Downloads\proyecto-ia-20260212T103152Z-3-001\proyecto-ia\multimodal-emocion\data\audio\raw\mesd_es\Fear_C_A_si.wav,fear,mesd_es,mesd_C_A,all,Fear_C_A_si,,
C:\Users\Rafa\Downloads\proyecto-ia-20260212T103152Z-3-001\proyecto-ia\multimodal-emocion\data\audio\raw\mesd_es\Fear_C_A_tarde.wav,fear,mesd_es,mesd_C_A,all,Fear_C_A_tarde,,
C:\Users\Rafa\Downloads\proyecto-ia-20260212T103152Z-3-001\proyecto-ia\multimodal-emocion\data\audio\raw\mesd_es\Fear_C_B_abandono.wav,fear,mesd_es,mesd_C_B,all,Fear_C_B_abandono,,
C:\Users\Rafa\Downloads\proyecto-ia-20260212T103152Z-3-001\proyecto-ia\multimodal-emocion\data\audio\raw\mesd_es\Fear_C_B_abuso.wav,fear,mesd_es,mesd_C_B,all,Fear_C_B_abuso,,
C:\Users\Rafa\Downloads\proyecto-ia-20260212T103152Z-3-001\proyecto-ia\multimodal-emocion\data\audio\raw\mesd_es\Fear_C_B_aguijon.wav,fear,mesd_es,mesd_C_B,all,Fear_C_B_aguijon,,
C:\Users\Rafa\Downloads\proyecto-ia-20260212T103152Z-3-001\proyecto-ia\multimodal-emocion\data\audio\raw\mesd_es\Fear_C_B_alarma.wav,fear,mesd_es,mesd_C_B,all,Fear_C_B_alarma,,
C:\Users\Rafa\Downloads\proyecto-ia-20260212T103152Z-3-001\proyecto-ia\multimodal-emocion\data\audio\raw\mesd_es\Fear_C_B_alterado.wav,fear,mesd_es,mesd_C_B,all,Fear_C_B_alterado,,
C:\Users\Rafa\Downloads\proyecto-ia-20260212T103152Z-3-001\proyecto-ia\multimodal-emocion\data\audio\raw\mesd_es\Fear_C_B_amenazado.wav,fear,mesd_es,mesd_C_B,all,Fear_C_B_amenazado,,
C:\Users\Rafa\Downloads\proyecto-ia-20260212T103152Z-3-001\proyecto-ia\multimodal-emocion\data\audio\raw\mesd_es\Fear_C_B_amenazador.wav,fear,mesd_es,mesd_C_B,all,Fear_C_B_amenazador,,
C:\Users\Rafa\Downloads\proyecto-ia-20260212T103152Z-3-001\proyecto-ia\multimodal-emocion\data\audio\raw\mesd_es\Fear_C_B_arana.wav,fear,mesd_es,mesd_C_B,all,Fear_C_B_arana,,
C:\Users\Rafa\Downloads\proyecto-ia-20260212T103152Z-3-001\proyecto-ia\multimodal-emocion\data\audio\raw\mesd_es\Fear_C_B_catastrofe.wav,fear,mesd_es,mesd_C_B,all,Fear_C_B_catastrofe,,
C:\Users\Rafa\Downloads\proyecto-ia-20260212T103152Z-3-001\proyecto-ia\multimodal-emocion\data\audio\raw\mesd_es\Fear_C_B_ceguera.wav,fear,mesd_es,mesd_C_B,all,Fear_C_B_ceguera,,
C:\Users\Rafa\Downloads\proyecto-ia-20260212T103152Z-3-001\proyecto-ia\multimodal-emocion\data\audio\raw\mesd_es\Fear_C_B_cirugia.wav,fear,mesd_es,mesd_C_B,all,Fear_C_B_cirugia,,
C:\Users\Rafa\Downloads\proyecto-ia-20260212T103152Z-3-001\proyecto-ia\multimodal-emocion\data\audio\raw\mesd_es\Fear_C_B_condena.wav,fear,mesd_es,mesd_C_B,all,Fear_C_B_condena,,
C:\Users\Rafa\Downloads\proyecto-ia-20260212T103152Z-3-001\proyecto-ia\multimodal-emocion\data\audio\raw\mesd_es\Fear_C_B_conflicto.wav,fear,mesd_es,mesd_C_B,all,Fear_C_B_conflicto,,
C:\Users\Rafa\Downloads\proyecto-ia-20260212T103152Z-3-001\proyecto-ia\multimodal-emocion\data\audio\raw\mesd_es\Fear_C_B_cucaracha.wav,fear,mesd_es,mesd_C_B,all,Fear_C_B_cucaracha,,
C:\Users\Rafa\Downloads\proyecto-ia-20260212T103152Z-3-001\proyecto-ia\multimodal-emocion\data\audio\raw\mesd_es\Fear_C_B_danino.wav,fear,mesd_es,mesd_C_B,all,Fear_C_B_danino,,
C:\Users\Rafa\Downloads\proyecto-ia-20260212T103152Z-3-001\proyecto-ia\multimodal-emocion\data\audio\raw\mesd_es\Fear_C_B_delincuencia.wav,fear,mesd_es,mesd_C_B,all,Fear_C_B_delincuencia,,
C:\Users\Rafa\Downloads\proyecto-ia-20260212T103152Z-3-001\proyecto-ia\multimodal-emocion\data\audio\raw\mesd_es\Fear_C_B_desmayo.wav,fear,mesd_es,mesd_C_B,all,Fear_C_B_desmayo,,
C:\Users\Rafa\Downloads\proyecto-ia-20260212T103152Z-3-001\proyecto-ia\multimodal-emocion\data\audio\raw\mesd_es\Fear_C_B_disputa.wav,fear,mesd_es,mesd_C_B,all,Fear_C_B_disputa,,
C:\Users\Rafa\Downloads\proyecto-ia-20260212T103152Z-3-001\proyecto-ia\multimodal-emocion\data\audio\raw\mesd_es\Fear_C_B_estafa.wav,fear,mesd_es,mesd_C_B,all,Fear_C_B_estafa,,
C:\Users\Rafa\Downloads\proyecto-ia-20260212T103152Z-3-001\proyecto-ia\multimodal-emocion\data\audio\raw\mesd_es\Fear_C_B_estricto.wav,fear,mesd_es,mesd_C_B,all,Fear_C_B_estricto,,
C:\Users\Rafa\Downloads\proyecto-ia-20260212T103152Z-3-001\proyecto-ia\multimodal-emocion\data\audio\raw\mesd_es\Fear_C_B_explosion.wav,fear,mesd_es,mesd_C_B,all,Fear_C_B_explosion,,
C:\Users\Rafa\Downloads\proyecto-ia-20260212T103152Z-3-001\proyecto-ia\multimodal-emocion\data\audio\raw\mesd_es\Fear_C_B_humillacion.wav,fear,mesd_es,mesd_C_B,all,Fear_C_B_humillacion,,
C:\Users\Rafa\Downloads\proyecto-ia-20260212T103152Z-3-001\proyecto-ia\multimodal-emocion\data\audio\raw\mesd_es\Fear_C_B_injusticia.wav,fear,mesd_es,mesd_C_B,all,Fear_C_B_injusticia,,
C:\Users\Rafa\Downloads\proyecto-ia-20260212T103152Z-3-001\proyecto-ia\multimodal-emocion\data\audio\raw\mesd_es\Fear_C_B_robo.wav,fear,mesd_es,mesd_C_B,all,Fear_C_B_robo,,
C:\Users\Rafa\Downloads\proyecto-ia-20260212T103152Z-3-001\proyecto-ia\multimodal-emocion\data\audio\raw\mesd_es\Fear_F_A_abajo.wav,fear,mesd_es,mesd_F_A,all,Fear_F_A_abajo,,
C:\Users\Rafa\Downloads\proyecto-ia-20260212T103152Z-3-001\proyecto-ia\multimodal-emocion\data\audio\raw\mesd_es\Fear_F_A_adios.wav,fear,mesd_es,mesd_F_A,all,Fear_F_A_adios,,
C:\Users\Rafa\Downloads\proyecto-ia-20260212T103152Z-3-001\proyecto-ia\multimodal-emocion\data\audio\raw\mesd_es\Fear_F_A_antes.wav,fear,mesd_es,mesd_F_A,all,Fear_F_A_antes,,
C:\Users\Rafa\Downloads\proyecto-ia-20260212T103152Z-3-001\proyecto-ia\multimodal-emocion\data\audio\raw\mesd_es\Fear_F_A_arriba.wav,fear,mesd_es,mesd_F_A,all,Fear_F_A_arriba,,
C:\Users\Rafa\Downloads\proyecto-ia-20260212T103152Z-3-001\proyecto-ia\multimodal-emocion\data\audio\raw\mesd_es\Fear_F_A_ayer.wav,fear,mesd_es,mesd_F_A,all,Fear_F_A_ayer,,
C:\Users\Rafa\Downloads\proyecto-ia-20260212T103152Z-3-001\proyecto-ia\multimodal-emocion\data\audio\raw\mesd_es\Fear_F_A_basta_ya.wav,fear,mesd_es,mesd_F_A,all,Fear_F_A_basta_ya,,
C:\Users\Rafa\Downloads\proyecto-ia-20260212T103152Z-3-001\proyecto-ia\multimodal-emocion\data\audio\raw\mesd_es\Fear_F_A_de_nada.wav,fear,mesd_es,mesd_F_A,all,Fear_F_A_de_nada,,
C:\Users\Rafa\Downloads\proyecto-ia-20260212T103152Z-3-001\proyecto-ia\multimodal-emocion\data\audio\raw\mesd_es\Fear_F_A_delante.wav,fear,mesd_es,mesd_F_A,all,Fear_F_A_delante,,
C:\Users\Rafa\Downloads\proyecto-ia-20260212T103152Z-3-001\proyecto-ia\multimodal-emocion\data\audio\raw\mesd_es\Fear_F_A_dentro.wav,fear,mesd_es,mesd_F_A,all,Fear_F_A_dentro,,
C:\Users\Rafa\Downloads\proyecto-ia-20260212T103152Z-3-001\proyecto-ia\multimodal-emocion\data\audio\raw\mesd_es\Fear_F_A_derecha.wav,fear,mesd_es,mesd_F_A,all,Fear_F_A_derecha,,
C:\Users\Rafa\Downloads\proyecto-ia-20260212T103152Z-3-001\proyecto-ia\multimodal-emocion\data\audio\raw\mesd_es\Fear_F_A_detras.wav,fear,mesd_es,mesd_F_A,all,Fear_F_A_detras,,
C:\Users\Rafa\Downloads\proyecto-ia-20260212T103152Z-3-001\proyecto-ia\multimodal-emocion\data\audio\raw\mesd_es\Fear_F_A_fuera.wav,fear,mesd_es,mesd_F_A,all,Fear_F_A_fuera,,
C:\Users\Rafa\Downloads\proyecto-ia-20260212T103152Z-3-001\proyecto-ia\multimodal-emocion\data\audio\raw\mesd_es\Fear_F_A_gracias.wav,fear,mesd_es,mesd_F_A,all,Fear_F_A_gracias,,
C:\Users\Rafa\Downloads\proyecto-ia-20260212T103152Z-3-001\proyecto-ia\multimodal-emocion\data\audio\raw\mesd_es\Fear_F_A_hola.wav,fear,mesd_es,mesd_F_A,all,Fear_F_A_hola,,
C:\Users\Rafa\Downloads\proyecto-ia-20260212T103152Z-3-001\proyecto-ia\multimodal-emocion\data\audio\raw\mesd_es\Fear_F_A_hoy.wav,fear,mesd_es,mesd_F_A,all,Fear_F_A_hoy,,
C:\Users\Rafa\Downloads\proyecto-ia-20260212T103152Z-3-001\proyecto-ia\multimodal-emocion\data\audio\raw\mesd_es\Fear_F_A_izquierda.wav,fear,mesd_es,mesd_F_A,all,Fear_F_A_izquierda,,
C:\Users\Rafa\Downloads\proyecto-ia-20260212T103152Z-3-001\proyecto-ia\multimodal-emocion\data\audio\raw\mesd_es\Fear_F_A_lento.wav,fear,mesd_es,mesd_F_A,all,Fear_F_A_lento,,
C:\Users\Rafa\Downloads\proyecto-ia-20260212T103152Z-3-001\proyecto-ia\multimodal-emocion\data\audio\raw\mesd_es\Fear_F_A_no.wav,fear,mesd_es,mesd_F_A,all,Fear_F_A_no,,
C:\Users\Rafa\Downloads\proyecto-ia-20260212T103152Z-3-001\proyecto-ia\multimodal-emocion\data\audio\raw\mesd_es\Fear_F_A_nunca.wav,fear,mesd_es,mesd_F_A,all,Fear_F_A_nunca,,
C:\Users\Rafa\Downloads\proyecto-ia-20260212T103152Z-3-001\proyecto-ia\multimodal-emocion\data\audio\raw\mesd_es\Fear_F_A_por_favor.wav,fear,mesd_es,mesd_F_A,all,Fear_F_A_por_favor,,
C:\Users\Rafa\Downloads\proyecto-ia-20260212T103152Z-3-001\proyecto-ia\multimodal-emocion\data\audio\raw\mesd_es\Fear_F_A_pronto.wav,fear,mesd_es,mesd_F_A,all,Fear_F_A_pronto,,
C:\Users\Rafa\Downloads\proyecto-ia-20260212T103152Z-3-001\proyecto-ia\multimodal-emocion\data\audio\raw\mesd_es\Fear_F_A_rapido.wav,fear,mesd_es,mesd_F_A,all,Fear_F_A_rapido,,
C:\Users\Rafa\Downloads\proyecto-ia-20260212T103152Z-3-001\proyecto-ia\multimodal-emocion\data\audio\raw\mesd_es\Fear_F_A_si.wav,fear,mesd_es,mesd_F_A,all,Fear_F_A_si,,
C:\Users\Rafa\Downloads\proyecto-ia-20260212T103152Z-3-001\proyecto-ia\multimodal-emocion\data\audio\raw\mesd_es\Fear_F_A_tarde.wav,fear,mesd_es,mesd_F_A,all,Fear_F_A_tarde,,
C:\Users\Rafa\Downloads\proyecto-ia-20260212T103152Z-3-001\proyecto-ia\multimodal-emocion\data\audio\raw\mesd_es\Fear_F_B_abuso.wav,fear,mesd_es,mesd_F_B,all,Fear_F_B_abuso,,
C:\Users\Rafa\Downloads\proyecto-ia-20260212T103152Z-3-001\proyecto-ia\multimodal-emocion\data\audio\raw\mesd_es\Fear_F_B_aguijon.wav,fear,mesd_es,mesd_F_B,all,Fear_F_B_aguijon,,
C:\Users\Rafa\Downloads\proyecto-ia-20260212T103152Z-3-001\proyecto-ia\multimodal-emocion\data\audio\raw\mesd_es\Fear_F_B_alarma.wav,fear,mesd_es,mesd_F_B,all,Fear_F_B_alarma,,
C:\Users\Rafa\Downloads\proyecto-ia-20260212T103152Z-3-001\proyecto-ia\multimodal-emocion\data\audio\raw\mesd_es\Fear_F_B_amenazado.wav,fear,mesd_es,mesd_F_B,all,Fear_F_B_amenazado,,
C:\Users\Rafa\Downloads\proyecto-ia-20260212T103152Z-3-001\proyecto-ia\multimodal-emocion\data\audio\raw\mesd_es\Fear_F_B_amenazador.wav,fear,mesd_es,mesd_F_B,all,Fear_F_B_amenazador,,
C:\Users\Rafa\Downloads\proyecto-ia-20260212T103152Z-3-001\proyecto-ia\multimodal-emocion\data\audio\raw\mesd_es\Fear_F_B_arana.wav,fear,mesd_es,mesd_F_B,all,Fear_F_B_arana,,
C:\Users\Rafa\Downloads\proyecto-ia-20260212T103152Z-3-001\proyecto-ia\multimodal-emocion\data\audio\raw\mesd_es\Fear_F_B_ceguera.wav,fear,mesd_es,mesd_F_B,all,Fear_F_B_ceguera,,
C:\Users\Rafa\Downloads\proyecto-ia-20260212T103152Z-3-001\proyecto-ia\multimodal-emocion\data\audio\raw\mesd_es\Fear_F_B_cirugia.wav,fear,mesd_es,mesd_F_B,all,Fear_F_B_cirugia,,
C:\Users\Rafa\Downloads\proyecto-ia-20260212T103152Z-3-001\proyecto-ia\multimodal-emocion\data\audio\raw\mesd_es\Fear_F_B_conflicto.wav,fear,mesd_es,mesd_F_B,all,Fear_F_B_conflicto,,
C:\Users\Rafa\Downloads\proyecto-ia-20260212T103152Z-3-001\proyecto-ia\multimodal-emocion\data\audio\raw\mesd_es\Fear_F_B_cucaracha.wav,fear,mesd_es,mesd_F_B,all,Fear_F_B_cucaracha,,
C:\Users\Rafa\Downloads\proyecto-ia-20260212T103152Z-3-001\proyecto-ia\multimodal-emocion\data\audio\raw\mesd_es\Fear_F_B_delincuencia.wav,fear,mesd_es,mesd_F_B,all,Fear_F_B_delincuencia,,
C:\Users\Rafa\Downloads\proyecto-ia-20260212T103152Z-3-001\proyecto-ia\multimodal-emocion\data\audio\raw\mesd_es\Fear_F_B_desmayo.wav,fear,mesd_es,mesd_F_B,all,Fear_F_B_desmayo,,
C:\Users\Rafa\Downloads\proyecto-ia-20260212T103152Z-3-001\proyecto-ia\multimodal-emocion\data\audio\raw\mesd_es\Fear_F_B_dificultad.wav,fear,mesd_es,mesd_F_B,all,Fear_F_B_dificultad,,
C:\Users\Rafa\Downloads\proyecto-ia-20260212T103152Z-3-001\proyecto-ia\multimodal-emocion\data\audio\raw\mesd_es\Fear_F_B_enganado.wav,fear,mesd_es,mesd_F_B,all,Fear_F_B_enganado,,
C:\Users\Rafa\Downloads\proyecto-ia-20260212T103152Z-3-001\proyecto-ia\multimodal-emocion\data\audio\raw\mesd_es\Fear_F_B_estricto.wav,fear,mesd_es,mesd_F_B,all,Fear_F_B_estricto,,
C:\Users\Rafa\Downloads\proyecto-ia-20260212T103152Z-3-001\proyecto-ia\multimodal-emocion\data\audio\raw\mesd_es\Fear_F_B_explosion.wav,fear,mesd_es,mesd_F_B,all,Fear_F_B_explosion,,
C:\Users\Rafa\Downloads\proyecto-ia-20260212T103152Z-3-001\proyecto-ia\multimodal-emocion\data\audio\raw\mesd_es\Fear_F_B_explosivo.wav,fear,mesd_es,mesd_F_B,all,Fear_F_B_explosivo,,
C:\Users\Rafa\Downloads\proyecto-ia-20260212T103152Z-3-001\proyecto-ia\multimodal-emocion\data\audio\raw\mesd_es\Fear_F_B_fantasma.wav,fear,mesd_es,mesd_F_B,all,Fear_F_B_fantasma,,
C:\Users\Rafa\Downloads\proyecto-ia-20260212T103152Z-3-001\proyecto-ia\multimodal-emocion\data\audio\raw\mesd_es\Fear_F_B_furia.wav,fear,mesd_es,mesd_F_B,all,Fear_F_B_furia,,
C:\Users\Rafa\Downloads\proyecto-ia-20260212T103152Z-3-001\proyecto-ia\multimodal-emocion\data\audio\raw\mesd_es\Fear_F_B_horroroso.wav,fear,mesd_es,mesd_F_B,all,Fear_F_B_horroroso,,
C:\Users\Rafa\Downloads\proyecto-ia-20260212T103152Z-3-001\proyecto-ia\multimodal-emocion\data\audio\raw\mesd_es\Fear_F_B_huracan.wav,fear,mesd_es,mesd_F_B,all,Fear_F_B_huracan,,
C:\Users\Rafa\Downloads\proyecto-ia-20260212T103152Z-3-001\proyecto-ia\multimodal-emocion\data\audio\raw\mesd_es\Fear_F_B_infarto.wav,fear,mesd_es,mesd_F_B,all,Fear_F_B_infarto,,
C:\Users\Rafa\Downloads\proyecto-ia-20260212T103152Z-3-001\proyecto-ia\multimodal-emocion\data\audio\raw\mesd_es\Fear_F_B_relajacion.wav,fear,mesd_es,mesd_F_B,all,Fear_F_B_relajacion,,
C:\Users\Rafa\Downloads\proyecto-ia-20260212T103152Z-3-001\proyecto-ia\multimodal-emocion\data\audio\raw\mesd_es\Fear_F_B_tristeza.wav,fear,mesd_es,mesd_F_B,all,Fear_F_B_tristeza,,
C:\Users\Rafa\Downloads\proyecto-ia-20260212T103152Z-3-001\proyecto-ia\multimodal-emocion\data\audio\raw\mesd_es\Fear_M_A_abajo.wav,fear,mesd_es,mesd_M_A,all,Fear_M_A_abajo,,
C:\Users\Rafa\Downloads\proyecto-ia-20260212T103152Z-3-001\proyecto-ia\multimodal-emocion\data\audio\raw\mesd_es\Fear_M_A_adios.wav,fear,mesd_es,mesd_M_A,all,Fear_M_A_adios,,
C:\Users\Rafa\Downloads\proyecto-ia-20260212T103152Z-3-001\proyecto-ia\multimodal-emocion\data\audio\raw\mesd_es\Fear_M_A_antes.wav,fear,mesd_es,mesd_M_A,all,Fear_M_A_antes,,
C:\Users\Rafa\Downloads\proyecto-ia-20260212T103152Z-3-001\proyecto-ia\multimodal-emocion\data\audio\raw\mesd_es\Fear_M_A_arriba.wav,fear,mesd_es,mesd_M_A,all,Fear_M_A_arriba,,
C:\Users\Rafa\Downloads\proyecto-ia-20260212T103152Z-3-001\proyecto-ia\multimodal-emocion\data\audio\raw\mesd_es\Fear_M_A_ayer.wav,fear,mesd_es,mesd_M_A,all,Fear_M_A_ayer,,
C:\Users\Rafa\Downloads\proyecto-ia-20260212T103152Z-3-001\proyecto-ia\multimodal-emocion\data\audio\raw\mesd_es\Fear_M_A_basta_ya.wav,fear,mesd_es,mesd_M_A,all,Fear_M_A_basta_ya,,
C:\Users\Rafa\Downloads\proyecto-ia-20260212T103152Z-3-001\proyecto-ia\multimodal-emocion\data\audio\raw\mesd_es\Fear_M_A_de_nada.wav,fear,mesd_es,mesd_M_A,all,Fear_M_A_de_nada,,
C:\Users\Rafa\Downloads\proyecto-ia-20260212T103152Z-3-001\proyecto-ia\multimodal-emocion\data\audio\raw\mesd_es\Fear_M_A_delante.wav,fear,mesd_es,mesd_M_A,all,Fear_M_A_delante,,
C:\Users\Rafa\Downloads\proyecto-ia-20260212T103152Z-3-001\proyecto-ia\multimodal-emocion\data\audio\raw\mesd_es\Fear_M_A_dentro.wav,fear,mesd_es,mesd_M_A,all,Fear_M_A_dentro,,
C:\Users\Rafa\Downloads\proyecto-ia-20260212T103152Z-3-001\proyecto-ia\multimodal-emocion\data\audio\raw\mesd_es\Fear_M_A_derecha.wav,fear,mesd_es,mesd_M_A,all,Fear_M_A_derecha,,
C:\Users\Rafa\Downloads\proyecto-ia-20260212T103152Z-3-001\proyecto-ia\multimodal-emocion\data\audio\raw\mesd_es\Fear_M_A_detras.wav,fear,mesd_es,mesd_M_A,all,Fear_M_A_detras,,
C:\Users\Rafa\Downloads\proyecto-ia-20260212T103152Z-3-001\proyecto-ia\multimodal-emocion\data\audio\raw\mesd_es\Fear_M_A_fuera.wav,fear,mesd_es,mesd_M_A,all,Fear_M_A_fuera,,
C:\Users\Rafa\Downloads\proyecto-ia-20260212T103152Z-3-001\proyecto-ia\multimodal-emocion\data\audio\raw\mesd_es\Fear_M_A_gracias.wav,fear,mesd_es,mesd_M_A,all,Fear_M_A_gracias,,
C:\Users\Rafa\Downloads\proyecto-ia-20260212T103152Z-3-001\proyecto-ia\multimodal-emocion\data\audio\raw\mesd_es\Fear_M_A_hola.wav,fear,mesd_es,mesd_M_A,all,Fear_M_A_hola,,
C:\Users\Rafa\Downloads\proyecto-ia-20260212T103152Z-3-001\proyecto-ia\multimodal-emocion\data\audio\raw\mesd_es\Fear_M_A_hoy.wav,fear,mesd_es,mesd_M_A,all,Fear_M_A_hoy,,
C:\Users\Rafa\Downloads\proyecto-ia-20260212T103152Z-3-001\proyecto-ia\multimodal-emocion\data\audio\raw\mesd_es\Fear_M_A_izquierda.wav,fear,mesd_es,mesd_M_A,all,Fear_M_A_izquierda,,
C:\Users\Rafa\Downloads\proyecto-ia-20260212T103152Z-3-001\proyecto-ia\multimodal-emocion\data\audio\raw\mesd_es\Fear_M_A_lento.wav,fear,mesd_es,mesd_M_A,all,Fear_M_A_lento,,
C:\Users\Rafa\Downloads\proyecto-ia-20260212T103152Z-3-001\proyecto-ia\multimodal-emocion\data\audio\raw\mesd_es\Fear_M_A_no.wav,fear,mesd_es,mesd_M_A,all,Fear_M_A_no,,
C:\Users\Rafa\Downloads\proyecto-ia-20260212T103152Z-3-001\proyecto-ia\multimodal-emocion\data\audio\raw\mesd_es\Fear_M_A_nunca.wav,fear,mesd_es,mesd_M_A,all,Fear_M_A_nunca,,
C:\Users\Rafa\Downloads\proyecto-ia-20260212T103152Z-3-001\proyecto-ia\multimodal-emocion\data\audio\raw\mesd_es\Fear_M_A_por_favor.wav,fear,mesd_es,mesd_M_A,all,Fear_M_A_por_favor,,
C:\Users\Rafa\Downloads\proyecto-ia-20260212T103152Z-3-001\proyecto-ia\multimodal-emocion\data\audio\raw\mesd_es\Fear_M_A_pronto.wav,fear,mesd_es,mesd_M_A,all,Fear_M_A_pronto,,
C:\Users\Rafa\Downloads\proyecto-ia-20260212T103152Z-3-001\proyecto-ia\multimodal-emocion\data\audio\raw\mesd_es\Fear_M_A_rapido.wav,fear,mesd_es,mesd_M_A,all,Fear_M_A_rapido,,
C:\Users\Rafa\Downloads\proyecto-ia-20260212T103152Z-3-001\proyecto-ia\multimodal-emocion\data\audio\raw\mesd_es\Fear_M_A_si.wav,fear,mesd_es,mesd_M_A,all,Fear_M_A_si,,
C:\Users\Rafa\Downloads\proyecto-ia-20260212T103152Z-3-001\proyecto-ia\multimodal-emocion\data\audio\raw\mesd_es\Fear_M_A_tarde.wav,fear,mesd_es,mesd_M_A,all,Fear_M_A_tarde,,
C:\Users\Rafa\Downloads\proyecto-ia-20260212T103152Z-3-001\proyecto-ia\multimodal-emocion\data\audio\raw\mesd_es\Fear_M_B_abandono.wav,fear,mesd_es,mesd_M_B,all,Fear_M_B_abandono,,
C:\Users\Rafa\Downloads\proyecto-ia-20260212T103152Z-3-001\proyecto-ia\multimodal-emocion\data\audio\raw\mesd_es\Fear_M_B_aguijon.wav,fear,mesd_es,mesd_M_B,all,Fear_M_B_aguijon,,
C:\Users\Rafa\Downloads\proyecto-ia-20260212T103152Z-3-001\proyecto-ia\multimodal-emocion\data\audio\raw\mesd_es\Fear_M_B_amenazado.wav,fear,mesd_es,mesd_M_B,all,Fear_M_B_amenazado,,
C:\Users\Rafa\Downloads\proyecto-ia-20260212T103152Z-3-001\proyecto-ia\multimodal-emocion\data\audio\raw\mesd_es\Fear_M_B_amenazador.wav,fear,mesd_es,mesd_M_B,all,Fear_M_B_amenazador,,
C:\Users\Rafa\Downloads\proyecto-ia-20260212T103152Z-3-001\proyecto-ia\multimodal-emocion\data\audio\raw\mesd_es\Fear_M_B_ansiedad.wav,fear,mesd_es,mesd_M_B,all,Fear_M_B_ansiedad,,
C:\Users\Rafa\Downloads\proyecto-ia-20260212T103152Z-3-001\proyecto-ia\multimodal-emocion\data\audio\raw\mesd_es\Fear_M_B_arana.wav,fear,mesd_es,mesd_M_B,all,Fear_M_B_arana,,
C:\Users\Rafa\Downloads\proyecto-ia-20260212T103152Z-3-001\proyecto-ia\multimodal-emocion\data\audio\raw\mesd_es\Fear_M_B_ataque.wav,fear,mesd_es,mesd_M_B,all,Fear_M_B_ataque,,
C:\Users\Rafa\Downloads\proyecto-ia-20260212T103152Z-3-001\proyecto-ia\multimodal-emocion\data\audio\raw\mesd_es\Fear_M_B_celda.wav,fear,mesd_es,mesd_M_B,all,Fear_M_B_celda,,
C:\Users\Rafa\Downloads\proyecto-ia-20260212T103152Z-3-001\proyecto-ia\multimodal-emocion\data\audio\raw\mesd_es\Fear_M_B_cirugia.wav,fear,mesd_es,mesd_M_B,all,Fear_M_B_cirugia,,
C:\Users\Rafa\Downloads\proyecto-ia-20260212T103152Z-3-001\proyecto-ia\multimodal-emocion\data\audio\raw\mesd_es\Fear_M_B_conflicto.wav,fear,mesd_es,mesd_M_B,all,Fear_M_B_conflicto,,
C:\Users\Rafa\Downloads\proyecto-ia-20260212T103152Z-3-001\proyecto-ia\multimodal-emocion\data\audio\raw\mesd_es\Fear_M_B_cucaracha.wav,fear,mesd_es,mesd_M_B,all,Fear_M_B_cucaracha,,
C:\Users\Rafa\Downloads\proyecto-ia-20260212T103152Z-3-001\proyecto-ia\multimodal-emocion\data\audio\raw\mesd_es\Fear_M_B_danza.wav,fear,mesd_es,mesd_M_B,all,Fear_M_B_danza,,
C:\Users\Rafa\Downloads\proyecto-ia-20260212T103152Z-3-001\proyecto-ia\multimodal-emocion\data\audio\raw\mesd_es\Fear_M_B_delincuencia.wav,fear,mesd_es,mesd_M_B,all,Fear_M_B_delincuencia,,
C:\Users\Rafa\Downloads\proyecto-ia-20260212T103152Z-3-001\proyecto-ia\multimodal-emocion\data\audio\raw\mesd_es\Fear_M_B_dificultad.wav,fear,mesd_es,mesd_M_B,all,Fear_M_B_dificultad,,
C:\Users\Rafa\Downloads\proyecto-ia-20260212T103152Z-3-001\proyecto-ia\multimodal-emocion\data\audio\raw\mesd_es\Fear_M_B_encadenado.wav,fear,mesd_es,mesd_M_B,all,Fear_M_B_encadenado,,
C:\Users\Rafa\Downloads\proyecto-ia-20260212T103152Z-3-001\proyecto-ia\multimodal-emocion\data\audio\raw\mesd_es\Fear_M_B_enojo.wav,fear,mesd_es,mesd_M_B,all,Fear_M_B_enojo,,
C:\Users\Rafa\Downloads\proyecto-ia-20260212T103152Z-3-001\proyecto-ia\multimodal-emocion\data\audio\raw\mesd_es\Fear_M_B_estafa.wav,fear,mesd_es,mesd_M_B,all,Fear_M_B_estafa,,
C:\Users\Rafa\Downloads\proyecto-ia-20260212T103152Z-3-001\proyecto-ia\multimodal-emocion\data\audio\raw\mesd_es\Fear_M_B_explosion.wav,fear,mesd_es,mesd_M_B,all,Fear_M_B_explosion,,
C:\Users\Rafa\Downloads\proyecto-ia-20260212T103152Z-3-001\proyecto-ia\multimodal-emocion\data\audio\raw\mesd_es\Fear_M_B_furia.wav,fear,mesd_es,mesd_M_B,all,Fear_M_B_furia,,
C:\Users\Rafa\Downloads\proyecto-ia-20260212T103152Z-3-001\proyecto-ia\multimodal-emocion\data\audio\raw\mesd_es\Fear_M_B_huracan.wav,fear,mesd_es,mesd_M_B,all,Fear_M_B_huracan,,
C:\Users\Rafa\Downloads\proyecto-ia-20260212T103152Z-3-001\proyecto-ia\multimodal-emocion\data\audio\raw\mesd_es\Fear_M_B_imprudente.wav,fear,mesd_es,mesd_M_B,all,Fear_M_B_imprudente,,
C:\Users\Rafa\Downloads\proyecto-ia-20260212T103152Z-3-001\proyecto-ia\multimodal-emocion\data\audio\raw\mesd_es\Fear_M_B_inconciente.wav,fear,mesd_es,mesd_M_B,all,Fear_M_B_inconciente,,
C:\Users\Rafa\Downloads\proyecto-ia-20260212T103152Z-3-001\proyecto-ia\multimodal-emocion\data\audio\raw\mesd_es\Fear_M_B_infarto.wav,fear,mesd_es,mesd_M_B,all,Fear_M_B_infarto,,
C:\Users\Rafa\Downloads\proyecto-ia-20260212T103152Z-3-001\proyecto-ia\multimodal-emocion\data\audio\raw\mesd_es\Fear_M_B_ira.wav,fear,mesd_es,mesd_M_B,all,Fear_M_B_ira,,
C:\Users\Rafa\Downloads\proyecto-ia-20260212T103152Z-3-001\proyecto-ia\multimodal-emocion\data\audio\raw\mesd_es\Happiness_C_A_abajo.wav,joy,mesd_es,mesd_C_A,all,Happiness_C_A_abajo,,
C:\Users\Rafa\Downloads\proyecto-ia-20260212T103152Z-3-001\proyecto-ia\multimodal-emocion\data\audio\raw\mesd_es\Happiness_C_A_adios.wav,joy,mesd_es,mesd_C_A,all,Happiness_C_A_adios,,
C:\Users\Rafa\Downloads\proyecto-ia-20260212T103152Z-3-001\proyecto-ia\multimodal-emocion\data\audio\raw\mesd_es\Happiness_C_A_antes.wav,joy,mesd_es,mesd_C_A,all,Happiness_C_A_antes,,
C:\Users\Rafa\Downloads\proyecto-ia-20260212T103152Z-3-001\proyecto-ia\multimodal-emocion\data\audio\raw\mesd_es\Happiness_C_A_arriba.wav,joy,mesd_es,mesd_C_A,all,Happiness_C_A_arriba,,
C:\Users\Rafa\Downloads\proyecto-ia-20260212T103152Z-3-001\proyecto-ia\multimodal-emocion\data\audio\raw\mesd_es\Happiness_C_A_ayer.wav,joy,mesd_es,mesd_C_A,all,Happiness_C_A_ayer,,
C:\Users\Rafa\Downloads\proyecto-ia-20260212T103152Z-3-001\proyecto-ia\multimodal-emocion\data\audio\raw\mesd_es\Happiness_C_A_basta_ya.wav,joy,mesd_es,mesd_C_A,all,Happiness_C_A_basta_ya,,
C:\Users\Rafa\Downloads\proyecto-ia-20260212T103152Z-3-001\proyecto-ia\multimodal-emocion\data\audio\raw\mesd_es\Happiness_C_A_de_nada.wav,joy,mesd_es,mesd_C_A,all,Happiness_C_A_de_nada,,
C:\Users\Rafa\Downloads\proyecto-ia-20260212T103152Z-3-001\proyecto-ia\multimodal-emocion\data\audio\raw\mesd_es\Happiness_C_A_delante.wav,joy,mesd_es,mesd_C_A,all,Happiness_C_A_delante,,
C:\Users\Rafa\Downloads\proyecto-ia-20260212T103152Z-3-001\proyecto-ia\multimodal-emocion\data\audio\raw\mesd_es\Happiness_C_A_dentro.wav,joy,mesd_es,mesd_C_A,all,Happiness_C_A_dentro,,
C:\Users\Rafa\Downloads\proyecto-ia-20260212T103152Z-3-001\proyecto-ia\multimodal-emocion\data\audio\raw\mesd_es\Happiness_C_A_derecha.wav,joy,mesd_es,mesd_C_A,all,Happiness_C_A_derecha,,
C:\Users\Rafa\Downloads\proyecto-ia-20260212T103152Z-3-001\proyecto-ia\multimodal-emocion\data\audio\raw\mesd_es\Happiness_C_A_detras.wav,joy,mesd_es,mesd_C_A,all,Happiness_C_A_detras,,
C:\Users\Rafa\Downloads\proyecto-ia-20260212T103152Z-3-001\proyecto-ia\multimodal-emocion\data\audio\raw\mesd_es\Happiness_C_A_fuera.wav,joy,mesd_es,mesd_C_A,all,Happiness_C_A_fuera,,
C:\Users\Rafa\Downloads\proyecto-ia-20260212T103152Z-3-001\proyecto-ia\multimodal-emocion\data\audio\raw\mesd_es\Happiness_C_A_gracias.wav,joy,mesd_es,mesd_C_A,all,Happiness_C_A_gracias,,
C:\Users\Rafa\Downloads\proyecto-ia-20260212T103152Z-3-001\proyecto-ia\multimodal-emocion\data\audio\raw\mesd_es\Happiness_C_A_hola.wav,joy,mesd_es,mesd_C_A,all,Happiness_C_A_hola,,
C:\Users\Rafa\Downloads\proyecto-ia-20260212T103152Z-3-001\proyecto-ia\multimodal-emocion\data\audio\raw\mesd_es\Happiness_C_A_hoy.wav,joy,mesd_es,mesd_C_A,all,Happiness_C_A_hoy,,
C:\Users\Rafa\Downloads\proyecto-ia-20260212T103152Z-3-001\proyecto-ia\multimodal-emocion\data\audio\raw\mesd_es\Happiness_C_A_izquierda.wav,joy,mesd_es,mesd_C_A,all,Happiness_C_A_izquierda,,
C:\Users\Rafa\Downloads\proyecto-ia-20260212T103152Z-3-001\proyecto-ia\multimodal-emocion\data\audio\raw\mesd_es\Happiness_C_A_lento_dentro.wav,joy,mesd_es,mesd_C_A,all,Happiness_C_A_lento_dentro,,
C:\Users\Rafa\Downloads\proyecto-ia-20260212T103152Z-3-001\proyecto-ia\multimodal-emocion\data\audio\raw\mesd_es\Happiness_C_A_no.wav,joy,mesd_es,mesd_C_A,all,Happiness_C_A_no,,
C:\Users\Rafa\Downloads\proyecto-ia-20260212T103152Z-3-001\proyecto-ia\multimodal-emocion\data\audio\raw\mesd_es\Happiness_C_A_nunca.wav,joy,mesd_es,mesd_C_A,all,Happiness_C_A_nunca,,
C:\Users\Rafa\Downloads\proyecto-ia-20260212T103152Z-3-001\proyecto-ia\multimodal-emocion\data\audio\raw\mesd_es\Happiness_C_A_por_favor.wav,joy,mesd_es,mesd_C_A,all,Happiness_C_A_por_favor,,
C:\Users\Rafa\Downloads\proyecto-ia-20260212T103152Z-3-001\proyecto-ia\multimodal-emocion\data\audio\raw\mesd_es\Happiness_C_A_pronto.wav,joy,mesd_es,mesd_C_A,all,Happiness_C_A_pronto,,
C:\Users\Rafa\Downloads\proyecto-ia-20260212T103152Z-3-001\proyecto-ia\multimodal-emocion\data\audio\raw\mesd_es\Happiness_C_A_rapido.wav,joy,mesd_es,mesd_C_A,all,Happiness_C_A_rapido,,
C:\Users\Rafa\Downloads\proyecto-ia-20260212T103152Z-3-001\proyecto-ia\multimodal-emocion\data\audio\raw\mesd_es\Happiness_C_A_si.wav,joy,mesd_es,mesd_C_A,all,Happiness_C_A_si,,
C:\Users\Rafa\Downloads\proyecto-ia-20260212T103152Z-3-001\proyecto-ia\multimodal-emocion\data\audio\raw\mesd_es\Happiness_C_A_tarde.wav,joy,mesd_es,mesd_C_A,all,Happiness_C_A_tarde,,
C:\Users\Rafa\Downloads\proyecto-ia-20260212T103152Z-3-001\proyecto-ia\multimodal-emocion\data\audio\raw\mesd_es\Happiness_C_B_acogedora.wav,joy,mesd_es,mesd_C_B,all,Happiness_C_B_acogedora,,
C:\Users\Rafa\Downloads\proyecto-ia-20260212T103152Z-3-001\proyecto-ia\multimodal-emocion\data\audio\raw\mesd_es\Happiness_C_B_aficion.wav,joy,mesd_es,mesd_C_B,all,Happiness_C_B_aficion,,
C:\Users\Rafa\Downloads\proyecto-ia-20260212T103152Z-3-001\proyecto-ia\multimodal-emocion\data\audio\raw\mesd_es\Happiness_C_B_aplausos.wav,joy,mesd_es,mesd_C_B,all,Happiness_C_B_aplausos,,
C:\Users\Rafa\Downloads\proyecto-ia-20260212T103152Z-3-001\proyecto-ia\multimodal-emocion\data\audio\raw\mesd_es\Happiness_C_B_atractivo.wav,joy,mesd_es,mesd_C_B,all,Happiness_C_B_atractivo,,
C:\Users\Rafa\Downloads\proyecto-ia-20260212T103152Z-3-001\proyecto-ia\multimodal-emocion\data\audio\raw\mesd_es\Happiness_C_B_aventurero.wav,joy,mesd_es,mesd_C_B,all,Happiness_C_B_aventurero,,
C:\Users\Rafa\Downloads\proyecto-ia-20260212T103152Z-3-001\proyecto-ia\multimodal-emocion\data\audio\raw\mesd_es\Happiness_C_B_baile.wav,joy,mesd_es,mesd_C_B,all,Happiness_C_B_baile,,
C:\Users\Rafa\Downloads\proyecto-ia-20260212T103152Z-3-001\proyecto-ia\multimodal-emocion\data\audio\raw\mesd_es\Happiness_C_B_bebe.wav,joy,mesd_es,mesd_C_B,all,Happiness_C_B_bebe,,
C:\Users\Rafa\Downloads\proyecto-ia-20260212T103152Z-3-001\proyecto-ia\multimodal-emocion\data\audio\raw\mesd_es\Happiness_C_B_bello.wav,joy,mesd_es,mesd_C_B,all,Happiness_C_B_bello,,
C:\Users\Rafa\Downloads\proyecto-ia-20260212T103152Z-3-001\proyecto-ia\multimodal-emocion\data\audio\raw\mesd_es\Happiness_C_B_calmado.wav,joy,mesd_es,mesd_C_B,all,Happiness_C_B_calmado,,
C:\Users\Rafa\Downloads\proyecto-ia-20260212T103152Z-3-001\proyecto-ia\multimodal-emocion\data\audio\raw\mesd_es\Happiness_C_B_carcajada.wav,joy,mesd_es,mesd_C_B,all,Happiness_C_B_carcajada,,
C:\Users\Rafa\Downloads\proyecto-ia-20260212T103152Z-3-001\proyecto-ia\multimodal-emocion\data\audio\raw\mesd_es\Happiness_C_B_celebracion.wav,joy,mesd_es,mesd_C_B,all,Happiness_C_B_celebracion,,
C:\Users\Rafa\Downloads\proyecto-ia-20260212T103152Z-3-001\proyecto-ia\multimodal-emocion\data\audio\raw\mesd_es\Happiness_C_B_chistoso.wav,joy,mesd_es,mesd_C_B,all,Happiness_C_B_chistoso,,
C:\Users\Rafa\Downloads\proyecto-ia-20260212T103152Z-3-001\proyecto-ia\multimodal-emocion\data\audio\raw\mesd_es\Happiness_C_B_cita.wav,joy,mesd_es,mesd_C_B,all,Happiness_C_B_cita,,
C:\Users\Rafa\Downloads\proyecto-ia-20260212T103152Z-3-001\proyecto-ia\multimodal-emocion\data\audio\raw\mesd_es\Happiness_C_B_clavel.wav,joy,mesd_es,mesd_C_B,all,Happiness_C_B_clavel,,
C:\Users\Rafa\Downloads\proyecto-ia-20260212T103152Z-3-001\proyecto-ia\multimodal-emocion\data\audio\raw\mesd_es\Happiness_C_B_coordinacion.wav,joy,mesd_es,mesd_C_B,all,Happiness_C_B_coordinacion,,
C:\Users\Rafa\Downloads\proyecto-ia-20260212T103152Z-3-001\proyecto-ia\multimodal-emocion\data\audio\raw\mesd_es\Happiness_C_B_creativo.wav,joy,mesd_es,mesd_C_B,all,Happiness_C_B_creativo,,
C:\Users\Rafa\Downloads\proyecto-ia-20260212T103152Z-3-001\proyecto-ia\multimodal-emocion\data\audio\raw\mesd_es\Happiness_C_B_danza.wav,joy,mesd_es,mesd_C_B,all,Happiness_C_B_danza,,
C:\Users\Rafa\Downloads\proyecto-ia-20260212T103152Z-3-001\proyecto-ia\multimodal-emocion\data\audio\raw\mesd_es\Happiness_C_B_delicioso.wav,joy,mesd_es,mesd_C_B,all,Happiness_C_B_delicioso,,
C:\Users\Rafa\Downloads\proyecto-ia-20260212T103152Z-3-001\proyecto-ia\multimodal-emocion\data\audio\raw\mesd_es\Happiness_C_B_fantastico.wav,joy,mesd_es,mesd_C_B,all,Happiness_C_B_fantastico,,
C:\Users\Rafa\Downloads\proyecto-ia-20260212T103152Z-3-001\proyecto-ia\multimodal-emocion\data\audio\raw\mesd_es\Happiness_C_B_fresco.wav,joy,mesd_es,mesd_C_B,all,Happiness_C_B_fresco,,
C:\Users\Rafa\Downloads\proyecto-ia-20260212T103152Z-3-001\proyecto-ia\multimodal-emocion\data\audio\raw\mesd_es\Happiness_C_B_masaje.wav,joy,mesd_es,mesd_C_B,all,Happiness_C_B_masaje,,
C:\Users\Rafa\Downloads\proyecto-ia-20260212T103152Z-3-001\proyecto-ia\multimodal-emocion\data\audio\raw\mesd_es\Happiness_C_B_oasis.wav,joy,mesd_es,mesd_C_B,all,Happiness_C_B_oasis,,
C:\Users\Rafa\Downloads\proyecto-ia-20260212T103152Z-3-001\proyecto-ia\multimodal-emocion\data\audio\raw\mesd_es\Happiness_C_B_relax.wav,joy,mesd_es,mesd_C_B,all,Happiness_C_B_relax,,
C:\Users\Rafa\Downloads\proyecto-ia-20260212T103152Z-3-001\proyecto-ia\multimodal-emocion\data\audio\raw\mesd_es\Happiness_C_B_rosa.wav,joy,mesd_es,mesd_C_B,all,Happiness_C_B_rosa,,
C:\Users\Rafa\Downloads\proyecto-ia-20260212T103152Z-3-001\proyecto-ia\multimodal-emocion\data\audio\raw\mesd_es\Happiness_F_A_abajo.wav,joy,mesd_es,mesd_F_A,all,Happiness_F_A_abajo,,
C:\Users\Rafa\Downloads\proyecto-ia-20260212T103152Z-3-001\proyecto-ia\multimodal-emocion\data\audio\raw\mesd_es\Happiness_F_A_adios.wav,joy,mesd_es,mesd_F_A,all,Happiness_F_A_adios,,
C:\Users\Rafa\Downloads\proyecto-ia-20260212T103152Z-3-001\proyecto-ia\multimodal-emocion\data\audio\raw\mesd_es\Happiness_F_A_antes.wav,joy,mesd_es,mesd_F_A,all,Happiness_F_A_antes,,
C:\Users\Rafa\Downloads\proyecto-ia-20260212T103152Z-3-001\proyecto-ia\multimodal-emocion\data\audio\raw\mesd_es\Happiness_F_A_arriba.wav,joy,mesd_es,mesd_F_A,all,Happiness_F_A_arriba,,
C:\Users\Rafa\Downloads\proyecto-ia-20260212T103152Z-3-001\proyecto-ia\multimodal-emocion\data\audio\raw\mesd_es\Happiness_F_A_ayer.wav,joy,mesd_es,mesd_F_A,all,Happiness_F_A_ayer,,
C:\Users\Rafa\Downloads\proyecto-ia-20260212T103152Z-3-001\proyecto-ia\multimodal-emocion\data\audio\raw\mesd_es\Happiness_F_A_basta_ya.wav,joy,mesd_es,mesd_F_A,all,Happiness_F_A_basta_ya,,
C:\Users\Rafa\Downloads\proyecto-ia-20260212T103152Z-3-001\proyecto-ia\multimodal-emocion\data\audio\raw\mesd_es\Happiness_F_A_de_nada.wav,joy,mesd_es,mesd_F_A,all,Happiness_F_A_de_nada,,
C:\Users\Rafa\Downloads\proyecto-ia-20260212T103152Z-3-001\proyecto-ia\multimodal-emocion\data\audio\raw\mesd_es\Happiness_F_A_delante.wav,joy,mesd_es,mesd_F_A,all,Happiness_F_A_delante,,
C:\Users\Rafa\Downloads\proyecto-ia-20260212T103152Z-3-001\proyecto-ia\multimodal-emocion\data\audio\raw\mesd_es\Happiness_F_A_dentro.wav,joy,mesd_es,mesd_F_A,all,Happiness_F_A_dentro,,
C:\Users\Rafa\Downloads\proyecto-ia-20260212T103152Z-3-001\proyecto-ia\multimodal-emocion\data\audio\raw\mesd_es\Happiness_F_A_derecha.wav,joy,mesd_es,mesd_F_A,all,Happiness_F_A_derecha,,
C:\Users\Rafa\Downloads\proyecto-ia-20260212T103152Z-3-001\proyecto-ia\multimodal-emocion\data\audio\raw\mesd_es\Happiness_F_A_detras.wav,joy,mesd_es,mesd_F_A,all,Happiness_F_A_detras,,
C:\Users\Rafa\Downloads\proyecto-ia-20260212T103152Z-3-001\proyecto-ia\multimodal-emocion\data\audio\raw\mesd_es\Happiness_F_A_fuera.wav,joy,mesd_es,mesd_F_A,all,Happiness_F_A_fuera,,
C:\Users\Rafa\Downloads\proyecto-ia-20260212T103152Z-3-001\proyecto-ia\multimodal-emocion\data\audio\raw\mesd_es\Happiness_F_A_gracias.wav,joy,mesd_es,mesd_F_A,all,Happiness_F_A_gracias,,
C:\Users\Rafa\Downloads\proyecto-ia-20260212T103152Z-3-001\proyecto-ia\multimodal-emocion\data\audio\raw\mesd_es\Happiness_F_A_hola.wav,joy,mesd_es,mesd_F_A,all,Happiness_F_A_hola,,
C:\Users\Rafa\Downloads\proyecto-ia-20260212T103152Z-3-001\proyecto-ia\multimodal-emocion\data\audio\raw\mesd_es\Happiness_F_A_hoy.wav,joy,mesd_es,mesd_F_A,all,Happiness_F_A_hoy,,
C:\Users\Rafa\Downloads\proyecto-ia-20260212T103152Z-3-001\proyecto-ia\multimodal-emocion\data\audio\raw\mesd_es\Happiness_F_A_izquierda.wav,joy,mesd_es,mesd_F_A,all,Happiness_F_A_izquierda,,
C:\Users\Rafa\Downloads\proyecto-ia-20260212T103152Z-3-001\proyecto-ia\multimodal-emocion\data\audio\raw\mesd_es\Happiness_F_A_lento.wav,joy,mesd_es,mesd_F_A,all,Happiness_F_A_lento,,
C:\Users\Rafa\Downloads\proyecto-ia-20260212T103152Z-3-001\proyecto-ia\multimodal-emocion\data\audio\raw\mesd_es\Happiness_F_A_no.wav,joy,mesd_es,mesd_F_A,all,Happiness_F_A_no,,
C:\Users\Rafa\Downloads\proyecto-ia-20260212T103152Z-3-001\proyecto-ia\multimodal-emocion\data\audio\raw\mesd_es\Happiness_F_A_nunca.wav,joy,mesd_es,mesd_F_A,all,Happiness_F_A_nunca,,
C:\Users\Rafa\Downloads\proyecto-ia-20260212T103152Z-3-001\proyecto-ia\multimodal-emocion\data\audio\raw\mesd_es\Happiness_F_A_por_favor.wav,joy,mesd_es,mesd_F_A,all,Happiness_F_A_por_favor,,
C:\Users\Rafa\Downloads\proyecto-ia-20260212T103152Z-3-001\proyecto-ia\multimodal-emocion\data\audio\raw\mesd_es\Happiness_F_A_pronto.wav,joy,mesd_es,mesd_F_A,all,Happiness_F_A_pronto,,
C:\Users\Rafa\Downloads\proyecto-ia-20260212T103152Z-3-001\proyecto-ia\multimodal-emocion\data\audio\raw\mesd_es\Happiness_F_A_rapido.wav,joy,mesd_es,mesd_F_A,all,Happiness_F_A_rapido,,
C:\Users\Rafa\Downloads\proyecto-ia-20260212T103152Z-3-001\proyecto-ia\multimodal-emocion\data\audio\raw\mesd_es\Happiness_F_A_si.wav,joy,mesd_es,mesd_F_A,all,Happiness_F_A_si,,
C:\Users\Rafa\Downloads\proyecto-ia-20260212T103152Z-3-001\proyecto-ia\multimodal-emocion\data\audio\raw\mesd_es\Happiness_F_A_tarde.wav,joy,mesd_es,mesd_F_A,all,Happiness_F_A_tarde,,
C:\Users\Rafa\Downloads\proyecto-ia-20260212T103152Z-3-001\proyecto-ia\multimodal-emocion\data\audio\raw\mesd_es\Happiness_F_B_aficion.wav,joy,mesd_es,mesd_F_B,all,Happiness_F_B_aficion,,
C:\Users\Rafa\Downloads\proyecto-ia-20260212T103152Z-3-001\proyecto-ia\multimodal-emocion\data\audio\raw\mesd_es\Happiness_F_B_aglomeracion.wav,joy,mesd_es,mesd_F_B,all,Happiness_F_B_aglomeracion,,
C:\Users\Rafa\Downloads\proyecto-ia-20260212T103152Z-3-001\proyecto-ia\multimodal-emocion\data\audio\raw\mesd_es\Happiness_F_B_atractivo.wav,joy,mesd_es,mesd_F_B,all,Happiness_F_B_atractivo,,
C:\Users\Rafa\Downloads\proyecto-ia-20260212T103152Z-3-001\proyecto-ia\multimodal-emocion\data\audio\raw\mesd_es\Happiness_F_B_aventurero.wav,joy,mesd_es,mesd_F_B,all,Happiness_F_B_aventurero,,
C:\Users\Rafa\Downloads\proyecto-ia-20260212T103152Z-3-001\proyecto-ia\multimodal-emocion\data\audio\raw\mesd_es\Happiness_F_B_baile.wav,joy,mesd_es,mesd_F_B,all,Happiness_F_B_baile,,
C:\Users\Rafa\Downloads\proyecto-ia-20260212T103152Z-3-001\proyecto-ia\multimodal-emocion\data\audio\raw\mesd_es\Happiness_F_B_bebe.wav,joy,mesd_es,mesd_F_B,all,Happiness_F_B_bebe,,
C:\Users\Rafa\Downloads\proyecto-ia-20260212T103152Z-3-001\proyecto-ia\multimodal-emocion\data\audio\raw\mesd_es\Happiness_F_B_bello.wav,joy,mesd_es,mesd_F_B,all,Happiness_F_B_bello,,
C:\Users\Rafa\Downloads\proyecto-ia-20260212T103152Z-3-001\proyecto-ia\multimodal-emocion\data\audio\raw\mesd_es\Happiness_F_B_calma.wav,joy,mesd_es,mesd_F_B,all,Happiness_F_B_calma,,
C:\Users\Rafa\Downloads\proyecto-ia-20260212T103152Z-3-001\proyecto-ia\multimodal-emocion\data\audio\raw\mesd_es\Happiness_F_B_calmado.wav,joy,mesd_es,mesd_F_B,all,Happiness_F_B_calmado,,
C:\Users\Rafa\Downloads\proyecto-ia-20260212T103152Z-3-001\proyecto-ia\multimodal-emocion\data\audio\raw\mesd_es\Happiness_F_B_chiminea.wav,joy,mesd_es,mesd_F_B,all,Happiness_F_B_chiminea,,
C:\Users\Rafa\Downloads\proyecto-ia-20260212T103152Z-3-001\proyecto-ia\multimodal-emocion\data\audio\raw\mesd_es\Happiness_F_B_clavel.wav,joy,mesd_es,mesd_F_B,all,Happiness_F_B_clavel,,
C:\Users\Rafa\Downloads\proyecto-ia-20260212T103152Z-3-001\proyecto-ia\multimodal-emocion\data\audio\raw\mesd_es\Happiness_F_B_comico.wav,joy,mesd_es,mesd_F_B,all,Happiness_F_B_comico,,
C:\Users\Rafa\Downloads\proyecto-ia-20260212T103152Z-3-001\proyecto-ia\multimodal-emocion\data\audio\raw\mesd_es\Happiness_F_B_delfin.wav,joy,mesd_es,mesd_F_B,all,Happiness_F_B_delfin,,
C:\Users\Rafa\Downloads\proyecto-ia-20260212T103152Z-3-001\proyecto-ia\multimodal-emocion\data\audio\raw\mesd_es\Happiness_F_B_delicadeza.wav,joy,mesd_es,mesd_F_B,all,Happiness_F_B_delicadeza,,
C:\Users\Rafa\Downloads\proyecto-ia-20260212T103152Z-3-001\proyecto-ia\multimodal-emocion\data\audio\raw\mesd_es\Happiness_F_B_estudioso.wav,joy,mesd_es,mesd_F_B,all,Happiness_F_B_estudioso,,
C:\Users\Rafa\Downloads\proyecto-ia-20260212T103152Z-3-001\proyecto-ia\multimodal-emocion\data\audio\raw\mesd_es\Happiness_F_B_fantastico.wav,joy,mesd_es,mesd_F_B,all,Happiness_F_B_fantastico,,
C:\Users\Rafa\Downloads\proyecto-ia-20260212T103152Z-3-001\proyecto-ia\multimodal-emocion\data\audio\raw\mesd_es\Happiness_F_B_fresco.wav,joy,mesd_es,mesd_F_B,all,Happiness_F_B_fresco,,
C:\Users\Rafa\Downloads\proyecto-ia-20260212T103152Z-3-001\proyecto-ia\multimodal-emocion\data\audio\raw\mesd_es\Happiness_F_B_masaje.wav,joy,mesd_es,mesd_F_B,all,Happiness_F_B_masaje,,
C:\Users\Rafa\Downloads\proyecto-ia-20260212T103152Z-3-001\proyecto-ia\multimodal-emocion\data\audio\raw\mesd_es\Happiness_F_B_oasis.wav,joy,mesd_es,mesd_F_B,all,Happiness_F_B_oasis,,
C:\Users\Rafa\Downloads\proyecto-ia-20260212T103152Z-3-001\proyecto-ia\multimodal-emocion\data\audio\raw\mesd_es\Happiness_F_B_refrescante.wav,joy,mesd_es,mesd_F_B,all,Happiness_F_B_refrescante,,
C:\Users\Rafa\Downloads\proyecto-ia-20260212T103152Z-3-001\proyecto-ia\multimodal-emocion\data\audio\raw\mesd_es\Happiness_F_B_rosa.wav,joy,mesd_es,mesd_F_B,all,Happiness_F_B_rosa,,
C:\Users\Rafa\Downloads\proyecto-ia-20260212T103152Z-3-001\proyecto-ia\multimodal-emocion\data\audio\raw\mesd_es\Happiness_F_B_siesta.wav,joy,mesd_es,mesd_F_B,all,Happiness_F_B_siesta,,
C:\Users\Rafa\Downloads\proyecto-ia-20260212T103152Z-3-001\proyecto-ia\multimodal-emocion\data\audio\raw\mesd_es\Happiness_F_B_ternura.wav,joy,mesd_es,mesd_F_B,all,Happiness_F_B_ternura,,
C:\Users\Rafa\Downloads\proyecto-ia-20260212T103152Z-3-001\proyecto-ia\multimodal-emocion\data\audio\raw\mesd_es\Happiness_F_B_velas.wav,joy,mesd_es,mesd_F_B,all,Happiness_F_B_velas,,
C:\Users\Rafa\Downloads\proyecto-ia-20260212T103152Z-3-001\proyecto-ia\multimodal-emocion\data\audio\raw\mesd_es\Happiness_M_A_abajo.wav,joy,mesd_es,mesd_M_A,all,Happiness_M_A_abajo,,
C:\Users\Rafa\Downloads\proyecto-ia-20260212T103152Z-3-001\proyecto-ia\multimodal-emocion\data\audio\raw\mesd_es\Happiness_M_A_adios.wav,joy,mesd_es,mesd_M_A,all,Happiness_M_A_adios,,
C:\Users\Rafa\Downloads\proyecto-ia-20260212T103152Z-3-001\proyecto-ia\multimodal-emocion\data\audio\raw\mesd_es\Happiness_M_A_antes.wav,joy,mesd_es,mesd_M_A,all,Happiness_M_A_antes,,
C:\Users\Rafa\Downloads\proyecto-ia-20260212T103152Z-3-001\proyecto-ia\multimodal-emocion\data\audio\raw\mesd_es\Happiness_M_A_arriba.wav,joy,mesd_es,mesd_M_A,all,Happiness_M_A_arriba,,
C:\Users\Rafa\Downloads\proyecto-ia-20260212T103152Z-3-001\proyecto-ia\multimodal-emocion\data\audio\raw\mesd_es\Happiness_M_A_ayer.wav,joy,mesd_es,mesd_M_A,all,Happiness_M_A_ayer,,
C:\Users\Rafa\Downloads\proyecto-ia-20260212T103152Z-3-001\proyecto-ia\multimodal-emocion\data\audio\raw\mesd_es\Happiness_M_A_basta_ya.wav,joy,mesd_es,mesd_M_A,all,Happiness_M_A_basta_ya,,
C:\Users\Rafa\Downloads\proyecto-ia-20260212T103152Z-3-001\proyecto-ia\multimodal-emocion\data\audio\raw\mesd_es\Happiness_M_A_de_nada.wav,joy,mesd_es,mesd_M_A,all,Happiness_M_A_de_nada,,
C:\Users\Rafa\Downloads\proyecto-ia-20260212T103152Z-3-001\proyecto-ia\multimodal-emocion\data\audio\raw\mesd_es\Happiness_M_A_delante.wav,joy,mesd_es,mesd_M_A,all,Happiness_M_A_delante,,
C:\Users\Rafa\Downloads\proyecto-ia-20260212T103152Z-3-001\proyecto-ia\multimodal-emocion\data\audio\raw\mesd_es\Happiness_M_A_dentro.wav,joy,mesd_es,mesd_M_A,all,Happiness_M_A_dentro,,
C:\Users\Rafa\Downloads\proyecto-ia-20260212T103152Z-3-001\proyecto-ia\multimodal-emocion\data\audio\raw\mesd_es\Happiness_M_A_derecha.wav,joy,mesd_es,mesd_M_A,all,Happiness_M_A_derecha,,
C:\Users\Rafa\Downloads\proyecto-ia-20260212T103152Z-3-001\proyecto-ia\multimodal-emocion\data\audio\raw\mesd_es\Happiness_M_A_detras.wav,joy,mesd_es,mesd_M_A,all,Happiness_M_A_detras,,
C:\Users\Rafa\Downloads\proyecto-ia-20260212T103152Z-3-001\proyecto-ia\multimodal-emocion\data\audio\raw\mesd_es\Happiness_M_A_fuera.wav,joy,mesd_es,mesd_M_A,all,Happiness_M_A_fuera,,
C:\Users\Rafa\Downloads\proyecto-ia-20260212T103152Z-3-001\proyecto-ia\multimodal-emocion\data\audio\raw\mesd_es\Happiness_M_A_gracias.wav,joy,mesd_es,mesd_M_A,all,Happiness_M_A_gracias,,
C:\Users\Rafa\Downloads\proyecto-ia-20260212T103152Z-3-001\proyecto-ia\multimodal-emocion\data\audio\raw\mesd_es\Happiness_M_A_hola.wav,joy,mesd_es,mesd_M_A,all,Happiness_M_A_hola,,
C:\Users\Rafa\Downloads\proyecto-ia-20260212T103152Z-3-001\proyecto-ia\multimodal-emocion\data\audio\raw\mesd_es\Happiness_M_A_hoy.wav,joy,mesd_es,mesd_M_A,all,Happiness_M_A_hoy,,
C:\Users\Rafa\Downloads\proyecto-ia-20260212T103152Z-3-001\proyecto-ia\multimodal-emocion\data\audio\raw\mesd_es\Happiness_M_A_izquierda.wav,joy,mesd_es,mesd_M_A,all,Happiness_M_A_izquierda,,
C:\Users\Rafa\Downloads\proyecto-ia-20260212T103152Z-3-001\proyecto-ia\multimodal-emocion\data\audio\raw\mesd_es\Happiness_M_A_lento.wav,joy,mesd_es,mesd_M_A,all,Happiness_M_A_lento,,
C:\Users\Rafa\Downloads\proyecto-ia-20260212T103152Z-3-001\proyecto-ia\multimodal-emocion\data\audio\raw\mesd_es\Happiness_M_A_no.wav,joy,mesd_es,mesd_M_A,all,Happiness_M_A_no,,
C:\Users\Rafa\Downloads\proyecto-ia-20260212T103152Z-3-001\proyecto-ia\multimodal-emocion\data\audio\raw\mesd_es\Happiness_M_A_nunca.wav,joy,mesd_es,mesd_M_A,all,Happiness_M_A_nunca,,
C:\Users\Rafa\Downloads\proyecto-ia-20260212T103152Z-3-001\proyecto-ia\multimodal-emocion\data\audio\raw\mesd_es\Happiness_M_A_por_favor.wav,joy,mesd_es,mesd_M_A,all,Happiness_M_A_por_favor,,
C:\Users\Rafa\Downloads\proyecto-ia-20260212T103152Z-3-001\proyecto-ia\multimodal-emocion\data\audio\raw\mesd_es\Happiness_M_A_pronto.wav,joy,mesd_es,mesd_M_A,all,Happiness_M_A_pronto,,
C:\Users\Rafa\Downloads\proyecto-ia-20260212T103152Z-3-001\proyecto-ia\multimodal-emocion\data\audio\raw\mesd_es\Happiness_M_A_rapido.wav,joy,mesd_es,mesd_M_A,all,Happiness_M_A_rapido,,
C:\Users\Rafa\Downloads\proyecto-ia-20260212T103152Z-3-001\proyecto-ia\multimodal-emocion\data\audio\raw\mesd_es\Happiness_M_A_si.wav,joy,mesd_es,mesd_M_A,all,Happiness_M_A_si,,
C:\Users\Rafa\Downloads\proyecto-ia-20260212T103152Z-3-001\proyecto-ia\multimodal-emocion\data\audio\raw\mesd_es\Happiness_M_A_tarde.wav,joy,mesd_es,mesd_M_A,all,Happiness_M_A_tarde,,
C:\Users\Rafa\Downloads\proyecto-ia-20260212T103152Z-3-001\proyecto-ia\multimodal-emocion\data\audio\raw\mesd_es\Happiness_M_B_aficion.wav,joy,mesd_es,mesd_M_B,all,Happiness_M_B_aficion,,
C:\Users\Rafa\Downloads\proyecto-ia-20260212T103152Z-3-001\proyecto-ia\multimodal-emocion\data\audio\raw\mesd_es\Happiness_M_B_agua.wav,joy,mesd_es,mesd_M_B,all,Happiness_M_B_agua,,
C:\Users\Rafa\Downloads\proyecto-ia-20260212T103152Z-3-001\proyecto-ia\multimodal-emocion\data\audio\raw\mesd_es\Happiness_M_B_alegria.wav,joy,mesd_es,mesd_M_B,all,Happiness_M_B_alegria,,
C:\Users\Rafa\Downloads\proyecto-ia-20260212T103152Z-3-001\proyecto-ia\multimodal-emocion\data\audio\raw\mesd_es\Happiness_M_B_amistad.wav,joy,mesd_es,mesd_M_B,all,Happiness_M_B_amistad,,
C:\Users\Rafa\Downloads\proyecto-ia-20260212T103152Z-3-001\proyecto-ia\multimodal-emocion\data\audio\raw\mesd_es\Happiness_M_B_antiguo.wav,joy,mesd_es,mesd_M_B,all,Happiness_M_B_antiguo,,
C:\Users\Rafa\Downloads\proyecto-ia-20260212T103152Z-3-001\proyecto-ia\multimodal-emocion\data\audio\raw\mesd_es\Happiness_M_B_astuto.wav,joy,mesd_es,mesd_M_B,all,Happiness_M_B_astuto,,
C:\Users\Rafa\Downloads\proyecto-ia-20260212T103152Z-3-001\proyecto-ia\multimodal-emocion\data\audio\raw\mesd_es\Happiness_M_B_atractivo.wav,joy,mesd_es,mesd_M_B,all,Happiness_M_B_atractivo,,
C:\Users\Rafa\Downloads\proyecto-ia-20260212T103152Z-3-001\proyecto-ia\multimodal-emocion\data\audio\raw\mesd_es\Happiness_M_B_aventurero.wav,joy,mesd_es,mesd_M_B,all,Happiness_M_B_aventurero,,
C:\Users\Rafa\Downloads\proyecto-ia-20260212T103152Z-3-001\proyecto-ia\multimodal-emocion\data\audio\raw\mesd_es\Happiness_M_B_baile.wav,joy,mesd_es,mesd_M_B,all,Happiness_M_B_baile,,
C:\Users\Rafa\Downloads\proyecto-ia-20260212T103152Z-3-001\proyecto-ia\multimodal-emocion\data\audio\raw\mesd_es\Happiness_M_B_bebe.wav,joy,mesd_es,mesd_M_B,all,Happiness_M_B_bebe,,
C:\Users\Rafa\Downloads\proyecto-ia-20260212T103152Z-3-001\proyecto-ia\multimodal-emocion\data\audio\raw\mesd_es\Happiness_M_B_broma.wav,joy,mesd_es,mesd_M_B,all,Happiness_M_B_broma,,
C:\Users\Rafa\Downloads\proyecto-ia-20260212T103152Z-3-001\proyecto-ia\multimodal-emocion\data\audio\raw\mesd_es\Happiness_M_B_calma.wav,joy,mesd_es,mesd_M_B,all,Happiness_M_B_calma,,
C:\Users\Rafa\Downloads\proyecto-ia-20260212T103152Z-3-001\proyecto-ia\multimodal-emocion\data\audio\raw\mesd_es\Happiness_M_B_calmado.wav,joy,mesd_es,mesd_M_B,all,Happiness_M_B_calmado,,
C:\Users\Rafa\Downloads\proyecto-ia-20260212T103152Z-3-001\proyecto-ia\multimodal-emocion\data\audio\raw\mesd_es\Happiness_M_B_confidente.wav,joy,mesd_es,mesd_M_B,all,Happiness_M_B_confidente,,
C:\Users\Rafa\Downloads\proyecto-ia-20260212T103152Z-3-001\proyecto-ia\multimodal-emocion\data\audio\raw\mesd_es\Happiness_M_B_ducha.wav,joy,mesd_es,mesd_M_B,all,Happiness_M_B_ducha,,
C:\Users\Rafa\Downloads\proyecto-ia-20260212T103152Z-3-001\proyecto-ia\multimodal-emocion\data\audio\raw\mesd_es\Happiness_M_B_ensueno.wav,joy,mesd_es,mesd_M_B,all,Happiness_M_B_ensueno,,
C:\Users\Rafa\Downloads\proyecto-ia-20260212T103152Z-3-001\proyecto-ia\multimodal-emocion\data\audio\raw\mesd_es\Happiness_M_B_esplendido.wav,joy,mesd_es,mesd_M_B,all,Happiness_M_B_esplendido,,
C:\Users\Rafa\Downloads\proyecto-ia-20260212T103152Z-3-001\proyecto-ia\multimodal-emocion\data\audio\raw\mesd_es\Happiness_M_B_fresco.wav,joy,mesd_es,mesd_M_B,all,Happiness_M_B_fresco,,
C:\Users\Rafa\Downloads\proyecto-ia-20260212T103152Z-3-001\proyecto-ia\multimodal-emocion\data\audio\raw\mesd_es\Happiness_M_B_pelirrojo.wav,joy,mesd_es,mesd_M_B,all,Happiness_M_B_pelirrojo,,
C:\Users\Rafa\Downloads\proyecto-ia-20260212T103152Z-3-001\proyecto-ia\multimodal-emocion\data\audio\raw\mesd_es\Happiness_M_B_relajacion.wav,joy,mesd_es,mesd_M_B,all,Happiness_M_B_relajacion,,
C:\Users\Rafa\Downloads\proyecto-ia-20260212T103152Z-3-001\proyecto-ia\multimodal-emocion\data\audio\raw\mesd_es\Happiness_M_B_respiracion.wav,joy,mesd_es,mesd_M_B,all,Happiness_M_B_respiracion,,
C:\Users\Rafa\Downloads\proyecto-ia-20260212T103152Z-3-001\proyecto-ia\multimodal-emocion\data\audio\raw\mesd_es\Happiness_M_B_satisfaccion.wav,joy,mesd_es,mesd_M_B,all,Happiness_M_B_satisfaccion,,
C:\Users\Rafa\Downloads\proyecto-ia-20260212T103152Z-3-001\proyecto-ia\multimodal-emocion\data\audio\raw\mesd_es\Happiness_M_B_siesta.wav,joy,mesd_es,mesd_M_B,all,Happiness_M_B_siesta,,
C:\Users\Rafa\Downloads\proyecto-ia-20260212T103152Z-3-001\proyecto-ia\multimodal-emocion\data\audio\raw\mesd_es\Happiness_M_B_tranquilidad.wav,joy,mesd_es,mesd_M_B,all,Happiness_M_B_tranquilidad,,
C:\Users\Rafa\Downloads\proyecto-ia-20260212T103152Z-3-001\proyecto-ia\multimodal-emocion\data\audio\raw\mesd_es\Neutral_C_A_abajo.wav,neutral,mesd_es,mesd_C_A,all,Neutral_C_A_abajo,,
C:\Users\Rafa\Downloads\proyecto-ia-20260212T103152Z-3-001\proyecto-ia\multimodal-emocion\data\audio\raw\mesd_es\Neutral_C_A_adios.wav,neutral,mesd_es,mesd_C_A,all,Neutral_C_A_adios,,
C:\Users\Rafa\Downloads\proyecto-ia-20260212T103152Z-3-001\proyecto-ia\multimodal-emocion\data\audio\raw\mesd_es\Neutral_C_A_antes.wav,neutral,mesd_es,mesd_C_A,all,Neutral_C_A_antes,,
C:\Users\Rafa\Downloads\proyecto-ia-20260212T103152Z-3-001\proyecto-ia\multimodal-emocion\data\audio\raw\mesd_es\Neutral_C_A_arriba.wav,neutral,mesd_es,mesd_C_A,all,Neutral_C_A_arriba,,
C:\Users\Rafa\Downloads\proyecto-ia-20260212T103152Z-3-001\proyecto-ia\multimodal-emocion\data\audio\raw\mesd_es\Neutral_C_A_ayer.wav,neutral,mesd_es,mesd_C_A,all,Neutral_C_A_ayer,,
C:\Users\Rafa\Downloads\proyecto-ia-20260212T103152Z-3-001\proyecto-ia\multimodal-emocion\data\audio\raw\mesd_es\Neutral_C_A_basta_ya.wav,neutral,mesd_es,mesd_C_A,all,Neutral_C_A_basta_ya,,
C:\Users\Rafa\Downloads\proyecto-ia-20260212T103152Z-3-001\proyecto-ia\multimodal-emocion\data\audio\raw\mesd_es\Neutral_C_A_de_nada.wav,neutral,mesd_es,mesd_C_A,all,Neutral_C_A_de_nada,,
C:\Users\Rafa\Downloads\proyecto-ia-20260212T103152Z-3-001\proyecto-ia\multimodal-emocion\data\audio\raw\mesd_es\Neutral_C_A_delante.wav,neutral,mesd_es,mesd_C_A,all,Neutral_C_A_delante,,
C:\Users\Rafa\Downloads\proyecto-ia-20260212T103152Z-3-001\proyecto-ia\multimodal-emocion\data\audio\raw\mesd_es\Neutral_C_A_dentro.wav,neutral,mesd_es,mesd_C_A,all,Neutral_C_A_dentro,,
C:\Users\Rafa\Downloads\proyecto-ia-20260212T103152Z-3-001\proyecto-ia\multimodal-emocion\data\audio\raw\mesd_es\Neutral_C_A_derecha.wav,neutral,mesd_es,mesd_C_A,all,Neutral_C_A_derecha,,
C:\Users\Rafa\Downloads\proyecto-ia-20260212T103152Z-3-001\proyecto-ia\multimodal-emocion\data\audio\raw\mesd_es\Neutral_C_A_detras.wav,neutral,mesd_es,mesd_C_A,all,Neutral_C_A_detras,,
C:\Users\Rafa\Downloads\proyecto-ia-20260212T103152Z-3-001\proyecto-ia\multimodal-emocion\data\audio\raw\mesd_es\Neutral_C_A_fuera.wav,neutral,mesd_es,mesd_C_A,all,Neutral_C_A_fuera,,
C:\Users\Rafa\Downloads\proyecto-ia-20260212T103152Z-3-001\proyecto-ia\multimodal-emocion\data\audio\raw\mesd_es\Neutral_C_A_gracias.wav,neutral,mesd_es,mesd_C_A,all,Neutral_C_A_gracias,,
C:\Users\Rafa\Downloads\proyecto-ia-20260212T103152Z-3-001\proyecto-ia\multimodal-emocion\data\audio\raw\mesd_es\Neutral_C_A_hola.wav,neutral,mesd_es,mesd_C_A,all,Neutral_C_A_hola,,
C:\Users\Rafa\Downloads\proyecto-ia-20260212T103152Z-3-001\proyecto-ia\multimodal-emocion\data\audio\raw\mesd_es\Neutral_C_A_hoy.wav,neutral,mesd_es,mesd_C_A,all,Neutral_C_A_hoy,,
C:\Users\Rafa\Downloads\proyecto-ia-20260212T103152Z-3-001\proyecto-ia\multimodal-emocion\data\audio\raw\mesd_es\Neutral_C_A_izquierda.wav,neutral,mesd_es,mesd_C_A,all,Neutral_C_A_izquierda,,
C:\Users\Rafa\Downloads\proyecto-ia-20260212T103152Z-3-001\proyecto-ia\multimodal-emocion\data\audio\raw\mesd_es\Neutral_C_A_lento.wav,neutral,mesd_es,mesd_C_A,all,Neutral_C_A_lento,,
C:\Users\Rafa\Downloads\proyecto-ia-20260212T103152Z-3-001\proyecto-ia\multimodal-emocion\data\audio\raw\mesd_es\Neutral_C_A_no.wav,neutral,mesd_es,mesd_C_A,all,Neutral_C_A_no,,
C:\Users\Rafa\Downloads\proyecto-ia-20260212T103152Z-3-001\proyecto-ia\multimodal-emocion\data\audio\raw\mesd_es\Neutral_C_A_nunca.wav,neutral,mesd_es,mesd_C_A,all,Neutral_C_A_nunca,,
C:\Users\Rafa\Downloads\proyecto-ia-20260212T103152Z-3-001\proyecto-ia\multimodal-emocion\data\audio\raw\mesd_es\Neutral_C_A_por_favor.wav,neutral,mesd_es,mesd_C_A,all,Neutral_C_A_por_favor,,
C:\Users\Rafa\Downloads\proyecto-ia-20260212T103152Z-3-001\proyecto-ia\multimodal-emocion\data\audio\raw\mesd_es\Neutral_C_A_pronto.wav,neutral,mesd_es,mesd_C_A,all,Neutral_C_A_pronto,,
C:\Users\Rafa\Downloads\proyecto-ia-20260212T103152Z-3-001\proyecto-ia\multimodal-emocion\data\audio\raw\mesd_es\Neutral_C_A_rapido.wav,neutral,mesd_es,mesd_C_A,all,Neutral_C_A_rapido,,
C:\Users\Rafa\Downloads\proyecto-ia-20260212T103152Z-3-001\proyecto-ia\multimodal-emocion\data\audio\raw\mesd_es\Neutral_C_A_si.wav,neutral,mesd_es,mesd_C_A,all,Neutral_C_A_si,,
C:\Users\Rafa\Downloads\proyecto-ia-20260212T103152Z-3-001\proyecto-ia\multimodal-emocion\data\audio\raw\mesd_es\Neutral_C_B_bola.wav,neutral,mesd_es,mesd_C_B,all,Neutral_C_B_bola,,
C:\Users\Rafa\Downloads\proyecto-ia-20260212T103152Z-3-001\proyecto-ia\multimodal-emocion\data\audio\raw\mesd_es\Neutral_C_B_boton.wav,neutral,mesd_es,mesd_C_B,all,Neutral_C_B_boton,,
C:\Users\Rafa\Downloads\proyecto-ia-20260212T103152Z-3-001\proyecto-ia\multimodal-emocion\data\audio\raw\mesd_es\Neutral_C_B_colorado.wav,neutral,mesd_es,mesd_C_B,all,Neutral_C_B_colorado,,
C:\Users\Rafa\Downloads\proyecto-ia-20260212T103152Z-3-001\proyecto-ia\multimodal-emocion\data\audio\raw\mesd_es\Neutral_C_B_congelado.wav,neutral,mesd_es,mesd_C_B,all,Neutral_C_B_congelado,,
C:\Users\Rafa\Downloads\proyecto-ia-20260212T103152Z-3-001\proyecto-ia\multimodal-emocion\data\audio\raw\mesd_es\Neutral_C_B_delgado.wav,neutral,mesd_es,mesd_C_B,all,Neutral_C_B_delgado,,
C:\Users\Rafa\Downloads\proyecto-ia-20260212T103152Z-3-001\proyecto-ia\multimodal-emocion\data\audio\raw\mesd_es\Neutral_C_B_elevado.wav,neutral,mesd_es,mesd_C_B,all,Neutral_C_B_elevado,,
C:\Users\Rafa\Downloads\proyecto-ia-20260212T103152Z-3-001\proyecto-ia\multimodal-emocion\data\audio\raw\mesd_es\Neutral_C_B_escurridizo.wav,neutral,mesd_es,mesd_C_B,all,Neutral_C_B_escurridizo,,
C:\Users\Rafa\Downloads\proyecto-ia-20260212T103152Z-3-001\proyecto-ia\multimodal-emocion\data\audio\raw\mesd_es\Neutral_C_B_espacial.wav,neutral,mesd_es,mesd_C_B,all,Neutral_C_B_espacial,,
C:\Users\Rafa\Downloads\proyecto-ia-20260212T103152Z-3-001\proyecto-ia\multimodal-emocion\data\audio\raw\mesd_es\Neutral_C_B_estrecho.wav,neutral,mesd_es,mesd_C_B,all,Neutral_C_B_estrecho,,
C:\Users\Rafa\Downloads\proyecto-ia-20260212T103152Z-3-001\proyecto-ia\multimodal-emocion\data\audio\raw\mesd_es\Neutral_C_B_extenso.wav,neutral,mesd_es,mesd_C_B,all,Neutral_C_B_extenso,,
C:\Users\Rafa\Downloads\proyecto-ia-20260212T103152Z-3-001\proyecto-ia\multimodal-emocion\data\audio\raw\mesd_es\Neutral_C_B_ferrocarril.wav,neutral,mesd_es,mesd_C_B,all,Neutral_C_B_ferrocarril,,
C:\Users\Rafa\Downloads\proyecto-ia-20260212T103152Z-3-001\proyecto-ia\multimodal-emocion\data\audio\raw\mesd_es\Neutral_C_B_hondo.wav,neutral,mesd_es,mesd_C_B,all,Neutral_C_B_hondo,,
C:\Users\Rafa\Downloads\proyecto-ia-20260212T103152Z-3-001\proyecto-ia\multimodal-emocion\data\audio\raw\mesd_es\Neutral_C_B_humedo.wav,neutral,mesd_es,mesd_C_B,all,Neutral_C_B_humedo,,
C:\Users\Rafa\Downloads\proyecto-ia-20260212T103152Z-3-001\proyecto-ia\multimodal-emocion\data\audio\raw\mesd_es\Neutral_C_B_labrador.wav,neutral,mesd_es,mesd_C_B,all,Neutral_C_B_labrador,,
C:\Users\Rafa\Downloads\proyecto-ia-20260212T103152Z-3-001\proyecto-ia\multimodal-emocion\data\audio\raw\mesd_es\Neutral_C_B_mecanico.wav,neutral,mesd_es,mesd_C_B,all,Neutral_C_B_mecanico,,
C:\Users\Rafa\Downloads\proyecto-ia-20260212T103152Z-3-001\proyecto-ia\multimodal-emocion\data\audio\raw\mesd_es\Neutral_C_B_mimado.wav,neutral,mesd_es,mesd_C_B,all,Neutral_C_B_mimado,,
C:\Users\Rafa\Downloads\proyecto-ia-20260212T103152Z-3-001\proyecto-ia\multimodal-emocion\data\audio\raw\mesd_es\Neutral_C_B_mojado.wav,neutral,mesd_es,mesd_C_B,all,Neutral_C_B_mojado,,
C:\Users\Rafa\Downloads\proyecto-ia-20260212T103152Z-3-001\proyecto-ia\multimodal-emocion\data\audio\raw\mesd_es\Neutral_C_B_pelirrojo.wav,neutral,mesd_es,mesd_C_B,all,Neutral_C_B_pelirrojo,,
C:\Users\Rafa\Downloads\proyecto-ia-20260212T103152Z-3-001\proyecto-ia\multimodal-emocion\data\audio\raw\mesd_es\Neutral_C_B_rizado.wav,neutral,mesd_es,mesd_C_B,all,Neutral_C_B_rizado,,
C:\Users\Rafa\Downloads\proyecto-ia-20260212T103152Z-3-001\proyecto-ia\multimodal-emocion\data\audio\raw\mesd_es\Neutral_C_B_robusto.wav,neutral,mesd_es,mesd_C_B,all,Neutral_C_B_robusto,,
C:\Users\Rafa\Downloads\proyecto-ia-20260212T103152Z-3-001\proyecto-ia\multimodal-emocion\data\audio\raw\mesd_es\Neutral_C_B_rueda.wav,neutral,mesd_es,mesd_C_B,all,Neutral_C_B_rueda,,
C:\Users\Rafa\Downloads\proyecto-ia-20260212T103152Z-3-001\proyecto-ia\multimodal-emocion\data\audio\raw\mesd_es\Neutral_C_B_seco.wav,neutral,mesd_es,mesd_C_B,all,Neutral_C_B_seco,,
C:\Users\Rafa\Downloads\proyecto-ia-20260212T103152Z-3-001\proyecto-ia\multimodal-emocion\data\audio\raw\mesd_es\Neutral_C_B_temporal.wav,neutral,mesd_es,mesd_C_B,all,Neutral_C_B_temporal,,
C:\Users\Rafa\Downloads\proyecto-ia-20260212T103152Z-3-001\proyecto-ia\multimodal-emocion\data\audio\raw\mesd_es\Neutral_C_B_vapor.wav,neutral,mesd_es,mesd_C_B,all,Neutral_C_B_vapor,,
C:\Users\Rafa\Downloads\proyecto-ia-20260212T103152Z-3-001\proyecto-ia\multimodal-emocion\data\audio\raw\mesd_es\Neutral_F_A_abajo.wav,neutral,mesd_es,mesd_F_A,all,Neutral_F_A_abajo,,
C:\Users\Rafa\Downloads\proyecto-ia-20260212T103152Z-3-001\proyecto-ia\multimodal-emocion\data\audio\raw\mesd_es\Neutral_F_A_adios.wav,neutral,mesd_es,mesd_F_A,all,Neutral_F_A_adios,,
C:\Users\Rafa\Downloads\proyecto-ia-20260212T103152Z-3-001\proyecto-ia\multimodal-emocion\data\audio\raw\mesd_es\Neutral_F_A_antes.wav,neutral,mesd_es,mesd_F_A,all,Neutral_F_A_antes,,
C:\Users\Rafa\Downloads\proyecto-ia-20260212T103152Z-3-001\proyecto-ia\multimodal-emocion\data\audio\raw\mesd_es\Neutral_F_A_arriba.wav,neutral,mesd_es,mesd_F_A,all,Neutral_F_A_arriba,,
C:\Users\Rafa\Downloads\proyecto-ia-20260212T103152Z-3-001\proyecto-ia\multimodal-emocion\data\audio\raw\mesd_es\Neutral_F_A_ayer.wav,neutral,mesd_es,mesd_F_A,all,Neutral_F_A_ayer,,
C:\Users\Rafa\Downloads\proyecto-ia-20260212T103152Z-3-001\proyecto-ia\multimodal-emocion\data\audio\raw\mesd_es\Neutral_F_A_basta_ya.wav,neutral,mesd_es,mesd_F_A,all,Neutral_F_A_basta_ya,,
C:\Users\Rafa\Downloads\proyecto-ia-20260212T103152Z-3-001\proyecto-ia\multimodal-emocion\data\audio\raw\mesd_es\Neutral_F_A_de_nada.wav,neutral,mesd_es,mesd_F_A,all,Neutral_F_A_de_nada,,
C:\Users\Rafa\Downloads\proyecto-ia-20260212T103152Z-3-001\proyecto-ia\multimodal-emocion\data\audio\raw\mesd_es\Neutral_F_A_delante.wav,neutral,mesd_es,mesd_F_A,all,Neutral_F_A_delante,,
C:\Users\Rafa\Downloads\proyecto-ia-20260212T103152Z-3-001\proyecto-ia\multimodal-emocion\data\audio\raw\mesd_es\Neutral_F_A_dentro.wav,neutral,mesd_es,mesd_F_A,all,Neutral_F_A_dentro,,
C:\Users\Rafa\Downloads\proyecto-ia-20260212T103152Z-3-001\proyecto-ia\multimodal-emocion\data\audio\raw\mesd_es\Neutral_F_A_derecha.wav,neutral,mesd_es,mesd_F_A,all,Neutral_F_A_derecha,,
C:\Users\Rafa\Downloads\proyecto-ia-20260212T103152Z-3-001\proyecto-ia\multimodal-emocion\data\audio\raw\mesd_es\Neutral_F_A_detras.wav,neutral,mesd_es,mesd_F_A,all,Neutral_F_A_detras,,
C:\Users\Rafa\Downloads\proyecto-ia-20260212T103152Z-3-001\proyecto-ia\multimodal-emocion\data\audio\raw\mesd_es\Neutral_F_A_fuera.wav,neutral,mesd_es,mesd_F_A,all,Neutral_F_A_fuera,,
C:\Users\Rafa\Downloads\proyecto-ia-20260212T103152Z-3-001\proyecto-ia\multimodal-emocion\data\audio\raw\mesd_es\Neutral_F_A_gracias.wav,neutral,mesd_es,mesd_F_A,all,Neutral_F_A_gracias,,
C:\Users\Rafa\Downloads\proyecto-ia-20260212T103152Z-3-001\proyecto-ia\multimodal-emocion\data\audio\raw\mesd_es\Neutral_F_A_hola.wav,neutral,mesd_es,mesd_F_A,all,Neutral_F_A_hola,,
C:\Users\Rafa\Downloads\proyecto-ia-20260212T103152Z-3-001\proyecto-ia\multimodal-emocion\data\audio\raw\mesd_es\Neutral_F_A_hoy.wav,neutral,mesd_es,mesd_F_A,all,Neutral_F_A_hoy,,
C:\Users\Rafa\Downloads\proyecto-ia-20260212T103152Z-3-001\proyecto-ia\multimodal-emocion\data\audio\raw\mesd_es\Neutral_F_A_izquierda.wav,neutral,mesd_es,mesd_F_A,all,Neutral_F_A_izquierda,,
C:\Users\Rafa\Downloads\proyecto-ia-20260212T103152Z-3-001\proyecto-ia\multimodal-emocion\data\audio\raw\mesd_es\Neutral_F_A_lento.wav,neutral,mesd_es,mesd_F_A,all,Neutral_F_A_lento,,
C:\Users\Rafa\Downloads\proyecto-ia-20260212T103152Z-3-001\proyecto-ia\multimodal-emocion\data\audio\raw\mesd_es\Neutral_F_A_no.wav,neutral,mesd_es,mesd_F_A,all,Neutral_F_A_no,,
C:\Users\Rafa\Downloads\proyecto-ia-20260212T103152Z-3-001\proyecto-ia\multimodal-emocion\data\audio\raw\mesd_es\Neutral_F_A_nunca.wav,neutral,mesd_es,mesd_F_A,all,Neutral_F_A_nunca,,
C:\Users\Rafa\Downloads\proyecto-ia-20260212T103152Z-3-001\proyecto-ia\multimodal-emocion\data\audio\raw\mesd_es\Neutral_F_A_por_favor.wav,neutral,mesd_es,mesd_F_A,all,Neutral_F_A_por_favor,,
C:\Users\Rafa\Downloads\proyecto-ia-20260212T103152Z-3-001\proyecto-ia\multimodal-emocion\data\audio\raw\mesd_es\Neutral_F_A_pronto.wav,neutral,mesd_es,mesd_F_A,all,Neutral_F_A_pronto,,
C:\Users\Rafa\Downloads\proyecto-ia-20260212T103152Z-3-001\proyecto-ia\multimodal-emocion\data\audio\raw\mesd_es\Neutral_F_A_rapido.wav,neutral,mesd_es,mesd_F_A,all,Neutral_F_A_rapido,,
C:\Users\Rafa\Downloads\proyecto-ia-20260212T103152Z-3-001\proyecto-ia\multimodal-emocion\data\audio\raw\mesd_es\Neutral_F_A_si.wav,neutral,mesd_es,mesd_F_A,all,Neutral_F_A_si,,
C:\Users\Rafa\Downloads\proyecto-ia-20260212T103152Z-3-001\proyecto-ia\multimodal-emocion\data\audio\raw\mesd_es\Neutral_F_A_tarde.wav,neutral,mesd_es,mesd_F_A,all,Neutral_F_A_tarde,,
C:\Users\Rafa\Downloads\proyecto-ia-20260212T103152Z-3-001\proyecto-ia\multimodal-emocion\data\audio\raw\mesd_es\Neutral_F_B_acuarela.wav,neutral,mesd_es,mesd_F_B,all,Neutral_F_B_acuarela,,
C:\Users\Rafa\Downloads\proyecto-ia-20260212T103152Z-3-001\proyecto-ia\multimodal-emocion\data\audio\raw\mesd_es\Neutral_F_B_acuatico.wav,neutral,mesd_es,mesd_F_B,all,Neutral_F_B_acuatico,,
C:\Users\Rafa\Downloads\proyecto-ia-20260212T103152Z-3-001\proyecto-ia\multimodal-emocion\data\audio\raw\mesd_es\Neutral_F_B_agencia.wav,neutral,mesd_es,mesd_F_B,all,Neutral_F_B_agencia,,
C:\Users\Rafa\Downloads\proyecto-ia-20260212T103152Z-3-001\proyecto-ia\multimodal-emocion\data\audio\raw\mesd_es\Neutral_F_B_barba.wav,neutral,mesd_es,mesd_F_B,all,Neutral_F_B_barba,,
C:\Users\Rafa\Downloads\proyecto-ia-20260212T103152Z-3-001\proyecto-ia\multimodal-emocion\data\audio\raw\mesd_es\Neutral_F_B_bola.wav,neutral,mesd_es,mesd_F_B,all,Neutral_F_B_bola,,
C:\Users\Rafa\Downloads\proyecto-ia-20260212T103152Z-3-001\proyecto-ia\multimodal-emocion\data\audio\raw\mesd_es\Neutral_F_B_caducado.wav,neutral,mesd_es,mesd_F_B,all,Neutral_F_B_caducado,,
C:\Users\Rafa\Downloads\proyecto-ia-20260212T103152Z-3-001\proyecto-ia\multimodal-emocion\data\audio\raw\mesd_es\Neutral_F_B_conciente.wav,neutral,mesd_es,mesd_F_B,all,Neutral_F_B_conciente,,
C:\Users\Rafa\Downloads\proyecto-ia-20260212T103152Z-3-001\proyecto-ia\multimodal-emocion\data\audio\raw\mesd_es\Neutral_F_B_contrario.wav,neutral,mesd_es,mesd_F_B,all,Neutral_F_B_contrario,,
C:\Users\Rafa\Downloads\proyecto-ia-20260212T103152Z-3-001\proyecto-ia\multimodal-emocion\data\audio\raw\mesd_es\Neutral_F_B_desierto.wav,neutral,mesd_es,mesd_F_B,all,Neutral_F_B_desierto,,
C:\Users\Rafa\Downloads\proyecto-ia-20260212T103152Z-3-001\proyecto-ia\multimodal-emocion\data\audio\raw\mesd_es\Neutral_F_B_elevado.wav,neutral,mesd_es,mesd_F_B,all,Neutral_F_B_elevado,,
C:\Users\Rafa\Downloads\proyecto-ia-20260212T103152Z-3-001\proyecto-ia\multimodal-emocion\data\audio\raw\mesd_es\Neutral_F_B_extenso.wav,neutral,mesd_es,mesd_F_B,all,Neutral_F_B_extenso,,
C:\Users\Rafa\Downloads\proyecto-ia-20260212T103152Z-3-001\proyecto-ia\multimodal-emocion\data\audio\raw\mesd_es\Neutral_F_B_fecha.wav,neutral,mesd_es,mesd_F_B,all,Neutral_F_B_fecha,,
C:\Users\Rafa\Downloads\proyecto-ia-20260212T103152Z-3-001\proyecto-ia\multimodal-emocion\data\audio\raw\mesd_es\Neutral_F_B_garganta.wav,neutral,mesd_es,mesd_F_B,all,Neutral_F_B_garganta,,
C:\Users\Rafa\Downloads\proyecto-ia-20260212T103152Z-3-001\proyecto-ia\multimodal-emocion\data\audio\raw\mesd_es\Neutral_F_B_giro.wav,neutral,mesd_es,mesd_F_B,all,Neutral_F_B_giro,,
C:\Users\Rafa\Downloads\proyecto-ia-20260212T103152Z-3-001\proyecto-ia\multimodal-emocion\data\audio\raw\mesd_es\Neutral_F_B_hondo.wav,neutral,mesd_es,mesd_F_B,all,Neutral_F_B_hondo,,
C:\Users\Rafa\Downloads\proyecto-ia-20260212T103152Z-3-001\proyecto-ia\multimodal-emocion\data\audio\raw\mesd_es\Neutral_F_B_mecanico.wav,neutral,mesd_es,mesd_F_B,all,Neutral_F_B_mecanico,,
C:\Users\Rafa\Downloads\proyecto-ia-20260212T103152Z-3-001\proyecto-ia\multimodal-emocion\data\audio\raw\mesd_es\Neutral_F_B_mentiroso.wav,neutral,mesd_es,mesd_F_B,all,Neutral_F_B_mentiroso,,
C:\Users\Rafa\Downloads\proyecto-ia-20260212T103152Z-3-001\proyecto-ia\multimodal-emocion\data\audio\raw\mesd_es\Neutral_F_B_metro.wav,neutral,mesd_es,mesd_F_B,all,Neutral_F_B_metro,,
C:\Users\Rafa\Downloads\proyecto-ia-20260212T103152Z-3-001\proyecto-ia\multimodal-emocion\data\audio\raw\mesd_es\Neutral_F_B_mojado.wav,neutral,mesd_es,mesd_F_B,all,Neutral_F_B_mojado,,
C:\Users\Rafa\Downloads\proyecto-ia-20260212T103152Z-3-001\proyecto-ia\multimodal-emocion\data\audio\raw\mesd_es\Neutral_F_B_paella.wav,neutral,mesd_es,mesd_F_B,all,Neutral_F_B_paella,,
C:\Users\Rafa\Downloads\proyecto-ia-20260212T103152Z-3-001\proyecto-ia\multimodal-emocion\data\audio\raw\mesd_es\Neutral_F_B_pelirrojo.wav,neutral,mesd_es,mesd_F_B,all,Neutral_F_B_pelirrojo,,
C:\Users\Rafa\Downloads\proyecto-ia-20260212T103152Z-3-001\proyecto-ia\multimodal-emocion\data\audio\raw\mesd_es\Neutral_F_B_presumido.wav,neutral,mesd_es,mesd_F_B,all,Neutral_F_B_presumido,,
C:\Users\Rafa\Downloads\proyecto-ia-20260212T103152Z-3-001\proyecto-ia\multimodal-emocion\data\audio\raw\mesd_es\Neutral_F_B_religioso.wav,neutral,mesd_es,mesd_F_B,all,Neutral_F_B_religioso,,
C:\Users\Rafa\Downloads\proyecto-ia-20260212T103152Z-3-001\proyecto-ia\multimodal-emocion\data\audio\raw\mesd_es\Neutral_F_B_temporal.wav,neutral,mesd_es,mesd_F_B,all,Neutral_F_B_temporal,,
C:\Users\Rafa\Downloads\proyecto-ia-20260212T103152Z-3-001\proyecto-ia\multimodal-emocion\data\audio\raw\mesd_es\Neutral_M_A_abajo.wav,neutral,mesd_es,mesd_M_A,all,Neutral_M_A_abajo,,
C:\Users\Rafa\Downloads\proyecto-ia-20260212T103152Z-3-001\proyecto-ia\multimodal-emocion\data\audio\raw\mesd_es\Neutral_M_A_adios.wav,neutral,mesd_es,mesd_M_A,all,Neutral_M_A_adios,,
C:\Users\Rafa\Downloads\proyecto-ia-20260212T103152Z-3-001\proyecto-ia\multimodal-emocion\data\audio\raw\mesd_es\Neutral_M_A_antes.wav,neutral,mesd_es,mesd_M_A,all,Neutral_M_A_antes,,
C:\Users\Rafa\Downloads\proyecto-ia-20260212T103152Z-3-001\proyecto-ia\multimodal-emocion\data\audio\raw\mesd_es\Neutral_M_A_arriba.wav,neutral,mesd_es,mesd_M_A,all,Neutral_M_A_arriba,,
C:\Users\Rafa\Downloads\proyecto-ia-20260212T103152Z-3-001\proyecto-ia\multimodal-emocion\data\audio\raw\mesd_es\Neutral_M_A_ayer.wav,neutral,mesd_es,mesd_M_A,all,Neutral_M_A_ayer,,
C:\Users\Rafa\Downloads\proyecto-ia-20260212T103152Z-3-001\proyecto-ia\multimodal-emocion\data\audio\raw\mesd_es\Neutral_M_A_basta_ya.wav,neutral,mesd_es,mesd_M_A,all,Neutral_M_A_basta_ya,,
C:\Users\Rafa\Downloads\proyecto-ia-20260212T103152Z-3-001\proyecto-ia\multimodal-emocion\data\audio\raw\mesd_es\Neutral_M_A_de_nada.wav,neutral,mesd_es,mesd_M_A,all,Neutral_M_A_de_nada,,
C:\Users\Rafa\Downloads\proyecto-ia-20260212T103152Z-3-001\proyecto-ia\multimodal-emocion\data\audio\raw\mesd_es\Neutral_M_A_delante.wav,neutral,mesd_es,mesd_M_A,all,Neutral_M_A_delante,,
C:\Users\Rafa\Downloads\proyecto-ia-20260212T103152Z-3-001\proyecto-ia\multimodal-emocion\data\audio\raw\mesd_es\Neutral_M_A_dentro.wav,neutral,mesd_es,mesd_M_A,all,Neutral_M_A_dentro,,
C:\Users\Rafa\Downloads\proyecto-ia-20260212T103152Z-3-001\proyecto-ia\multimodal-emocion\data\audio\raw\mesd_es\Neutral_M_A_derecha.wav,neutral,mesd_es,mesd_M_A,all,Neutral_M_A_derecha,,
C:\Users\Rafa\Downloads\proyecto-ia-20260212T103152Z-3-001\proyecto-ia\multimodal-emocion\data\audio\raw\mesd_es\Neutral_M_A_detras.wav,neutral,mesd_es,mesd_M_A,all,Neutral_M_A_detras,,
C:\Users\Rafa\Downloads\proyecto-ia-20260212T103152Z-3-001\proyecto-ia\multimodal-emocion\data\audio\raw\mesd_es\Neutral_M_A_fuera.wav,neutral,mesd_es,mesd_M_A,all,Neutral_M_A_fuera,,
C:\Users\Rafa\Downloads\proyecto-ia-20260212T103152Z-3-001\proyecto-ia\multimodal-emocion\data\audio\raw\mesd_es\Neutral_M_A_gracias.wav,neutral,mesd_es,mesd_M_A,all,Neutral_M_A_gracias,,
C:\Users\Rafa\Downloads\proyecto-ia-20260212T103152Z-3-001\proyecto-ia\multimodal-emocion\data\audio\raw\mesd_es\Neutral_M_A_hola.wav,neutral,mesd_es,mesd_M_A,all,Neutral_M_A_hola,,
C:\Users\Rafa\Downloads\proyecto-ia-20260212T103152Z-3-001\proyecto-ia\multimodal-emocion\data\audio\raw\mesd_es\Neutral_M_A_hoy.wav,neutral,mesd_es,mesd_M_A,all,Neutral_M_A_hoy,,
C:\Users\Rafa\Downloads\proyecto-ia-20260212T103152Z-3-001\proyecto-ia\multimodal-emocion\data\audio\raw\mesd_es\Neutral_M_A_izquierda.wav,neutral,mesd_es,mesd_M_A,all,Neutral_M_A_izquierda,,
C:\Users\Rafa\Downloads\proyecto-ia-20260212T103152Z-3-001\proyecto-ia\multimodal-emocion\data\audio\raw\mesd_es\Neutral_M_A_lento.wav,neutral,mesd_es,mesd_M_A,all,Neutral_M_A_lento,,
C:\Users\Rafa\Downloads\proyecto-ia-20260212T103152Z-3-001\proyecto-ia\multimodal-emocion\data\audio\raw\mesd_es\Neutral_M_A_no.wav,neutral,mesd_es,mesd_M_A,all,Neutral_M_A_no,,
C:\Users\Rafa\Downloads\proyecto-ia-20260212T103152Z-3-001\proyecto-ia\multimodal-emocion\data\audio\raw\mesd_es\Neutral_M_A_nunca.wav,neutral,mesd_es,mesd_M_A,all,Neutral_M_A_nunca,,
C:\Users\Rafa\Downloads\proyecto-ia-20260212T103152Z-3-001\proyecto-ia\multimodal-emocion\data\audio\raw\mesd_es\Neutral_M_A_por_favor.wav,neutral,mesd_es,mesd_M_A,all,Neutral_M_A_por_favor,,
C:\Users\Rafa\Downloads\proyecto-ia-20260212T103152Z-3-001\proyecto-ia\multimodal-emocion\data\audio\raw\mesd_es\Neutral_M_A_pronto.wav,neutral,mesd_es,mesd_M_A,all,Neutral_M_A_pronto,,
C:\Users\Rafa\Downloads\proyecto-ia-20260212T103152Z-3-001\proyecto-ia\multimodal-emocion\data\audio\raw\mesd_es\Neutral_M_A_rapido.wav,neutral,mesd_es,mesd_M_A,all,Neutral_M_A_rapido,,
C:\Users\Rafa\Downloads\proyecto-ia-20260212T103152Z-3-001\proyecto-ia\multimodal-emocion\data\audio\raw\mesd_es\Neutral_M_A_si.wav,neutral,mesd_es,mesd_M_A,all,Neutral_M_A_si,,
C:\Users\Rafa\Downloads\proyecto-ia-20260212T103152Z-3-001\proyecto-ia\multimodal-emocion\data\audio\raw\mesd_es\Neutral_M_A_tarde.wav,neutral,mesd_es,mesd_M_A,all,Neutral_M_A_tarde,,
C:\Users\Rafa\Downloads\proyecto-ia-20260212T103152Z-3-001\proyecto-ia\multimodal-emocion\data\audio\raw\mesd_es\Neutral_M_B_abierto.wav,neutral,mesd_es,mesd_M_B,all,Neutral_M_B_abierto,,
C:\Users\Rafa\Downloads\proyecto-ia-20260212T103152Z-3-001\proyecto-ia\multimodal-emocion\data\audio\raw\mesd_es\Neutral_M_B_agencia.wav,neutral,mesd_es,mesd_M_B,all,Neutral_M_B_agencia,,
C:\Users\Rafa\Downloads\proyecto-ia-20260212T103152Z-3-001\proyecto-ia\multimodal-emocion\data\audio\raw\mesd_es\Neutral_M_B_alto.wav,neutral,mesd_es,mesd_M_B,all,Neutral_M_B_alto,,
C:\Users\Rafa\Downloads\proyecto-ia-20260212T103152Z-3-001\proyecto-ia\multimodal-emocion\data\audio\raw\mesd_es\Neutral_M_B_arroz.wav,neutral,mesd_es,mesd_M_B,all,Neutral_M_B_arroz,,
C:\Users\Rafa\Downloads\proyecto-ia-20260212T103152Z-3-001\proyecto-ia\multimodal-emocion\data\audio\raw\mesd_es\Neutral_M_B_articulo.wav,neutral,mesd_es,mesd_M_B,all,Neutral_M_B_articulo,,
C:\Users\Rafa\Downloads\proyecto-ia-20260212T103152Z-3-001\proyecto-ia\multimodal-emocion\data\audio\raw\mesd_es\Neutral_M_B_atomo.wav,neutral,mesd_es,mesd_M_B,all,Neutral_M_B_atomo,,
C:\Users\Rafa\Downloads\proyecto-ia-20260212T103152Z-3-001\proyecto-ia\multimodal-emocion\data\audio\raw\mesd_es\Neutral_M_B_azulejo.wav,neutral,mesd_es,mesd_M_B,all,Neutral_M_B_azulejo,,
C:\Users\Rafa\Downloads\proyecto-ia-20260212T103152Z-3-001\proyecto-ia\multimodal-emocion\data\audio\raw\mesd_es\Neutral_M_B_babosa.wav,neutral,mesd_es,mesd_M_B,all,Neutral_M_B_babosa,,
C:\Users\Rafa\Downloads\proyecto-ia-20260212T103152Z-3-001\proyecto-ia\multimodal-emocion\data\audio\raw\mesd_es\Neutral_M_B_bola.wav,neutral,mesd_es,mesd_M_B,all,Neutral_M_B_bola,,
C:\Users\Rafa\Downloads\proyecto-ia-20260212T103152Z-3-001\proyecto-ia\multimodal-emocion\data\audio\raw\mesd_es\Neutral_M_B_boton.wav,neutral,mesd_es,mesd_M_B,all,Neutral_M_B_boton,,
C:\Users\Rafa\Downloads\proyecto-ia-20260212T103152Z-3-001\proyecto-ia\multimodal-emocion\data\audio\raw\mesd_es\Neutral_M_B_chulo.wav,neutral,mesd_es,mesd_M_B,all,Neutral_M_B_chulo,,
C:\Users\Rafa\Downloads\proyecto-ia-20260212T103152Z-3-001\proyecto-ia\multimodal-emocion\data\audio\raw\mesd_es\Neutral_M_B_colorado.wav,neutral,mesd_es,mesd_M_B,all,Neutral_M_B_colorado,,
C:\Users\Rafa\Downloads\proyecto-ia-20260212T103152Z-3-001\proyecto-ia\multimodal-emocion\data\audio\raw\mesd_es\Neutral_M_B_conciente.wav,neutral,mesd_es,mesd_M_B,all,Neutral_M_B_conciente,,
C:\Users\Rafa\Downloads\proyecto-ia-20260212T103152Z-3-001\proyecto-ia\multimodal-emocion\data\audio\raw\mesd_es\Neutral_M_B_congelado.wav,neutral,mesd_es,mesd_M_B,all,Neutral_M_B_congelado,,
C:\Users\Rafa\Downloads\proyecto-ia-20260212T103152Z-3-001\proyecto-ia\multimodal-emocion\data\audio\raw\mesd_es\Neutral_M_B_delgado.wav,neutral,mesd_es,mesd_M_B,all,Neutral_M_B_delgado,,
C:\Users\Rafa\Downloads\proyecto-ia-20260212T103152Z-3-001\proyecto-ia\multimodal-emocion\data\audio\raw\mesd_es\Neutral_M_B_desierto.wav,neutral,mesd_es,mesd_M_B,all,Neutral_M_B_desierto,,
C:\Users\Rafa\Downloads\proyecto-ia-20260212T103152Z-3-001\proyecto-ia\multimodal-emocion\data\audio\raw\mesd_es\Neutral_M_B_despistado.wav,neutral,mesd_es,mesd_M_B,all,Neutral_M_B_despistado,,
C:\Users\Rafa\Downloads\proyecto-ia-20260212T103152Z-3-001\proyecto-ia\multimodal-emocion\data\audio\raw\mesd_es\Neutral_M_B_escalera.wav,neutral,mesd_es,mesd_M_B,all,Neutral_M_B_escalera,,
C:\Users\Rafa\Downloads\proyecto-ia-20260212T103152Z-3-001\proyecto-ia\multimodal-emocion\data\audio\raw\mesd_es\Neutral_M_B_escurridizo.wav,neutral,mesd_es,mesd_M_B,all,Neutral_M_B_escurridizo,,
C:\Users\Rafa\Downloads\proyecto-ia-20260212T103152Z-3-001\proyecto-ia\multimodal-emocion\data\audio\raw\mesd_es\Neutral_M_B_estacion.wav,neutral,mesd_es,mesd_M_B,all,Neutral_M_B_estacion,,
C:\Users\Rafa\Downloads\proyecto-ia-20260212T103152Z-3-001\proyecto-ia\multimodal-emocion\data\audio\raw\mesd_es\Neutral_M_B_estrecho.wav,neutral,mesd_es,mesd_M_B,all,Neutral_M_B_estrecho,,
C:\Users\Rafa\Downloads\proyecto-ia-20260212T103152Z-3-001\proyecto-ia\multimodal-emocion\data\audio\raw\mesd_es\Neutral_M_B_extenso.wav,neutral,mesd_es,mesd_M_B,all,Neutral_M_B_extenso,,
C:\Users\Rafa\Downloads\proyecto-ia-20260212T103152Z-3-001\proyecto-ia\multimodal-emocion\data\audio\raw\mesd_es\Neutral_M_B_fecha.wav,neutral,mesd_es,mesd_M_B,all,Neutral_M_B_fecha,,
C:\Users\Rafa\Downloads\proyecto-ia-20260212T103152Z-3-001\proyecto-ia\multimodal-emocion\data\audio\raw\mesd_es\Neutral_M_B_ferrocarril.wav,neutral,mesd_es,mesd_M_B,all,Neutral_M_B_ferrocarril,,
C:\Users\Rafa\Downloads\proyecto-ia-20260212T103152Z-3-001\proyecto-ia\multimodal-emocion\data\audio\raw\mesd_es\Sadness_C_A_abajo.wav,sadness,mesd_es,mesd_C_A,all,Sadness_C_A_abajo,,
C:\Users\Rafa\Downloads\proyecto-ia-20260212T103152Z-3-001\proyecto-ia\multimodal-emocion\data\audio\raw\mesd_es\Sadness_C_A_adios.wav,sadness,mesd_es,mesd_C_A,all,Sadness_C_A_adios,,
C:\Users\Rafa\Downloads\proyecto-ia-20260212T103152Z-3-001\proyecto-ia\multimodal-emocion\data\audio\raw\mesd_es\Sadness_C_A_antes.wav,sadness,mesd_es,mesd_C_A,all,Sadness_C_A_antes,,
C:\Users\Rafa\Downloads\proyecto-ia-20260212T103152Z-3-001\proyecto-ia\multimodal-emocion\data\audio\raw\mesd_es\Sadness_C_A_arriba.wav,sadness,mesd_es,mesd_C_A,all,Sadness_C_A_arriba,,
C:\Users\Rafa\Downloads\proyecto-ia-20260212T103152Z-3-001\proyecto-ia\multimodal-emocion\data\audio\raw\mesd_es\Sadness_C_A_ayer.wav,sadness,mesd_es,mesd_C_A,all,Sadness_C_A_ayer,,
C:\Users\Rafa\Downloads\proyecto-ia-20260212T103152Z-3-001\proyecto-ia\multimodal-emocion\data\audio\raw\mesd_es\Sadness_C_A_basta_ya.wav,sadness,mesd_es,mesd_C_A,all,Sadness_C_A_basta_ya,,
C:\Users\Rafa\Downloads\proyecto-ia-20260212T103152Z-3-001\proyecto-ia\multimodal-emocion\data\audio\raw\mesd_es\Sadness_C_A_de_nada.wav,sadness,mesd_es,mesd_C_A,all,Sadness_C_A_de_nada,,
C:\Users\Rafa\Downloads\proyecto-ia-20260212T103152Z-3-001\proyecto-ia\multimodal-emocion\data\audio\raw\mesd_es\Sadness_C_A_delante.wav,sadness,mesd_es,mesd_C_A,all,Sadness_C_A_delante,,
C:\Users\Rafa\Downloads\proyecto-ia-20260212T103152Z-3-001\proyecto-ia\multimodal-emocion\data\audio\raw\mesd_es\Sadness_C_A_dentro.wav,sadness,mesd_es,mesd_C_A,all,Sadness_C_A_dentro,,
C:\Users\Rafa\Downloads\proyecto-ia-20260212T103152Z-3-001\proyecto-ia\multimodal-emocion\data\audio\raw\mesd_es\Sadness_C_A_derecha.wav,sadness,mesd_es,mesd_C_A,all,Sadness_C_A_derecha,,
C:\Users\Rafa\Downloads\proyecto-ia-20260212T103152Z-3-001\proyecto-ia\multimodal-emocion\data\audio\raw\mesd_es\Sadness_C_A_detras.wav,sadness,mesd_es,mesd_C_A,all,Sadness_C_A_detras,,
C:\Users\Rafa\Downloads\proyecto-ia-20260212T103152Z-3-001\proyecto-ia\multimodal-emocion\data\audio\raw\mesd_es\Sadness_C_A_fuera.wav,sadness,mesd_es,mesd_C_A,all,Sadness_C_A_fuera,,
C:\Users\Rafa\Downloads\proyecto-ia-20260212T103152Z-3-001\proyecto-ia\multimodal-emocion\data\audio\raw\mesd_es\Sadness_C_A_gracias.wav,sadness,mesd_es,mesd_C_A,all,Sadness_C_A_gracias,,
C:\Users\Rafa\Downloads\proyecto-ia-20260212T103152Z-3-001\proyecto-ia\multimodal-emocion\data\audio\raw\mesd_es\Sadness_C_A_hola.wav,sadness,mesd_es,mesd_C_A,all,Sadness_C_A_hola,,
C:\Users\Rafa\Downloads\proyecto-ia-20260212T103152Z-3-001\proyecto-ia\multimodal-emocion\data\audio\raw\mesd_es\Sadness_C_A_hoy.wav,sadness,mesd_es,mesd_C_A,all,Sadness_C_A_hoy,,
C:\Users\Rafa\Downloads\proyecto-ia-20260212T103152Z-3-001\proyecto-ia\multimodal-emocion\data\audio\raw\mesd_es\Sadness_C_A_izquierda.wav,sadness,mesd_es,mesd_C_A,all,Sadness_C_A_izquierda,,
C:\Users\Rafa\Downloads\proyecto-ia-20260212T103152Z-3-001\proyecto-ia\multimodal-emocion\data\audio\raw\mesd_es\Sadness_C_A_lento.wav,sadness,mesd_es,mesd_C_A,all,Sadness_C_A_lento,,
C:\Users\Rafa\Downloads\proyecto-ia-20260212T103152Z-3-001\proyecto-ia\multimodal-emocion\data\audio\raw\mesd_es\Sadness_C_A_no.wav,sadness,mesd_es,mesd_C_A,all,Sadness_C_A_no,,
C:\Users\Rafa\Downloads\proyecto-ia-20260212T103152Z-3-001\proyecto-ia\multimodal-emocion\data\audio\raw\mesd_es\Sadness_C_A_nunca.wav,sadness,mesd_es,mesd_C_A,all,Sadness_C_A_nunca,,
C:\Users\Rafa\Downloads\proyecto-ia-20260212T103152Z-3-001\proyecto-ia\multimodal-emocion\data\audio\raw\mesd_es\Sadness_C_A_por_favor.wav,sadness,mesd_es,mesd_C_A,all,Sadness_C_A_por_favor,,
C:\Users\Rafa\Downloads\proyecto-ia-20260212T103152Z-3-001\proyecto-ia\multimodal-emocion\data\audio\raw\mesd_es\Sadness_C_A_pronto.wav,sadness,mesd_es,mesd_C_A,all,Sadness_C_A_pronto,,
C:\Users\Rafa\Downloads\proyecto-ia-20260212T103152Z-3-001\proyecto-ia\multimodal-emocion\data\audio\raw\mesd_es\Sadness_C_A_rapido.wav,sadness,mesd_es,mesd_C_A,all,Sadness_C_A_rapido,,
C:\Users\Rafa\Downloads\proyecto-ia-20260212T103152Z-3-001\proyecto-ia\multimodal-emocion\data\audio\raw\mesd_es\Sadness_C_A_si.wav,sadness,mesd_es,mesd_C_A,all,Sadness_C_A_si,,
C:\Users\Rafa\Downloads\proyecto-ia-20260212T103152Z-3-001\proyecto-ia\multimodal-emocion\data\audio\raw\mesd_es\Sadness_C_A_tarde.wav,sadness,mesd_es,mesd_C_A,all,Sadness_C_A_tarde,,
C:\Users\Rafa\Downloads\proyecto-ia-20260212T103152Z-3-001\proyecto-ia\multimodal-emocion\data\audio\raw\mesd_es\Sadness_C_B_abandono.wav,sadness,mesd_es,mesd_C_B,all,Sadness_C_B_abandono,,
C:\Users\Rafa\Downloads\proyecto-ia-20260212T103152Z-3-001\proyecto-ia\multimodal-emocion\data\audio\raw\mesd_es\Sadness_C_B_abuso.wav,sadness,mesd_es,mesd_C_B,all,Sadness_C_B_abuso,,
C:\Users\Rafa\Downloads\proyecto-ia-20260212T103152Z-3-001\proyecto-ia\multimodal-emocion\data\audio\raw\mesd_es\Sadness_C_B_amenazado.wav,sadness,mesd_es,mesd_C_B,all,Sadness_C_B_amenazado,,
C:\Users\Rafa\Downloads\proyecto-ia-20260212T103152Z-3-001\proyecto-ia\multimodal-emocion\data\audio\raw\mesd_es\Sadness_C_B_ataque.wav,sadness,mesd_es,mesd_C_B,all,Sadness_C_B_ataque,,
C:\Users\Rafa\Downloads\proyecto-ia-20260212T103152Z-3-001\proyecto-ia\multimodal-emocion\data\audio\raw\mesd_es\Sadness_C_B_cansancio.wav,sadness,mesd_es,mesd_C_B,all,Sadness_C_B_cansancio,,
C:\Users\Rafa\Downloads\proyecto-ia-20260212T103152Z-3-001\proyecto-ia\multimodal-emocion\data\audio\raw\mesd_es\Sadness_C_B_catastrofe.wav,sadness,mesd_es,mesd_C_B,all,Sadness_C_B_catastrofe,,
C:\Users\Rafa\Downloads\proyecto-ia-20260212T103152Z-3-001\proyecto-ia\multimodal-emocion\data\audio\raw\mesd_es\Sadness_C_B_ceguera.wav,sadness,mesd_es,mesd_C_B,all,Sadness_C_B_ceguera,,
C:\Users\Rafa\Downloads\proyecto-ia-20260212T103152Z-3-001\proyecto-ia\multimodal-emocion\data\audio\raw\mesd_es\Sadness_C_B_condena.wav,sadness,mesd_es,mesd_C_B,all,Sadness_C_B_condena,,
C:\Users\Rafa\Downloads\proyecto-ia-20260212T103152Z-3-001\proyecto-ia\multimodal-emocion\data\audio\raw\mesd_es\Sadness_C_B_conflicto.wav,sadness,mesd_es,mesd_C_B,all,Sadness_C_B_conflicto,,
C:\Users\Rafa\Downloads\proyecto-ia-20260212T103152Z-3-001\proyecto-ia\multimodal-emocion\data\audio\raw\mesd_es\Sadness_C_B_danino.wav,sadness,mesd_es,mesd_C_B,all,Sadness_C_B_danino,,
C:\Users\Rafa\Downloads\proyecto-ia-20260212T103152Z-3-001\proyecto-ia\multimodal-emocion\data\audio\raw\mesd_es\Sadness_C_B_delincuencia.wav,sadness,mesd_es,mesd_C_B,all,Sadness_C_B_delincuencia,,
C:\Users\Rafa\Downloads\proyecto-ia-20260212T103152Z-3-001\proyecto-ia\multimodal-emocion\data\audio\raw\mesd_es\Sadness_C_B_desmayo.wav,sadness,mesd_es,mesd_C_B,all,Sadness_C_B_desmayo,,
C:\Users\Rafa\Downloads\proyecto-ia-20260212T103152Z-3-001\proyecto-ia\multimodal-emocion\data\audio\raw\mesd_es\Sadness_C_B_disputa.wav,sadness,mesd_es,mesd_C_B,all,Sadness_C_B_disputa,,
C:\Users\Rafa\Downloads\proyecto-ia-20260212T103152Z-3-001\proyecto-ia\multimodal-emocion\data\audio\raw\mesd_es\Sadness_C_B_enojo.wav,sadness,mesd_es,mesd_C_B,all,Sadness_C_B_enojo,,
C:\Users\Rafa\Downloads\proyecto-ia-20260212T103152Z-3-001\proyecto-ia\multimodal-emocion\data\audio\raw\mesd_es\Sadness_C_B_estafa.wav,sadness,mesd_es,mesd_C_B,all,Sadness_C_B_estafa,,
C:\Users\Rafa\Downloads\proyecto-ia-20260212T103152Z-3-001\proyecto-ia\multimodal-emocion\data\audio\raw\mesd_es\Sadness_C_B_explosion.wav,sadness,mesd_es,mesd_C_B,all,Sadness_C_B_explosion,,
C:\Users\Rafa\Downloads\proyecto-ia-20260212T103152Z-3-001\proyecto-ia\multimodal-emocion\data\audio\raw\mesd_es\Sadness_C_B_explosivo.wav,sadness,mesd_es,mesd_C_B,all,Sadness_C_B_explosivo,,
C:\Users\Rafa\Downloads\proyecto-ia-20260212T103152Z-3-001\proyecto-ia\multimodal-emocion\data\audio\raw\mesd_es\Sadness_C_B_furia.wav,sadness,mesd_es,mesd_C_B,all,Sadness_C_B_furia,,
C:\Users\Rafa\Downloads\proyecto-ia-20260212T103152Z-3-001\proyecto-ia\multimodal-emocion\data\audio\raw\mesd_es\Sadness_C_B_humillacion.wav,sadness,mesd_es,mesd_C_B,all,Sadness_C_B_humillacion,,
C:\Users\Rafa\Downloads\proyecto-ia-20260212T103152Z-3-001\proyecto-ia\multimodal-emocion\data\audio\raw\mesd_es\Sadness_C_B_infarto.wav,sadness,mesd_es,mesd_C_B,all,Sadness_C_B_infarto,,
C:\Users\Rafa\Downloads\proyecto-ia-20260212T103152Z-3-001\proyecto-ia\multimodal-emocion\data\audio\raw\mesd_es\Sadness_C_B_injusticia.wav,sadness,mesd_es,mesd_C_B,all,Sadness_C_B_injusticia,,
C:\Users\Rafa\Downloads\proyecto-ia-20260212T103152Z-3-001\proyecto-ia\multimodal-emocion\data\audio\raw\mesd_es\Sadness_C_B_robo.wav,sadness,mesd_es,mesd_C_B,all,Sadness_C_B_robo,,
C:\Users\Rafa\Downloads\proyecto-ia-20260212T103152Z-3-001\proyecto-ia\multimodal-emocion\data\audio\raw\mesd_es\Sadness_C_B_traicion.wav,sadness,mesd_es,mesd_C_B,all,Sadness_C_B_traicion,,
C:\Users\Rafa\Downloads\proyecto-ia-20260212T103152Z-3-001\proyecto-ia\multimodal-emocion\data\audio\raw\mesd_es\Sadness_C_B_tristeza.wav,sadness,mesd_es,mesd_C_B,all,Sadness_C_B_tristeza,,
C:\Users\Rafa\Downloads\proyecto-ia-20260212T103152Z-3-001\proyecto-ia\multimodal-emocion\data\audio\raw\mesd_es\Sadness_F_A_abajo.wav,sadness,mesd_es,mesd_F_A,all,Sadness_F_A_abajo,,
C:\Users\Rafa\Downloads\proyecto-ia-20260212T103152Z-3-001\proyecto-ia\multimodal-emocion\data\audio\raw\mesd_es\Sadness_F_A_adios.wav,sadness,mesd_es,mesd_F_A,all,Sadness_F_A_adios,,
C:\Users\Rafa\Downloads\proyecto-ia-20260212T103152Z-3-001\proyecto-ia\multimodal-emocion\data\audio\raw\mesd_es\Sadness_F_A_antes.wav,sadness,mesd_es,mesd_F_A,all,Sadness_F_A_antes,,
C:\Users\Rafa\Downloads\proyecto-ia-20260212T103152Z-3-001\proyecto-ia\multimodal-emocion\data\audio\raw\mesd_es\Sadness_F_A_arriba.wav,sadness,mesd_es,mesd_F_A,all,Sadness_F_A_arriba,,
C:\Users\Rafa\Downloads\proyecto-ia-20260212T103152Z-3-001\proyecto-ia\multimodal-emocion\data\audio\raw\mesd_es\Sadness_F_A_ayer.wav,sadness,mesd_es,mesd_F_A,all,Sadness_F_A_ayer,,
C:\Users\Rafa\Downloads\proyecto-ia-20260212T103152Z-3-001\proyecto-ia\multimodal-emocion\data\audio\raw\mesd_es\Sadness_F_A_basta_ya.wav,sadness,mesd_es,mesd_F_A,all,Sadness_F_A_basta_ya,,
C:\Users\Rafa\Downloads\proyecto-ia-20260212T103152Z-3-001\proyecto-ia\multimodal-emocion\data\audio\raw\mesd_es\Sadness_F_A_de_nada.wav,sadness,mesd_es,mesd_F_A,all,Sadness_F_A_de_nada,,
C:\Users\Rafa\Downloads\proyecto-ia-20260212T103152Z-3-001\proyecto-ia\multimodal-emocion\data\audio\raw\mesd_es\Sadness_F_A_delante.wav,sadness,mesd_es,mesd_F_A,all,Sadness_F_A_delante,,
C:\Users\Rafa\Downloads\proyecto-ia-20260212T103152Z-3-001\proyecto-ia\multimodal-emocion\data\audio\raw\mesd_es\Sadness_F_A_dentro.wav,sadness,mesd_es,mesd_F_A,all,Sadness_F_A_dentro,,
C:\Users\Rafa\Downloads\proyecto-ia-20260212T103152Z-3-001\proyecto-ia\multimodal-emocion\data\audio\raw\mesd_es\Sadness_F_A_derecha.wav,sadness,mesd_es,mesd_F_A,all,Sadness_F_A_derecha,,
C:\Users\Rafa\Downloads\proyecto-ia-20260212T103152Z-3-001\proyecto-ia\multimodal-emocion\data\audio\raw\mesd_es\Sadness_F_A_detras.wav,sadness,mesd_es,mesd_F_A,all,Sadness_F_A_detras,,
C:\Users\Rafa\Downloads\proyecto-ia-20260212T103152Z-3-001\proyecto-ia\multimodal-emocion\data\audio\raw\mesd_es\Sadness_F_A_fuera.wav,sadness,mesd_es,mesd_F_A,all,Sadness_F_A_fuera,,
C:\Users\Rafa\Downloads\proyecto-ia-20260212T103152Z-3-001\proyecto-ia\multimodal-emocion\data\audio\raw\mesd_es\Sadness_F_A_gracias.wav,sadness,mesd_es,mesd_F_A,all,Sadness_F_A_gracias,,
C:\Users\Rafa\Downloads\proyecto-ia-20260212T103152Z-3-001\proyecto-ia\multimodal-emocion\data\audio\raw\mesd_es\Sadness_F_A_hola.wav,sadness,mesd_es,mesd_F_A,all,Sadness_F_A_hola,,
C:\Users\Rafa\Downloads\proyecto-ia-20260212T103152Z-3-001\proyecto-ia\multimodal-emocion\data\audio\raw\mesd_es\Sadness_F_A_hoy.wav,sadness,mesd_es,mesd_F_A,all,Sadness_F_A_hoy,,
C:\Users\Rafa\Downloads\proyecto-ia-20260212T103152Z-3-001\proyecto-ia\multimodal-emocion\data\audio\raw\mesd_es\Sadness_F_A_izquierda.wav,sadness,mesd_es,mesd_F_A,all,Sadness_F_A_izquierda,,
C:\Users\Rafa\Downloads\proyecto-ia-20260212T103152Z-3-001\proyecto-ia\multimodal-emocion\data\audio\raw\mesd_es\Sadness_F_A_lento.wav,sadness,mesd_es,mesd_F_A,all,Sadness_F_A_lento,,
C:\Users\Rafa\Downloads\proyecto-ia-20260212T103152Z-3-001\proyecto-ia\multimodal-emocion\data\audio\raw\mesd_es\Sadness_F_A_no.wav,sadness,mesd_es,mesd_F_A,all,Sadness_F_A_no,,
C:\Users\Rafa\Downloads\proyecto-ia-20260212T103152Z-3-001\proyecto-ia\multimodal-emocion\data\audio\raw\mesd_es\Sadness_F_A_nunca.wav,sadness,mesd_es,mesd_F_A,all,Sadness_F_A_nunca,,
C:\Users\Rafa\Downloads\proyecto-ia-20260212T103152Z-3-001\proyecto-ia\multimodal-emocion\data\audio\raw\mesd_es\Sadness_F_A_por_favor.wav,sadness,mesd_es,mesd_F_A,all,Sadness_F_A_por_favor,,
C:\Users\Rafa\Downloads\proyecto-ia-20260212T103152Z-3-001\proyecto-ia\multimodal-emocion\data\audio\raw\mesd_es\Sadness_F_A_pronto.wav,sadness,mesd_es,mesd_F_A,all,Sadness_F_A_pronto,,
C:\Users\Rafa\Downloads\proyecto-ia-20260212T103152Z-3-001\proyecto-ia\multimodal-emocion\data\audio\raw\mesd_es\Sadness_F_A_rapido.wav,sadness,mesd_es,mesd_F_A,all,Sadness_F_A_rapido,,
C:\Users\Rafa\Downloads\proyecto-ia-20260212T103152Z-3-001\proyecto-ia\multimodal-emocion\data\audio\raw\mesd_es\Sadness_F_A_si.wav,sadness,mesd_es,mesd_F_A,all,Sadness_F_A_si,,
C:\Users\Rafa\Downloads\proyecto-ia-20260212T103152Z-3-001\proyecto-ia\multimodal-emocion\data\audio\raw\mesd_es\Sadness_F_A_tarde.wav,sadness,mesd_es,mesd_F_A,all,Sadness_F_A_tarde,,
C:\Users\Rafa\Downloads\proyecto-ia-20260212T103152Z-3-001\proyecto-ia\multimodal-emocion\data\audio\raw\mesd_es\Sadness_F_B_abandono.wav,sadness,mesd_es,mesd_F_B,all,Sadness_F_B_abandono,,
C:\Users\Rafa\Downloads\proyecto-ia-20260212T103152Z-3-001\proyecto-ia\multimodal-emocion\data\audio\raw\mesd_es\Sadness_F_B_abuso.wav,sadness,mesd_es,mesd_F_B,all,Sadness_F_B_abuso,,
C:\Users\Rafa\Downloads\proyecto-ia-20260212T103152Z-3-001\proyecto-ia\multimodal-emocion\data\audio\raw\mesd_es\Sadness_F_B_cansancio.wav,sadness,mesd_es,mesd_F_B,all,Sadness_F_B_cansancio,,
C:\Users\Rafa\Downloads\proyecto-ia-20260212T103152Z-3-001\proyecto-ia\multimodal-emocion\data\audio\raw\mesd_es\Sadness_F_B_ceguera.wav,sadness,mesd_es,mesd_F_B,all,Sadness_F_B_ceguera,,
C:\Users\Rafa\Downloads\proyecto-ia-20260212T103152Z-3-001\proyecto-ia\multimodal-emocion\data\audio\raw\mesd_es\Sadness_F_B_conflicto.wav,sadness,mesd_es,mesd_F_B,all,Sadness_F_B_conflicto,,
C:\Users\Rafa\Downloads\proyecto-ia-20260212T103152Z-3-001\proyecto-ia\multimodal-emocion\data\audio\raw\mesd_es\Sadness_F_B_delincuencia.wav,sadness,mesd_es,mesd_F_B,all,Sadness_F_B_delincuencia,,
C:\Users\Rafa\Downloads\proyecto-ia-20260212T103152Z-3-001\proyecto-ia\multimodal-emocion\data\audio\raw\mesd_es\Sadness_F_B_desmayo.wav,sadness,mesd_es,mesd_F_B,all,Sadness_F_B_desmayo,,
C:\Users\Rafa\Downloads\proyecto-ia-20260212T103152Z-3-001\proyecto-ia\multimodal-emocion\data\audio\raw\mesd_es\Sadness_F_B_enfriamiento.wav,sadness,mesd_es,mesd_F_B,all,Sadness_F_B_enfriamiento,,
C:\Users\Rafa\Downloads\proyecto-ia-20260212T103152Z-3-001\proyecto-ia\multimodal-emocion\data\audio\raw\mesd_es\Sadness_F_B_explosion.wav,sadness,mesd_es,mesd_F_B,all,Sadness_F_B_explosion,,
C:\Users\Rafa\Downloads\proyecto-ia-20260212T103152Z-3-001\proyecto-ia\multimodal-emocion\data\audio\raw\mesd_es\Sadness_F_B_explosivo.wav,sadness,mesd_es,mesd_F_B,all,Sadness_F_B_explosivo,,
C:\Users\Rafa\Downloads\proyecto-ia-20260212T103152Z-3-001\proyecto-ia\multimodal-emocion\data\audio\raw\mesd_es\Sadness_F_B_fracasado.wav,sadness,mesd_es,mesd_F_B,all,Sadness_F_B_fracasado,,
C:\Users\Rafa\Downloads\proyecto-ia-20260212T103152Z-3-001\proyecto-ia\multimodal-emocion\data\audio\raw\mesd_es\Sadness_F_B_hambre.wav,sadness,mesd_es,mesd_F_B,all,Sadness_F_B_hambre,,
C:\Users\Rafa\Downloads\proyecto-ia-20260212T103152Z-3-001\proyecto-ia\multimodal-emocion\data\audio\raw\mesd_es\Sadness_F_B_huracan.wav,sadness,mesd_es,mesd_F_B,all,Sadness_F_B_huracan,,
C:\Users\Rafa\Downloads\proyecto-ia-20260212T103152Z-3-001\proyecto-ia\multimodal-emocion\data\audio\raw\mesd_es\Sadness_F_B_injusticia.wav,sadness,mesd_es,mesd_F_B,all,Sadness_F_B_injusticia,,
C:\Users\Rafa\Downloads\proyecto-ia-20260212T103152Z-3-001\proyecto-ia\multimodal-emocion\data\audio\raw\mesd_es\Sadness_F_B_insultado.wav,sadness,mesd_es,mesd_F_B,all,Sadness_F_B_insultado,,
C:\Users\Rafa\Downloads\proyecto-ia-20260212T103152Z-3-001\proyecto-ia\multimodal-emocion\data\audio\raw\mesd_es\Sadness_F_B_llanto.wav,sadness,mesd_es,mesd_F_B,all,Sadness_F_B_llanto,,
C:\Users\Rafa\Downloads\proyecto-ia-20260212T103152Z-3-001\proyecto-ia\multimodal-emocion\data\audio\raw\mesd_es\Sadness_F_B_metralleta.wav,sadness,mesd_es,mesd_F_B,all,Sadness_F_B_metralleta,,
C:\Users\Rafa\Downloads\proyecto-ia-20260212T103152Z-3-001\proyecto-ia\multimodal-emocion\data\audio\raw\mesd_es\Sadness_F_B_monstruoso.wav,sadness,mesd_es,mesd_F_B,all,Sadness_F_B_monstruoso,,
C:\Users\Rafa\Downloads\proyecto-ia-20260212T103152Z-3-001\proyecto-ia\multimodal-emocion\data\audio\raw\mesd_es\Sadness_F_B_mortal.wav,sadness,mesd_es,mesd_F_B,all,Sadness_F_B_mortal,,
C:\Users\Rafa\Downloads\proyecto-ia-20260212T103152Z-3-001\proyecto-ia\multimodal-emocion\data\audio\raw\mesd_es\Sadness_F_B_nausea.wav,sadness,mesd_es,mesd_F_B,all,Sadness_F_B_nausea,,
C:\Users\Rafa\Downloads\proyecto-ia-20260212T103152Z-3-001\proyecto-ia\multimodal-emocion\data\audio\raw\mesd_es\Sadness_F_B_odioso.wav,sadness,mesd_es,mesd_F_B,all,Sadness_F_B_odioso,,
C:\Users\Rafa\Downloads\proyecto-ia-20260212T103152Z-3-001\proyecto-ia\multimodal-emocion\data\audio\raw\mesd_es\Sadness_F_B_ofensa.wav,sadness,mesd_es,mesd_F_B,all,Sadness_F_B_ofensa,,
C:\Users\Rafa\Downloads\proyecto-ia-20260212T103152Z-3-001\proyecto-ia\multimodal-emocion\data\audio\raw\mesd_es\Sadness_F_B_relajacion.wav,sadness,mesd_es,mesd_F_B,all,Sadness_F_B_relajacion,,
C:\Users\Rafa\Downloads\proyecto-ia-20260212T103152Z-3-001\proyecto-ia\multimodal-emocion\data\audio\raw\mesd_es\Sadness_F_B_tristeza.wav,sadness,mesd_es,mesd_F_B,all,Sadness_F_B_tristeza,,
C:\Users\Rafa\Downloads\proyecto-ia-20260212T103152Z-3-001\proyecto-ia\multimodal-emocion\data\audio\raw\mesd_es\Sadness_M_A_abajo.wav,sadness,mesd_es,mesd_M_A,all,Sadness_M_A_abajo,,
C:\Users\Rafa\Downloads\proyecto-ia-20260212T103152Z-3-001\proyecto-ia\multimodal-emocion\data\audio\raw\mesd_es\Sadness_M_A_adios.wav,sadness,mesd_es,mesd_M_A,all,Sadness_M_A_adios,,
C:\Users\Rafa\Downloads\proyecto-ia-20260212T103152Z-3-001\proyecto-ia\multimodal-emocion\data\audio\raw\mesd_es\Sadness_M_A_afuera.wav,sadness,mesd_es,mesd_M_A,all,Sadness_M_A_afuera,,
C:\Users\Rafa\Downloads\proyecto-ia-20260212T103152Z-3-001\proyecto-ia\multimodal-emocion\data\audio\raw\mesd_es\Sadness_M_A_antes.wav,sadness,mesd_es,mesd_M_A,all,Sadness_M_A_antes,,
C:\Users\Rafa\Downloads\proyecto-ia-20260212T103152Z-3-001\proyecto-ia\multimodal-emocion\data\audio\raw\mesd_es\Sadness_M_A_arriba.wav,sadness,mesd_es,mesd_M_A,all,Sadness_M_A_arriba,,
C:\Users\Rafa\Downloads\proyecto-ia-20260212T103152Z-3-001\proyecto-ia\multimodal-emocion\data\audio\raw\mesd_es\Sadness_M_A_ayer.wav,sadness,mesd_es,mesd_M_A,all,Sadness_M_A_ayer,,
C:\Users\Rafa\Downloads\proyecto-ia-20260212T103152Z-3-001\proyecto-ia\multimodal-emocion\data\audio\raw\mesd_es\Sadness_M_A_basta_ya.wav,sadness,mesd_es,mesd_M_A,all,Sadness_M_A_basta_ya,,
C:\Users\Rafa\Downloads\proyecto-ia-20260212T103152Z-3-001\proyecto-ia\multimodal-emocion\data\audio\raw\mesd_es\Sadness_M_A_de_nada.wav,sadness,mesd_es,mesd_M_A,all,Sadness_M_A_de_nada,,
C:\Users\Rafa\Downloads\proyecto-ia-20260212T103152Z-3-001\proyecto-ia\multimodal-emocion\data\audio\raw\mesd_es\Sadness_M_A_delante.wav,sadness,mesd_es,mesd_M_A,all,Sadness_M_A_delante,,
C:\Users\Rafa\Downloads\proyecto-ia-20260212T103152Z-3-001\proyecto-ia\multimodal-emocion\data\audio\raw\mesd_es\Sadness_M_A_dentro.wav,sadness,mesd_es,mesd_M_A,all,Sadness_M_A_dentro,,
C:\Users\Rafa\Downloads\proyecto-ia-20260212T103152Z-3-001\proyecto-ia\multimodal-emocion\data\audio\raw\mesd_es\Sadness_M_A_derecha.wav,sadness,mesd_es,mesd_M_A,all,Sadness_M_A_derecha,,
C:\Users\Rafa\Downloads\proyecto-ia-20260212T103152Z-3-001\proyecto-ia\multimodal-emocion\data\audio\raw\mesd_es\Sadness_M_A_detras.wav,sadness,mesd_es,mesd_M_A,all,Sadness_M_A_detras,,
C:\Users\Rafa\Downloads\proyecto-ia-20260212T103152Z-3-001\proyecto-ia\multimodal-emocion\data\audio\raw\mesd_es\Sadness_M_A_gracias.wav,sadness,mesd_es,mesd_M_A,all,Sadness_M_A_gracias,,
C:\Users\Rafa\Downloads\proyecto-ia-20260212T103152Z-3-001\proyecto-ia\multimodal-emocion\data\audio\raw\mesd_es\Sadness_M_A_hola.wav,sadness,mesd_es,mesd_M_A,all,Sadness_M_A_hola,,
C:\Users\Rafa\Downloads\proyecto-ia-20260212T103152Z-3-001\proyecto-ia\multimodal-emocion\data\audio\raw\mesd_es\Sadness_M_A_hoy.wav,sadness,mesd_es,mesd_M_A,all,Sadness_M_A_hoy,,
C:\Users\Rafa\Downloads\proyecto-ia-20260212T103152Z-3-001\proyecto-ia\multimodal-emocion\data\audio\raw\mesd_es\Sadness_M_A_izquierda.wav,sadness,mesd_es,mesd_M_A,all,Sadness_M_A_izquierda,,
C:\Users\Rafa\Downloads\proyecto-ia-20260212T103152Z-3-001\proyecto-ia\multimodal-emocion\data\audio\raw\mesd_es\Sadness_M_A_lento.wav,sadness,mesd_es,mesd_M_A,all,Sadness_M_A_lento,,
C:\Users\Rafa\Downloads\proyecto-ia-20260212T103152Z-3-001\proyecto-ia\multimodal-emocion\data\audio\raw\mesd_es\Sadness_M_A_no.wav,sadness,mesd_es,mesd_M_A,all,Sadness_M_A_no,,
C:\Users\Rafa\Downloads\proyecto-ia-20260212T103152Z-3-001\proyecto-ia\multimodal-emocion\data\audio\raw\mesd_es\Sadness_M_A_nunca.wav,sadness,mesd_es,mesd_M_A,all,Sadness_M_A_nunca,,
C:\Users\Rafa\Downloads\proyecto-ia-20260212T103152Z-3-001\proyecto-ia\multimodal-emocion\data\audio\raw\mesd_es\Sadness_M_A_por_favor.wav,sadness,mesd_es,mesd_M_A,all,Sadness_M_A_por_favor,,
C:\Users\Rafa\Downloads\proyecto-ia-20260212T103152Z-3-001\proyecto-ia\multimodal-emocion\data\audio\raw\mesd_es\Sadness_M_A_pronto.wav,sadness,mesd_es,mesd_M_A,all,Sadness_M_A_pronto,,
C:\Users\Rafa\Downloads\proyecto-ia-20260212T103152Z-3-001\proyecto-ia\multimodal-emocion\data\audio\raw\mesd_es\Sadness_M_A_rapido.wav,sadness,mesd_es,mesd_M_A,all,Sadness_M_A_rapido,,
C:\Users\Rafa\Downloads\proyecto-ia-20260212T103152Z-3-001\proyecto-ia\multimodal-emocion\data\audio\raw\mesd_es\Sadness_M_A_si.wav,sadness,mesd_es,mesd_M_A,all,Sadness_M_A_si,,
C:\Users\Rafa\Downloads\proyecto-ia-20260212T103152Z-3-001\proyecto-ia\multimodal-emocion\data\audio\raw\mesd_es\Sadness_M_A_tarde.wav,sadness,mesd_es,mesd_M_A,all,Sadness_M_A_tarde,,
C:\Users\Rafa\Downloads\proyecto-ia-20260212T103152Z-3-001\proyecto-ia\multimodal-emocion\data\audio\raw\mesd_es\Sadness_M_B_abandono.wav,sadness,mesd_es,mesd_M_B,all,Sadness_M_B_abandono,,
C:\Users\Rafa\Downloads\proyecto-ia-20260212T103152Z-3-001\proyecto-ia\multimodal-emocion\data\audio\raw\mesd_es\Sadness_M_B_amenazado.wav,sadness,mesd_es,mesd_M_B,all,Sadness_M_B_amenazado,,
C:\Users\Rafa\Downloads\proyecto-ia-20260212T103152Z-3-001\proyecto-ia\multimodal-emocion\data\audio\raw\mesd_es\Sadness_M_B_ansiedad.wav,sadness,mesd_es,mesd_M_B,all,Sadness_M_B_ansiedad,,
C:\Users\Rafa\Downloads\proyecto-ia-20260212T103152Z-3-001\proyecto-ia\multimodal-emocion\data\audio\raw\mesd_es\Sadness_M_B_antiguo.wav,sadness,mesd_es,mesd_M_B,all,Sadness_M_B_antiguo,,
C:\Users\Rafa\Downloads\proyecto-ia-20260212T103152Z-3-001\proyecto-ia\multimodal-emocion\data\audio\raw\mesd_es\Sadness_M_B_ataque.wav,sadness,mesd_es,mesd_M_B,all,Sadness_M_B_ataque,,
C:\Users\Rafa\Downloads\proyecto-ia-20260212T103152Z-3-001\proyecto-ia\multimodal-emocion\data\audio\raw\mesd_es\Sadness_M_B_celda.wav,sadness,mesd_es,mesd_M_B,all,Sadness_M_B_celda,,
C:\Users\Rafa\Downloads\proyecto-ia-20260212T103152Z-3-001\proyecto-ia\multimodal-emocion\data\audio\raw\mesd_es\Sadness_M_B_conflicto.wav,sadness,mesd_es,mesd_M_B,all,Sadness_M_B_conflicto,,
C:\Users\Rafa\Downloads\proyecto-ia-20260212T103152Z-3-001\proyecto-ia\multimodal-emocion\data\audio\raw\mesd_es\Sadness_M_B_danza.wav,sadness,mesd_es,mesd_M_B,all,Sadness_M_B_danza,,
C:\Users\Rafa\Downloads\proyecto-ia-20260212T103152Z-3-001\proyecto-ia\multimodal-emocion\data\audio\raw\mesd_es\Sadness_M_B_delincuencia.wav,sadness,mesd_es,mesd_M_B,all,Sadness_M_B_delincuencia,,
C:\Users\Rafa\Downloads\proyecto-ia-20260212T103152Z-3-001\proyecto-ia\multimodal-emocion\data\audio\raw\mesd_es\Sadness_M_B_dificultad.wav,sadness,mesd_es,mesd_M_B,all,Sadness_M_B_dificultad,,
C:\Users\Rafa\Downloads\proyecto-ia-20260212T103152Z-3-001\proyecto-ia\multimodal-emocion\data\audio\raw\mesd_es\Sadness_M_B_encadenado.wav,sadness,mesd_es,mesd_M_B,all,Sadness_M_B_encadenado,,
C:\Users\Rafa\Downloads\proyecto-ia-20260212T103152Z-3-001\proyecto-ia\multimodal-emocion\data\audio\raw\mesd_es\Sadness_M_B_enojo.wav,sadness,mesd_es,mesd_M_B,all,Sadness_M_B_enojo,,
C:\Users\Rafa\Downloads\proyecto-ia-20260212T103152Z-3-001\proyecto-ia\multimodal-emocion\data\audio\raw\mesd_es\Sadness_M_B_estafa.wav,sadness,mesd_es,mesd_M_B,all,Sadness_M_B_estafa,,
C:\Users\Rafa\Downloads\proyecto-ia-20260212T103152Z-3-001\proyecto-ia\multimodal-emocion\data\audio\raw\mesd_es\Sadness_M_B_funeraria.wav,sadness,mesd_es,mesd_M_B,all,Sadness_M_B_funeraria,,
C:\Users\Rafa\Downloads\proyecto-ia-20260212T103152Z-3-001\proyecto-ia\multimodal-emocion\data\audio\raw\mesd_es\Sadness_M_B_furia.wav,sadness,mesd_es,mesd_M_B,all,Sadness_M_B_furia,,
C:\Users\Rafa\Downloads\proyecto-ia-20260212T103152Z-3-001\proyecto-ia\multimodal-emocion\data\audio\raw\mesd_es\Sadness_M_B_hambre.wav,sadness,mesd_es,mesd_M_B,all,Sadness_M_B_hambre,,
C:\Users\Rafa\Downloads\proyecto-ia-20260212T103152Z-3-001\proyecto-ia\multimodal-emocion\data\audio\raw\mesd_es\Sadness_M_B_huracan.wav,sadness,mesd_es,mesd_M_B,all,Sadness_M_B_huracan,,
C:\Users\Rafa\Downloads\proyecto-ia-20260212T103152Z-3-001\proyecto-ia\multimodal-emocion\data\audio\raw\mesd_es\Sadness_M_B_infarto.wav,sadness,mesd_es,mesd_M_B,all,Sadness_M_B_infarto,,
C:\Users\Rafa\Downloads\proyecto-ia-20260212T103152Z-3-001\proyecto-ia\multimodal-emocion\data\audio\raw\mesd_es\Sadness_M_B_injusticia.wav,sadness,mesd_es,mesd_M_B,all,Sadness_M_B_injusticia,,
C:\Users\Rafa\Downloads\proyecto-ia-20260212T103152Z-3-001\proyecto-ia\multimodal-emocion\data\audio\raw\mesd_es\Sadness_M_B_ira.wav,sadness,mesd_es,mesd_M_B,all,Sadness_M_B_ira,,
C:\Users\Rafa\Downloads\proyecto-ia-20260212T103152Z-3-001\proyecto-ia\multimodal-emocion\data\audio\raw\mesd_es\Sadness_M_B_llanto.wav,sadness,mesd_es,mesd_M_B,all,Sadness_M_B_llanto,,
C:\Users\Rafa\Downloads\proyecto-ia-20260212T103152Z-3-001\proyecto-ia\multimodal-emocion\data\audio\raw\mesd_es\Sadness_M_B_locura.wav,sadness,mesd_es,mesd_M_B,all,Sadness_M_B_locura,,
C:\Users\Rafa\Downloads\proyecto-ia-20260212T103152Z-3-001\proyecto-ia\multimodal-emocion\data\audio\raw\mesd_es\Sadness_M_B_metralleta.wav,sadness,mesd_es,mesd_M_B,all,Sadness_M_B_metralleta,,
C:\Users\Rafa\Downloads\proyecto-ia-20260212T103152Z-3-001\proyecto-ia\multimodal-emocion\data\audio\raw\mesd_es\Sadness_M_B_tristeza.wav,sadness,mesd_es,mesd_M_B,all,Sadness_M_B_tristeza,,
C:\Users\Rafa\Downloads\proyecto-ia-20260212T103152Z-3-001\proyecto-ia\multimodal-emocion\data\audio\raw\mesd_es_emb\Level1\Anger_F_B_L1_abuso.wav,anger,mesd_es_emb,mesdemb_F_B_L1,all,Anger_F_B_L1_abuso,L1,
C:\Users\Rafa\Downloads\proyecto-ia-20260212T103152Z-3-001\proyecto-ia\multimodal-emocion\data\audio\raw\mesd_es_emb\Level1\Anger_F_B_L1_amenazado.wav,anger,mesd_es_emb,mesdemb_F_B_L1,all,Anger_F_B_L1_amenazado,L1,
C:\Users\Rafa\Downloads\proyecto-ia-20260212T103152Z-3-001\proyecto-ia\multimodal-emocion\data\audio\raw\mesd_es_emb\Level1\Anger_F_B_L1_amenazador.wav,anger,mesd_es_emb,mesdemb_F_B_L1,all,Anger_F_B_L1_amenazador,L1,
C:\Users\Rafa\Downloads\proyecto-ia-20260212T103152Z-3-001\proyecto-ia\multimodal-emocion\data\audio\raw\mesd_es_emb\Level1\Anger_F_B_L1_ataque.wav,anger,mesd_es_emb,mesdemb_F_B_L1,all,Anger_F_B_L1_ataque,L1,
C:\Users\Rafa\Downloads\proyecto-ia-20260212T103152Z-3-001\proyecto-ia\multimodal-emocion\data\audio\raw\mesd_es_emb\Level1\Anger_F_B_L1_atasco.wav,anger,mesd_es_emb,mesdemb_F_B_L1,all,Anger_F_B_L1_atasco,L1,
C:\Users\Rafa\Downloads\proyecto-ia-20260212T103152Z-3-001\proyecto-ia\multimodal-emocion\data\audio\raw\mesd_es_emb\Level1\Anger_F_B_L1_ceguera.wav,anger,mesd_es_emb,mesdemb_F_B_L1,all,Anger_F_B_L1_ceguera,L1,
C:\Users\Rafa\Downloads\proyecto-ia-20260212T103152Z-3-001\proyecto-ia\multimodal-emocion\data\audio\raw\mesd_es_emb\Level1\Anger_F_B_L1_conflicto.wav,anger,mesd_es_emb,mesdemb_F_B_L1,all,Anger_F_B_L1_conflicto,L1,
C:\Users\Rafa\Downloads\proyecto-ia-20260212T103152Z-3-001\proyecto-ia\multimodal-emocion\data\audio\raw\mesd_es_emb\Level1\Anger_F_B_L1_delicuencia.wav,anger,mesd_es_emb,mesdemb_F_B_L1,all,Anger_F_B_L1_delicuencia,L1,
C:\Users\Rafa\Downloads\proyecto-ia-20260212T103152Z-3-001\proyecto-ia\multimodal-emocion\data\audio\raw\mesd_es_emb\Level1\Anger_F_B_L1_enganado.wav,anger,mesd_es_emb,mesdemb_F_B_L1,all,Anger_F_B_L1_enganado,L1,
C:\Users\Rafa\Downloads\proyecto-ia-20260212T103152Z-3-001\proyecto-ia\multimodal-emocion\data\audio\raw\mesd_es_emb\Level1\Anger_F_B_L1_estricto.wav,anger,mesd_es_emb,mesdemb_F_B_L1,all,Anger_F_B_L1_estricto,L1,
C:\Users\Rafa\Downloads\proyecto-ia-20260212T103152Z-3-001\proyecto-ia\multimodal-emocion\data\audio\raw\mesd_es_emb\Level1\Anger_F_B_L1_explosion.wav,anger,mesd_es_emb,mesdemb_F_B_L1,all,Anger_F_B_L1_explosion,L1,
C:\Users\Rafa\Downloads\proyecto-ia-20260212T103152Z-3-001\proyecto-ia\multimodal-emocion\data\audio\raw\mesd_es_emb\Level1\Anger_F_B_L1_explosivo.wav,anger,mesd_es_emb,mesdemb_F_B_L1,all,Anger_F_B_L1_explosivo,L1,
C:\Users\Rafa\Downloads\proyecto-ia-20260212T103152Z-3-001\proyecto-ia\multimodal-emocion\data\audio\raw\mesd_es_emb\Level1\Anger_F_B_L1_furia.wav,anger,mesd_es_emb,mesdemb_F_B_L1,all,Anger_F_B_L1_furia,L1,
C:\Users\Rafa\Downloads\proyecto-ia-20260212T103152Z-3-001\proyecto-ia\multimodal-emocion\data\audio\raw\mesd_es_emb\Level1\Anger_F_B_L1_huracan.wav,anger,mesd_es_emb,mesdemb_F_B_L1,all,Anger_F_B_L1_huracan,L1,
C:\Users\Rafa\Downloads\proyecto-ia-20260212T103152Z-3-001\proyecto-ia\multimodal-emocion\data\audio\raw\mesd_es_emb\Level1\Anger_F_B_L1_injusticia.wav,anger,mesd_es_emb,mesdemb_F_B_L1,all,Anger_F_B_L1_injusticia,L1,
C:\Users\Rafa\Downloads\proyecto-ia-20260212T103152Z-3-001\proyecto-ia\multimodal-emocion\data\audio\raw\mesd_es_emb\Level1\Anger_F_B_L1_insultado.wav,anger,mesd_es_emb,mesdemb_F_B_L1,all,Anger_F_B_L1_insultado,L1,
C:\Users\Rafa\Downloads\proyecto-ia-20260212T103152Z-3-001\proyecto-ia\multimodal-emocion\data\audio\raw\mesd_es_emb\Level1\Anger_F_B_L1_ira.wav,anger,mesd_es_emb,mesdemb_F_B_L1,all,Anger_F_B_L1_ira,L1,
C:\Users\Rafa\Downloads\proyecto-ia-20260212T103152Z-3-001\proyecto-ia\multimodal-emocion\data\audio\raw\mesd_es_emb\Level1\Anger_F_B_L1_irrespetuoso.wav,anger,mesd_es_emb,mesdemb_F_B_L1,all,Anger_F_B_L1_irrespetuoso,L1,
C:\Users\Rafa\Downloads\proyecto-ia-20260212T103152Z-3-001\proyecto-ia\multimodal-emocion\data\audio\raw\mesd_es_emb\Level1\Anger_F_B_L1_monstruoso.wav,anger,mesd_es_emb,mesdemb_F_B_L1,all,Anger_F_B_L1_monstruoso,L1,
C:\Users\Rafa\Downloads\proyecto-ia-20260212T103152Z-3-001\proyecto-ia\multimodal-emocion\data\audio\raw\mesd_es_emb\Level1\Anger_F_B_L1_odioso.wav,anger,mesd_es_emb,mesdemb_F_B_L1,all,Anger_F_B_L1_odioso,L1,
C:\Users\Rafa\Downloads\proyecto-ia-20260212T103152Z-3-001\proyecto-ia\multimodal-emocion\data\audio\raw\mesd_es_emb\Level1\Anger_F_B_L1_ofensa.wav,anger,mesd_es_emb,mesdemb_F_B_L1,all,Anger_F_B_L1_ofensa,L1,
C:\Users\Rafa\Downloads\proyecto-ia-20260212T103152Z-3-001\proyecto-ia\multimodal-emocion\data\audio\raw\mesd_es_emb\Level1\Anger_F_B_L1_pesadilla.wav,anger,mesd_es_emb,mesdemb_F_B_L1,all,Anger_F_B_L1_pesadilla,L1,
C:\Users\Rafa\Downloads\proyecto-ia-20260212T103152Z-3-001\proyecto-ia\multimodal-emocion\data\audio\raw\mesd_es_emb\Level1\Anger_F_B_L1_relajacion.wav,anger,mesd_es_emb,mesdemb_F_B_L1,all,Anger_F_B_L1_relajacion,L1,
C:\Users\Rafa\Downloads\proyecto-ia-20260212T103152Z-3-001\proyecto-ia\multimodal-emocion\data\audio\raw\mesd_es_emb\Level1\Anger_F_B_L1_torturado.wav,anger,mesd_es_emb,mesdemb_F_B_L1,all,Anger_F_B_L1_torturado,L1,
C:\Users\Rafa\Downloads\proyecto-ia-20260212T103152Z-3-001\proyecto-ia\multimodal-emocion\data\audio\raw\mesd_es_emb\Level1\Disgust_F_B_L1_abandono.wav,disgust,mesd_es_emb,mesdemb_F_B_L1,all,Disgust_F_B_L1_abandono,L1,
C:\Users\Rafa\Downloads\proyecto-ia-20260212T103152Z-3-001\proyecto-ia\multimodal-emocion\data\audio\raw\mesd_es_emb\Level1\Disgust_F_B_L1_abuso.wav,disgust,mesd_es_emb,mesdemb_F_B_L1,all,Disgust_F_B_L1_abuso,L1,
C:\Users\Rafa\Downloads\proyecto-ia-20260212T103152Z-3-001\proyecto-ia\multimodal-emocion\data\audio\raw\mesd_es_emb\Level1\Disgust_F_B_L1_amenazador.wav,disgust,mesd_es_emb,mesdemb_F_B_L1,all,Disgust_F_B_L1_amenazador,L1,
C:\Users\Rafa\Downloads\proyecto-ia-20260212T103152Z-3-001\proyecto-ia\multimodal-emocion\data\audio\raw\mesd_es_emb\Level1\Disgust_F_B_L1_arana.wav,disgust,mesd_es_emb,mesdemb_F_B_L1,all,Disgust_F_B_L1_arana,L1,
C:\Users\Rafa\Downloads\proyecto-ia-20260212T103152Z-3-001\proyecto-ia\multimodal-emocion\data\audio\raw\mesd_es_emb\Level1\Disgust_F_B_L1_atasco.wav,disgust,mesd_es_emb,mesdemb_F_B_L1,all,Disgust_F_B_L1_atasco,L1,
C:\Users\Rafa\Downloads\proyecto-ia-20260212T103152Z-3-001\proyecto-ia\multimodal-emocion\data\audio\raw\mesd_es_emb\Level1\Disgust_F_B_L1_chistoso.wav,disgust,mesd_es_emb,mesdemb_F_B_L1,all,Disgust_F_B_L1_chistoso,L1,
C:\Users\Rafa\Downloads\proyecto-ia-20260212T103152Z-3-001\proyecto-ia\multimodal-emocion\data\audio\raw\mesd_es_emb\Level1\Disgust_F_B_L1_conflicto.wav,disgust,mesd_es_emb,mesdemb_F_B_L1,all,Disgust_F_B_L1_conflicto,L1,
C:\Users\Rafa\Downloads\proyecto-ia-20260212T103152Z-3-001\proyecto-ia\multimodal-emocion\data\audio\raw\mesd_es_emb\Level1\Disgust_F_B_L1_creido.wav,disgust,mesd_es_emb,mesdemb_F_B_L1,all,Disgust_F_B_L1_creido,L1,
C:\Users\Rafa\Downloads\proyecto-ia-20260212T103152Z-3-001\proyecto-ia\multimodal-emocion\data\audio\raw\mesd_es_emb\Level1\Disgust_F_B_L1_cucaracha.wav,disgust,mesd_es_emb,mesdemb_F_B_L1,all,Disgust_F_B_L1_cucaracha,L1,
C:\Users\Rafa\Downloads\proyecto-ia-20260212T103152Z-3-001\proyecto-ia\multimodal-emocion\data\audio\raw\mesd_es_emb\Level1\Disgust_F_B_L1_delincuencia.wav,disgust,mesd_es_emb,mesdemb_F_B_L1,all,Disgust_F_B_L1_delincuencia,L1,
C:\Users\Rafa\Downloads\proyecto-ia-20260212T103152Z-3-001\proyecto-ia\multimodal-emocion\data\audio\raw\mesd_es_emb\Level1\Disgust_F_B_L1_enganado.wav,disgust,mesd_es_emb,mesdemb_F_B_L1,all,Disgust_F_B_L1_enganado,L1,
C:\Users\Rafa\Downloads\proyecto-ia-20260212T103152Z-3-001\proyecto-ia\multimodal-emocion\data\audio\raw\mesd_es_emb\Level1\Disgust_F_B_L1_horroroso.wav,disgust,mesd_es_emb,mesdemb_F_B_L1,all,Disgust_F_B_L1_horroroso,L1,
C:\Users\Rafa\Downloads\proyecto-ia-20260212T103152Z-3-001\proyecto-ia\multimodal-emocion\data\audio\raw\mesd_es_emb\Level1\Disgust_F_B_L1_injusticia.wav,disgust,mesd_es_emb,mesdemb_F_B_L1,all,Disgust_F_B_L1_injusticia,L1,
C:\Users\Rafa\Downloads\proyecto-ia-20260212T103152Z-3-001\proyecto-ia\multimodal-emocion\data\audio\raw\mesd_es_emb\Level1\Disgust_F_B_L1_insultado.wav,disgust,mesd_es_emb,mesdemb_F_B_L1,all,Disgust_F_B_L1_insultado,L1,
C:\Users\Rafa\Downloads\proyecto-ia-20260212T103152Z-3-001\proyecto-ia\multimodal-emocion\data\audio\raw\mesd_es_emb\Level1\Disgust_F_B_L1_jeringuilla.wav,disgust,mesd_es_emb,mesdemb_F_B_L1,all,Disgust_F_B_L1_jeringuilla,L1,
C:\Users\Rafa\Downloads\proyecto-ia-20260212T103152Z-3-001\proyecto-ia\multimodal-emocion\data\audio\raw\mesd_es_emb\Level1\Disgust_F_B_L1_monstruo.wav,disgust,mesd_es_emb,mesdemb_F_B_L1,all,Disgust_F_B_L1_monstruo,L1,
C:\Users\Rafa\Downloads\proyecto-ia-20260212T103152Z-3-001\proyecto-ia\multimodal-emocion\data\audio\raw\mesd_es_emb\Level1\Disgust_F_B_L1_monstruoso.wav,disgust,mesd_es_emb,mesdemb_F_B_L1,all,Disgust_F_B_L1_monstruoso,L1,
C:\Users\Rafa\Downloads\proyecto-ia-20260212T103152Z-3-001\proyecto-ia\multimodal-emocion\data\audio\raw\mesd_es_emb\Level1\Disgust_F_B_L1_nausea.wav,disgust,mesd_es_emb,mesdemb_F_B_L1,all,Disgust_F_B_L1_nausea,L1,
C:\Users\Rafa\Downloads\proyecto-ia-20260212T103152Z-3-001\proyecto-ia\multimodal-emocion\data\audio\raw\mesd_es_emb\Level1\Disgust_F_B_L1_oloroso.wav,disgust,mesd_es_emb,mesdemb_F_B_L1,all,Disgust_F_B_L1_oloroso,L1,
C:\Users\Rafa\Downloads\proyecto-ia-20260212T103152Z-3-001\proyecto-ia\multimodal-emocion\data\audio\raw\mesd_es_emb\Level1\Disgust_F_B_L1_oruga.wav,disgust,mesd_es_emb,mesdemb_F_B_L1,all,Disgust_F_B_L1_oruga,L1,
C:\Users\Rafa\Downloads\proyecto-ia-20260212T103152Z-3-001\proyecto-ia\multimodal-emocion\data\audio\raw\mesd_es_emb\Level1\Disgust_F_B_L1_punalada.wav,disgust,mesd_es_emb,mesdemb_F_B_L1,all,Disgust_F_B_L1_punalada,L1,
C:\Users\Rafa\Downloads\proyecto-ia-20260212T103152Z-3-001\proyecto-ia\multimodal-emocion\data\audio\raw\mesd_es_emb\Level1\Disgust_F_B_L1_relajacion.wav,disgust,mesd_es_emb,mesdemb_F_B_L1,all,Disgust_F_B_L1_relajacion,L1,
C:\Users\Rafa\Downloads\proyecto-ia-20260212T103152Z-3-001\proyecto-ia\multimodal-emocion\data\audio\raw\mesd_es_emb\Level1\Disgust_F_B_L1_robo.wav,disgust,mesd_es_emb,mesdemb_F_B_L1,all,Disgust_F_B_L1_robo,L1,
C:\Users\Rafa\Downloads\proyecto-ia-20260212T103152Z-3-001\proyecto-ia\multimodal-emocion\data\audio\raw\mesd_es_emb\Level1\Disgust_F_B_L1_torturado.wav,disgust,mesd_es_emb,mesdemb_F_B_L1,all,Disgust_F_B_L1_torturado,L1,
C:\Users\Rafa\Downloads\proyecto-ia-20260212T103152Z-3-001\proyecto-ia\multimodal-emocion\data\audio\raw\mesd_es_emb\Level1\Fear_F_B_L1_abuso.wav,fear,mesd_es_emb,mesdemb_F_B_L1,all,Fear_F_B_L1_abuso,L1,
C:\Users\Rafa\Downloads\proyecto-ia-20260212T103152Z-3-001\proyecto-ia\multimodal-emocion\data\audio\raw\mesd_es_emb\Level1\Fear_F_B_L1_aguijon.wav,fear,mesd_es_emb,mesdemb_F_B_L1,all,Fear_F_B_L1_aguijon,L1,
C:\Users\Rafa\Downloads\proyecto-ia-20260212T103152Z-3-001\proyecto-ia\multimodal-emocion\data\audio\raw\mesd_es_emb\Level1\Fear_F_B_L1_alarma.wav,fear,mesd_es_emb,mesdemb_F_B_L1,all,Fear_F_B_L1_alarma,L1,
C:\Users\Rafa\Downloads\proyecto-ia-20260212T103152Z-3-001\proyecto-ia\multimodal-emocion\data\audio\raw\mesd_es_emb\Level1\Fear_F_B_L1_amenazado.wav,fear,mesd_es_emb,mesdemb_F_B_L1,all,Fear_F_B_L1_amenazado,L1,
C:\Users\Rafa\Downloads\proyecto-ia-20260212T103152Z-3-001\proyecto-ia\multimodal-emocion\data\audio\raw\mesd_es_emb\Level1\Fear_F_B_L1_amenazador.wav,fear,mesd_es_emb,mesdemb_F_B_L1,all,Fear_F_B_L1_amenazador,L1,
C:\Users\Rafa\Downloads\proyecto-ia-20260212T103152Z-3-001\proyecto-ia\multimodal-emocion\data\audio\raw\mesd_es_emb\Level1\Fear_F_B_L1_arana.wav,fear,mesd_es_emb,mesdemb_F_B_L1,all,Fear_F_B_L1_arana,L1,
C:\Users\Rafa\Downloads\proyecto-ia-20260212T103152Z-3-001\proyecto-ia\multimodal-emocion\data\audio\raw\mesd_es_emb\Level1\Fear_F_B_L1_ceguera.wav,fear,mesd_es_emb,mesdemb_F_B_L1,all,Fear_F_B_L1_ceguera,L1,
C:\Users\Rafa\Downloads\proyecto-ia-20260212T103152Z-3-001\proyecto-ia\multimodal-emocion\data\audio\raw\mesd_es_emb\Level1\Fear_F_B_L1_cirugia.wav,fear,mesd_es_emb,mesdemb_F_B_L1,all,Fear_F_B_L1_cirugia,L1,
C:\Users\Rafa\Downloads\proyecto-ia-20260212T103152Z-3-001\proyecto-ia\multimodal-emocion\data\audio\raw\mesd_es_emb\Level1\Fear_F_B_L1_conflicto.wav,fear,mesd_es_emb,mesdemb_F_B_L1,all,Fear_F_B_L1_conflicto,L1,
C:\Users\Rafa\Downloads\proyecto-ia-20260212T103152Z-3-001\proyecto-ia\multimodal-emocion\data\audio\raw\mesd_es_emb\Level1\Fear_F_B_L1_cucaracha.wav,fear,mesd_es_emb,mesdemb_F_B_L1,all,Fear_F_B_L1_cucaracha,L1,
C:\Users\Rafa\Downloads\proyecto-ia-20260212T103152Z-3-001\proyecto-ia\multimodal-emocion\data\audio\raw\mesd_es_emb\Level1\Fear_F_B_L1_delincuencia.wav,fear,mesd_es_emb,mesdemb_F_B_L1,all,Fear_F_B_L1_delincuencia,L1,
C:\Users\Rafa\Downloads\proyecto-ia-20260212T103152Z-3-001\proyecto-ia\multimodal-emocion\data\audio\raw\mesd_es_emb\Level1\Fear_F_B_L1_desmayo.wav,fear,mesd_es_emb,mesdemb_F_B_L1,all,Fear_F_B_L1_desmayo,L1,
C:\Users\Rafa\Downloads\proyecto-ia-20260212T103152Z-3-001\proyecto-ia\multimodal-emocion\data\audio\raw\mesd_es_emb\Level1\Fear_F_B_L1_dificultad.wav,fear,mesd_es_emb,mesdemb_F_B_L1,all,Fear_F_B_L1_dificultad,L1,
C:\Users\Rafa\Downloads\proyecto-ia-20260212T103152Z-3-001\proyecto-ia\multimodal-emocion\data\audio\raw\mesd_es_emb\Level1\Fear_F_B_L1_enganado.wav,fear,mesd_es_emb,mesdemb_F_B_L1,all,Fear_F_B_L1_enganado,L1,
C:\Users\Rafa\Downloads\proyecto-ia-20260212T103152Z-3-001\proyecto-ia\multimodal-emocion\data\audio\raw\mesd_es_emb\Level1\Fear_F_B_L1_estricto.wav,fear,mesd_es_emb,mesdemb_F_B_L1,all,Fear_F_B_L1_estricto,L1,
C:\Users\Rafa\Downloads\proyecto-ia-20260212T103152Z-3-001\proyecto-ia\multimodal-emocion\data\audio\raw\mesd_es_emb\Level1\Fear_F_B_L1_explosion.wav,fear,mesd_es_emb,mesdemb_F_B_L1,all,Fear_F_B_L1_explosion,L1,
C:\Users\Rafa\Downloads\proyecto-ia-20260212T103152Z-3-001\proyecto-ia\multimodal-emocion\data\audio\raw\mesd_es_emb\Level1\Fear_F_B_L1_explosivo.wav,fear,mesd_es_emb,mesdemb_F_B_L1,all,Fear_F_B_L1_explosivo,L1,
C:\Users\Rafa\Downloads\proyecto-ia-20260212T103152Z-3-001\proyecto-ia\multimodal-emocion\data\audio\raw\mesd_es_emb\Level1\Fear_F_B_L1_fantasma.wav,fear,mesd_es_emb,mesdemb_F_B_L1,all,Fear_F_B_L1_fantasma,L1,
C:\Users\Rafa\Downloads\proyecto-ia-20260212T103152Z-3-001\proyecto-ia\multimodal-emocion\data\audio\raw\mesd_es_emb\Level1\Fear_F_B_L1_furia.wav,fear,mesd_es_emb,mesdemb_F_B_L1,all,Fear_F_B_L1_furia,L1,
C:\Users\Rafa\Downloads\proyecto-ia-20260212T103152Z-3-001\proyecto-ia\multimodal-emocion\data\audio\raw\mesd_es_emb\Level1\Fear_F_B_L1_horroroso.wav,fear,mesd_es_emb,mesdemb_F_B_L1,all,Fear_F_B_L1_horroroso,L1,
C:\Users\Rafa\Downloads\proyecto-ia-20260212T103152Z-3-001\proyecto-ia\multimodal-emocion\data\audio\raw\mesd_es_emb\Level1\Fear_F_B_L1_huracan.wav,fear,mesd_es_emb,mesdemb_F_B_L1,all,Fear_F_B_L1_huracan,L1,
C:\Users\Rafa\Downloads\proyecto-ia-20260212T103152Z-3-001\proyecto-ia\multimodal-emocion\data\audio\raw\mesd_es_emb\Level1\Fear_F_B_L1_infarto.wav,fear,mesd_es_emb,mesdemb_F_B_L1,all,Fear_F_B_L1_infarto,L1,
C:\Users\Rafa\Downloads\proyecto-ia-20260212T103152Z-3-001\proyecto-ia\multimodal-emocion\data\audio\raw\mesd_es_emb\Level1\Fear_F_B_L1_relajacion.wav,fear,mesd_es_emb,mesdemb_F_B_L1,all,Fear_F_B_L1_relajacion,L1,
C:\Users\Rafa\Downloads\proyecto-ia-20260212T103152Z-3-001\proyecto-ia\multimodal-emocion\data\audio\raw\mesd_es_emb\Level1\Fear_F_B_L1_tristeza.wav,fear,mesd_es_emb,mesdemb_F_B_L1,all,Fear_F_B_L1_tristeza,L1,
C:\Users\Rafa\Downloads\proyecto-ia-20260212T103152Z-3-001\proyecto-ia\multimodal-emocion\data\audio\raw\mesd_es_emb\Level1\Happiness_F_B_L1_aficion.wav,joy,mesd_es_emb,mesdemb_F_B_L1,all,Happiness_F_B_L1_aficion,L1,
C:\Users\Rafa\Downloads\proyecto-ia-20260212T103152Z-3-001\proyecto-ia\multimodal-emocion\data\audio\raw\mesd_es_emb\Level1\Happiness_F_B_L1_aglomeracion.wav,joy,mesd_es_emb,mesdemb_F_B_L1,all,Happiness_F_B_L1_aglomeracion,L1,
C:\Users\Rafa\Downloads\proyecto-ia-20260212T103152Z-3-001\proyecto-ia\multimodal-emocion\data\audio\raw\mesd_es_emb\Level1\Happiness_F_B_L1_atractivo.wav,joy,mesd_es_emb,mesdemb_F_B_L1,all,Happiness_F_B_L1_atractivo,L1,
C:\Users\Rafa\Downloads\proyecto-ia-20260212T103152Z-3-001\proyecto-ia\multimodal-emocion\data\audio\raw\mesd_es_emb\Level1\Happiness_F_B_L1_aventurero.wav,joy,mesd_es_emb,mesdemb_F_B_L1,all,Happiness_F_B_L1_aventurero,L1,
C:\Users\Rafa\Downloads\proyecto-ia-20260212T103152Z-3-001\proyecto-ia\multimodal-emocion\data\audio\raw\mesd_es_emb\Level1\Happiness_F_B_L1_baile.wav,joy,mesd_es_emb,mesdemb_F_B_L1,all,Happiness_F_B_L1_baile,L1,
C:\Users\Rafa\Downloads\proyecto-ia-20260212T103152Z-3-001\proyecto-ia\multimodal-emocion\data\audio\raw\mesd_es_emb\Level1\Happiness_F_B_L1_bebe.wav,joy,mesd_es_emb,mesdemb_F_B_L1,all,Happiness_F_B_L1_bebe,L1,
C:\Users\Rafa\Downloads\proyecto-ia-20260212T103152Z-3-001\proyecto-ia\multimodal-emocion\data\audio\raw\mesd_es_emb\Level1\Happiness_F_B_L1_bello.wav,joy,mesd_es_emb,mesdemb_F_B_L1,all,Happiness_F_B_L1_bello,L1,
C:\Users\Rafa\Downloads\proyecto-ia-20260212T103152Z-3-001\proyecto-ia\multimodal-emocion\data\audio\raw\mesd_es_emb\Level1\Happiness_F_B_L1_calma.wav,joy,mesd_es_emb,mesdemb_F_B_L1,all,Happiness_F_B_L1_calma,L1,
C:\Users\Rafa\Downloads\proyecto-ia-20260212T103152Z-3-001\proyecto-ia\multimodal-emocion\data\audio\raw\mesd_es_emb\Level1\Happiness_F_B_L1_calmado.wav,joy,mesd_es_emb,mesdemb_F_B_L1,all,Happiness_F_B_L1_calmado,L1,
C:\Users\Rafa\Downloads\proyecto-ia-20260212T103152Z-3-001\proyecto-ia\multimodal-emocion\data\audio\raw\mesd_es_emb\Level1\Happiness_F_B_L1_chiminea.wav,joy,mesd_es_emb,mesdemb_F_B_L1,all,Happiness_F_B_L1_chiminea,L1,
C:\Users\Rafa\Downloads\proyecto-ia-20260212T103152Z-3-001\proyecto-ia\multimodal-emocion\data\audio\raw\mesd_es_emb\Level1\Happiness_F_B_L1_clavel.wav,joy,mesd_es_emb,mesdemb_F_B_L1,all,Happiness_F_B_L1_clavel,L1,
C:\Users\Rafa\Downloads\proyecto-ia-20260212T103152Z-3-001\proyecto-ia\multimodal-emocion\data\audio\raw\mesd_es_emb\Level1\Happiness_F_B_L1_comico.wav,joy,mesd_es_emb,mesdemb_F_B_L1,all,Happiness_F_B_L1_comico,L1,
C:\Users\Rafa\Downloads\proyecto-ia-20260212T103152Z-3-001\proyecto-ia\multimodal-emocion\data\audio\raw\mesd_es_emb\Level1\Happiness_F_B_L1_delfin.wav,joy,mesd_es_emb,mesdemb_F_B_L1,all,Happiness_F_B_L1_delfin,L1,
C:\Users\Rafa\Downloads\proyecto-ia-20260212T103152Z-3-001\proyecto-ia\multimodal-emocion\data\audio\raw\mesd_es_emb\Level1\Happiness_F_B_L1_delicadeza.wav,joy,mesd_es_emb,mesdemb_F_B_L1,all,Happiness_F_B_L1_delicadeza,L1,
C:\Users\Rafa\Downloads\proyecto-ia-20260212T103152Z-3-001\proyecto-ia\multimodal-emocion\data\audio\raw\mesd_es_emb\Level1\Happiness_F_B_L1_estudioso.wav,joy,mesd_es_emb,mesdemb_F_B_L1,all,Happiness_F_B_L1_estudioso,L1,
C:\Users\Rafa\Downloads\proyecto-ia-20260212T103152Z-3-001\proyecto-ia\multimodal-emocion\data\audio\raw\mesd_es_emb\Level1\Happiness_F_B_L1_fantastico.wav,joy,mesd_es_emb,mesdemb_F_B_L1,all,Happiness_F_B_L1_fantastico,L1,
C:\Users\Rafa\Downloads\proyecto-ia-20260212T103152Z-3-001\proyecto-ia\multimodal-emocion\data\audio\raw\mesd_es_emb\Level1\Happiness_F_B_L1_fresco.wav,joy,mesd_es_emb,mesdemb_F_B_L1,all,Happiness_F_B_L1_fresco,L1,
C:\Users\Rafa\Downloads\proyecto-ia-20260212T103152Z-3-001\proyecto-ia\multimodal-emocion\data\audio\raw\mesd_es_emb\Level1\Happiness_F_B_L1_masaje.wav,joy,mesd_es_emb,mesdemb_F_B_L1,all,Happiness_F_B_L1_masaje,L1,
C:\Users\Rafa\Downloads\proyecto-ia-20260212T103152Z-3-001\proyecto-ia\multimodal-emocion\data\audio\raw\mesd_es_emb\Level1\Happiness_F_B_L1_oasis.wav,joy,mesd_es_emb,mesdemb_F_B_L1,all,Happiness_F_B_L1_oasis,L1,
C:\Users\Rafa\Downloads\proyecto-ia-20260212T103152Z-3-001\proyecto-ia\multimodal-emocion\data\audio\raw\mesd_es_emb\Level1\Happiness_F_B_L1_refrescante.wav,joy,mesd_es_emb,mesdemb_F_B_L1,all,Happiness_F_B_L1_refrescante,L1,
C:\Users\Rafa\Downloads\proyecto-ia-20260212T103152Z-3-001\proyecto-ia\multimodal-emocion\data\audio\raw\mesd_es_emb\Level1\Happiness_F_B_L1_rosa.wav,joy,mesd_es_emb,mesdemb_F_B_L1,all,Happiness_F_B_L1_rosa,L1,
C:\Users\Rafa\Downloads\proyecto-ia-20260212T103152Z-3-001\proyecto-ia\multimodal-emocion\data\audio\raw\mesd_es_emb\Level1\Happiness_F_B_L1_siesta.wav,joy,mesd_es_emb,mesdemb_F_B_L1,all,Happiness_F_B_L1_siesta,L1,
C:\Users\Rafa\Downloads\proyecto-ia-20260212T103152Z-3-001\proyecto-ia\multimodal-emocion\data\audio\raw\mesd_es_emb\Level1\Happiness_F_B_L1_ternura.wav,joy,mesd_es_emb,mesdemb_F_B_L1,all,Happiness_F_B_L1_ternura,L1,
C:\Users\Rafa\Downloads\proyecto-ia-20260212T103152Z-3-001\proyecto-ia\multimodal-emocion\data\audio\raw\mesd_es_emb\Level1\Happiness_F_B_L1_velas.wav,joy,mesd_es_emb,mesdemb_F_B_L1,all,Happiness_F_B_L1_velas,L1,
C:\Users\Rafa\Downloads\proyecto-ia-20260212T103152Z-3-001\proyecto-ia\multimodal-emocion\data\audio\raw\mesd_es_emb\Level1\Neutral_F_B_L1_acuarela.wav,neutral,mesd_es_emb,mesdemb_F_B_L1,all,Neutral_F_B_L1_acuarela,L1,
C:\Users\Rafa\Downloads\proyecto-ia-20260212T103152Z-3-001\proyecto-ia\multimodal-emocion\data\audio\raw\mesd_es_emb\Level1\Neutral_F_B_L1_acuatico.wav,neutral,mesd_es_emb,mesdemb_F_B_L1,all,Neutral_F_B_L1_acuatico,L1,
C:\Users\Rafa\Downloads\proyecto-ia-20260212T103152Z-3-001\proyecto-ia\multimodal-emocion\data\audio\raw\mesd_es_emb\Level1\Neutral_F_B_L1_agencia.wav,neutral,mesd_es_emb,mesdemb_F_B_L1,all,Neutral_F_B_L1_agencia,L1,
C:\Users\Rafa\Downloads\proyecto-ia-20260212T103152Z-3-001\proyecto-ia\multimodal-emocion\data\audio\raw\mesd_es_emb\Level1\Neutral_F_B_L1_barba.wav,neutral,mesd_es_emb,mesdemb_F_B_L1,all,Neutral_F_B_L1_barba,L1,
C:\Users\Rafa\Downloads\proyecto-ia-20260212T103152Z-3-001\proyecto-ia\multimodal-emocion\data\audio\raw\mesd_es_emb\Level1\Neutral_F_B_L1_bola.wav,neutral,mesd_es_emb,mesdemb_F_B_L1,all,Neutral_F_B_L1_bola,L1,
C:\Users\Rafa\Downloads\proyecto-ia-20260212T103152Z-3-001\proyecto-ia\multimodal-emocion\data\audio\raw\mesd_es_emb\Level1\Neutral_F_B_L1_caducado.wav,neutral,mesd_es_emb,mesdemb_F_B_L1,all,Neutral_F_B_L1_caducado,L1,
C:\Users\Rafa\Downloads\proyecto-ia-20260212T103152Z-3-001\proyecto-ia\multimodal-emocion\data\audio\raw\mesd_es_emb\Level1\Neutral_F_B_L1_consciente.wav,neutral,mesd_es_emb,mesdemb_F_B_L1,all,Neutral_F_B_L1_consciente,L1,
C:\Users\Rafa\Downloads\proyecto-ia-20260212T103152Z-3-001\proyecto-ia\multimodal-emocion\data\audio\raw\mesd_es_emb\Level1\Neutral_F_B_L1_contrario.wav,neutral,mesd_es_emb,mesdemb_F_B_L1,all,Neutral_F_B_L1_contrario,L1,
C:\Users\Rafa\Downloads\proyecto-ia-20260212T103152Z-3-001\proyecto-ia\multimodal-emocion\data\audio\raw\mesd_es_emb\Level1\Neutral_F_B_L1_desierto.wav,neutral,mesd_es_emb,mesdemb_F_B_L1,all,Neutral_F_B_L1_desierto,L1,
C:\Users\Rafa\Downloads\proyecto-ia-20260212T103152Z-3-001\proyecto-ia\multimodal-emocion\data\audio\raw\mesd_es_emb\Level1\Neutral_F_B_L1_elevado.wav,neutral,mesd_es_emb,mesdemb_F_B_L1,all,Neutral_F_B_L1_elevado,L1,
C:\Users\Rafa\Downloads\proyecto-ia-20260212T103152Z-3-001\proyecto-ia\multimodal-emocion\data\audio\raw\mesd_es_emb\Level1\Neutral_F_B_L1_extenso.wav,neutral,mesd_es_emb,mesdemb_F_B_L1,all,Neutral_F_B_L1_extenso,L1,
C:\Users\Rafa\Downloads\proyecto-ia-20260212T103152Z-3-001\proyecto-ia\multimodal-emocion\data\audio\raw\mesd_es_emb\Level1\Neutral_F_B_L1_fecha.wav,neutral,mesd_es_emb,mesdemb_F_B_L1,all,Neutral_F_B_L1_fecha,L1,
C:\Users\Rafa\Downloads\proyecto-ia-20260212T103152Z-3-001\proyecto-ia\multimodal-emocion\data\audio\raw\mesd_es_emb\Level1\Neutral_F_B_L1_garganta.wav,neutral,mesd_es_emb,mesdemb_F_B_L1,all,Neutral_F_B_L1_garganta,L1,
C:\Users\Rafa\Downloads\proyecto-ia-20260212T103152Z-3-001\proyecto-ia\multimodal-emocion\data\audio\raw\mesd_es_emb\Level1\Neutral_F_B_L1_giro.wav,neutral,mesd_es_emb,mesdemb_F_B_L1,all,Neutral_F_B_L1_giro,L1,
C:\Users\Rafa\Downloads\proyecto-ia-20260212T103152Z-3-001\proyecto-ia\multimodal-emocion\data\audio\raw\mesd_es_emb\Level1\Neutral_F_B_L1_hondo.wav,neutral,mesd_es_emb,mesdemb_F_B_L1,all,Neutral_F_B_L1_hondo,L1,
C:\Users\Rafa\Downloads\proyecto-ia-20260212T103152Z-3-001\proyecto-ia\multimodal-emocion\data\audio\raw\mesd_es_emb\Level1\Neutral_F_B_L1_mecanico.wav,neutral,mesd_es_emb,mesdemb_F_B_L1,all,Neutral_F_B_L1_mecanico,L1,
C:\Users\Rafa\Downloads\proyecto-ia-20260212T103152Z-3-001\proyecto-ia\multimodal-emocion\data\audio\raw\mesd_es_emb\Level1\Neutral_F_B_L1_mentiroso.wav,neutral,mesd_es_emb,mesdemb_F_B_L1,all,Neutral_F_B_L1_mentiroso,L1,
C:\Users\Rafa\Downloads\proyecto-ia-20260212T103152Z-3-001\proyecto-ia\multimodal-emocion\data\audio\raw\mesd_es_emb\Level1\Neutral_F_B_L1_metro.wav,neutral,mesd_es_emb,mesdemb_F_B_L1,all,Neutral_F_B_L1_metro,L1,
C:\Users\Rafa\Downloads\proyecto-ia-20260212T103152Z-3-001\proyecto-ia\multimodal-emocion\data\audio\raw\mesd_es_emb\Level1\Neutral_F_B_L1_mojado.wav,neutral,mesd_es_emb,mesdemb_F_B_L1,all,Neutral_F_B_L1_mojado,L1,
C:\Users\Rafa\Downloads\proyecto-ia-20260212T103152Z-3-001\proyecto-ia\multimodal-emocion\data\audio\raw\mesd_es_emb\Level1\Neutral_F_B_L1_paella.wav,neutral,mesd_es_emb,mesdemb_F_B_L1,all,Neutral_F_B_L1_paella,L1,
C:\Users\Rafa\Downloads\proyecto-ia-20260212T103152Z-3-001\proyecto-ia\multimodal-emocion\data\audio\raw\mesd_es_emb\Level1\Neutral_F_B_L1_pelirrojo.wav,neutral,mesd_es_emb,mesdemb_F_B_L1,all,Neutral_F_B_L1_pelirrojo,L1,
C:\Users\Rafa\Downloads\proyecto-ia-20260212T103152Z-3-001\proyecto-ia\multimodal-emocion\data\audio\raw\mesd_es_emb\Level1\Neutral_F_B_L1_presumido.wav,neutral,mesd_es_emb,mesdemb_F_B_L1,all,Neutral_F_B_L1_presumido,L1,
C:\Users\Rafa\Downloads\proyecto-ia-20260212T103152Z-3-001\proyecto-ia\multimodal-emocion\data\audio\raw\mesd_es_emb\Level1\Neutral_F_B_L1_religioso.wav,neutral,mesd_es_emb,mesdemb_F_B_L1,all,Neutral_F_B_L1_religioso,L1,
C:\Users\Rafa\Downloads\proyecto-ia-20260212T103152Z-3-001\proyecto-ia\multimodal-emocion\data\audio\raw\mesd_es_emb\Level1\Neutral_F_B_L1_temporal.wav,neutral,mesd_es_emb,mesdemb_F_B_L1,all,Neutral_F_B_L1_temporal,L1,
C:\Users\Rafa\Downloads\proyecto-ia-20260212T103152Z-3-001\proyecto-ia\multimodal-emocion\data\audio\raw\mesd_es_emb\Level1\Sadness_F_B_L1_abandono.wav,sadness,mesd_es_emb,mesdemb_F_B_L1,all,Sadness_F_B_L1_abandono,L1,
C:\Users\Rafa\Downloads\proyecto-ia-20260212T103152Z-3-001\proyecto-ia\multimodal-emocion\data\audio\raw\mesd_es_emb\Level1\Sadness_F_B_L1_abuso.wav,sadness,mesd_es_emb,mesdemb_F_B_L1,all,Sadness_F_B_L1_abuso,L1,
C:\Users\Rafa\Downloads\proyecto-ia-20260212T103152Z-3-001\proyecto-ia\multimodal-emocion\data\audio\raw\mesd_es_emb\Level1\Sadness_F_B_L1_cansancio.wav,sadness,mesd_es_emb,mesdemb_F_B_L1,all,Sadness_F_B_L1_cansancio,L1,
C:\Users\Rafa\Downloads\proyecto-ia-20260212T103152Z-3-001\proyecto-ia\multimodal-emocion\data\audio\raw\mesd_es_emb\Level1\Sadness_F_B_L1_ceguera.wav,sadness,mesd_es_emb,mesdemb_F_B_L1,all,Sadness_F_B_L1_ceguera,L1,
C:\Users\Rafa\Downloads\proyecto-ia-20260212T103152Z-3-001\proyecto-ia\multimodal-emocion\data\audio\raw\mesd_es_emb\Level1\Sadness_F_B_L1_conflicto.wav,sadness,mesd_es_emb,mesdemb_F_B_L1,all,Sadness_F_B_L1_conflicto,L1,
C:\Users\Rafa\Downloads\proyecto-ia-20260212T103152Z-3-001\proyecto-ia\multimodal-emocion\data\audio\raw\mesd_es_emb\Level1\Sadness_F_B_L1_delincuencia.wav,sadness,mesd_es_emb,mesdemb_F_B_L1,all,Sadness_F_B_L1_delincuencia,L1,
C:\Users\Rafa\Downloads\proyecto-ia-20260212T103152Z-3-001\proyecto-ia\multimodal-emocion\data\audio\raw\mesd_es_emb\Level1\Sadness_F_B_L1_desmayo.wav,sadness,mesd_es_emb,mesdemb_F_B_L1,all,Sadness_F_B_L1_desmayo,L1,
C:\Users\Rafa\Downloads\proyecto-ia-20260212T103152Z-3-001\proyecto-ia\multimodal-emocion\data\audio\raw\mesd_es_emb\Level1\Sadness_F_B_L1_enfriamiento.wav,sadness,mesd_es_emb,mesdemb_F_B_L1,all,Sadness_F_B_L1_enfriamiento,L1,
C:\Users\Rafa\Downloads\proyecto-ia-20260212T103152Z-3-001\proyecto-ia\multimodal-emocion\data\audio\raw\mesd_es_emb\Level1\Sadness_F_B_L1_explosion.wav,sadness,mesd_es_emb,mesdemb_F_B_L1,all,Sadness_F_B_L1_explosion,L1,
C:\Users\Rafa\Downloads\proyecto-ia-20260212T103152Z-3-001\proyecto-ia\multimodal-emocion\data\audio\raw\mesd_es_emb\Level1\Sadness_F_B_L1_explosivo.wav,sadness,mesd_es_emb,mesdemb_F_B_L1,all,Sadness_F_B_L1_explosivo,L1,
C:\Users\Rafa\Downloads\proyecto-ia-20260212T103152Z-3-001\proyecto-ia\multimodal-emocion\data\audio\raw\mesd_es_emb\Level1\Sadness_F_B_L1_fracasado.wav,sadness,mesd_es_emb,mesdemb_F_B_L1,all,Sadness_F_B_L1_fracasado,L1,
C:\Users\Rafa\Downloads\proyecto-ia-20260212T103152Z-3-001\proyecto-ia\multimodal-emocion\data\audio\raw\mesd_es_emb\Level1\Sadness_F_B_L1_hambre.wav,sadness,mesd_es_emb,mesdemb_F_B_L1,all,Sadness_F_B_L1_hambre,L1,
C:\Users\Rafa\Downloads\proyecto-ia-20260212T103152Z-3-001\proyecto-ia\multimodal-emocion\data\audio\raw\mesd_es_emb\Level1\Sadness_F_B_L1_huracan.wav,sadness,mesd_es_emb,mesdemb_F_B_L1,all,Sadness_F_B_L1_huracan,L1,
C:\Users\Rafa\Downloads\proyecto-ia-20260212T103152Z-3-001\proyecto-ia\multimodal-emocion\data\audio\raw\mesd_es_emb\Level1\Sadness_F_B_L1_injusticia.wav,sadness,mesd_es_emb,mesdemb_F_B_L1,all,Sadness_F_B_L1_injusticia,L1,
C:\Users\Rafa\Downloads\proyecto-ia-20260212T103152Z-3-001\proyecto-ia\multimodal-emocion\data\audio\raw\mesd_es_emb\Level1\Sadness_F_B_L1_insultado.wav,sadness,mesd_es_emb,mesdemb_F_B_L1,all,Sadness_F_B_L1_insultado,L1,
C:\Users\Rafa\Downloads\proyecto-ia-20260212T103152Z-3-001\proyecto-ia\multimodal-emocion\data\audio\raw\mesd_es_emb\Level1\Sadness_F_B_L1_llanto.wav,sadness,mesd_es_emb,mesdemb_F_B_L1,all,Sadness_F_B_L1_llanto,L1,
C:\Users\Rafa\Downloads\proyecto-ia-20260212T103152Z-3-001\proyecto-ia\multimodal-emocion\data\audio\raw\mesd_es_emb\Level1\Sadness_F_B_L1_metralleta.wav,sadness,mesd_es_emb,mesdemb_F_B_L1,all,Sadness_F_B_L1_metralleta,L1,
C:\Users\Rafa\Downloads\proyecto-ia-20260212T103152Z-3-001\proyecto-ia\multimodal-emocion\data\audio\raw\mesd_es_emb\Level1\Sadness_F_B_L1_monstruoso.wav,sadness,mesd_es_emb,mesdemb_F_B_L1,all,Sadness_F_B_L1_monstruoso,L1,
C:\Users\Rafa\Downloads\proyecto-ia-20260212T103152Z-3-001\proyecto-ia\multimodal-emocion\data\audio\raw\mesd_es_emb\Level1\Sadness_F_B_L1_mortal.wav,sadness,mesd_es_emb,mesdemb_F_B_L1,all,Sadness_F_B_L1_mortal,L1,
C:\Users\Rafa\Downloads\proyecto-ia-20260212T103152Z-3-001\proyecto-ia\multimodal-emocion\data\audio\raw\mesd_es_emb\Level1\Sadness_F_B_L1_nausea.wav,sadness,mesd_es_emb,mesdemb_F_B_L1,all,Sadness_F_B_L1_nausea,L1,
C:\Users\Rafa\Downloads\proyecto-ia-20260212T103152Z-3-001\proyecto-ia\multimodal-emocion\data\audio\raw\mesd_es_emb\Level1\Sadness_F_B_L1_odioso.wav,sadness,mesd_es_emb,mesdemb_F_B_L1,all,Sadness_F_B_L1_odioso,L1,
C:\Users\Rafa\Downloads\proyecto-ia-20260212T103152Z-3-001\proyecto-ia\multimodal-emocion\data\audio\raw\mesd_es_emb\Level1\Sadness_F_B_L1_ofensa.wav,sadness,mesd_es_emb,mesdemb_F_B_L1,all,Sadness_F_B_L1_ofensa,L1,
C:\Users\Rafa\Downloads\proyecto-ia-20260212T103152Z-3-001\proyecto-ia\multimodal-emocion\data\audio\raw\mesd_es_emb\Level1\Sadness_F_B_L1_relajacion.wav,sadness,mesd_es_emb,mesdemb_F_B_L1,all,Sadness_F_B_L1_relajacion,L1,
C:\Users\Rafa\Downloads\proyecto-ia-20260212T103152Z-3-001\proyecto-ia\multimodal-emocion\data\audio\raw\mesd_es_emb\Level1\Sadness_F_B_L1_tristeza.wav,sadness,mesd_es_emb,mesdemb_F_B_L1,all,Sadness_F_B_L1_tristeza,L1,
C:\Users\Rafa\Downloads\proyecto-ia-20260212T103152Z-3-001\proyecto-ia\multimodal-emocion\data\audio\raw\mesd_es_emb\Level2\Anger_F_B_L2_abuso.wav,anger,mesd_es_emb,mesdemb_F_B_L2,all,Anger_F_B_L2_abuso,L2,
C:\Users\Rafa\Downloads\proyecto-ia-20260212T103152Z-3-001\proyecto-ia\multimodal-emocion\data\audio\raw\mesd_es_emb\Level2\Anger_F_B_L2_amenazado.wav,anger,mesd_es_emb,mesdemb_F_B_L2,all,Anger_F_B_L2_amenazado,L2,
C:\Users\Rafa\Downloads\proyecto-ia-20260212T103152Z-3-001\proyecto-ia\multimodal-emocion\data\audio\raw\mesd_es_emb\Level2\Anger_F_B_L2_amenazador.wav,anger,mesd_es_emb,mesdemb_F_B_L2,all,Anger_F_B_L2_amenazador,L2,
C:\Users\Rafa\Downloads\proyecto-ia-20260212T103152Z-3-001\proyecto-ia\multimodal-emocion\data\audio\raw\mesd_es_emb\Level2\Anger_F_B_L2_ataque.wav,anger,mesd_es_emb,mesdemb_F_B_L2,all,Anger_F_B_L2_ataque,L2,
C:\Users\Rafa\Downloads\proyecto-ia-20260212T103152Z-3-001\proyecto-ia\multimodal-emocion\data\audio\raw\mesd_es_emb\Level2\Anger_F_B_L2_atasco.wav,anger,mesd_es_emb,mesdemb_F_B_L2,all,Anger_F_B_L2_atasco,L2,
C:\Users\Rafa\Downloads\proyecto-ia-20260212T103152Z-3-001\proyecto-ia\multimodal-emocion\data\audio\raw\mesd_es_emb\Level2\Anger_F_B_L2_ceguera.wav,anger,mesd_es_emb,mesdemb_F_B_L2,all,Anger_F_B_L2_ceguera,L2,
C:\Users\Rafa\Downloads\proyecto-ia-20260212T103152Z-3-001\proyecto-ia\multimodal-emocion\data\audio\raw\mesd_es_emb\Level2\Anger_F_B_L2_conflicto.wav,anger,mesd_es_emb,mesdemb_F_B_L2,all,Anger_F_B_L2_conflicto,L2,
C:\Users\Rafa\Downloads\proyecto-ia-20260212T103152Z-3-001\proyecto-ia\multimodal-emocion\data\audio\raw\mesd_es_emb\Level2\Anger_F_B_L2_delicuencia.wav,anger,mesd_es_emb,mesdemb_F_B_L2,all,Anger_F_B_L2_delicuencia,L2,
C:\Users\Rafa\Downloads\proyecto-ia-20260212T103152Z-3-001\proyecto-ia\multimodal-emocion\data\audio\raw\mesd_es_emb\Level2\Anger_F_B_L2_enganado.wav,anger,mesd_es_emb,mesdemb_F_B_L2,all,Anger_F_B_L2_enganado,L2,
C:\Users\Rafa\Downloads\proyecto-ia-20260212T103152Z-3-001\proyecto-ia\multimodal-emocion\data\audio\raw\mesd_es_emb\Level2\Anger_F_B_L2_estricto.wav,anger,mesd_es_emb,mesdemb_F_B_L2,all,Anger_F_B_L2_estricto,L2,
C:\Users\Rafa\Downloads\proyecto-ia-20260212T103152Z-3-001\proyecto-ia\multimodal-emocion\data\audio\raw\mesd_es_emb\Level2\Anger_F_B_L2_explosion.wav,anger,mesd_es_emb,mesdemb_F_B_L2,all,Anger_F_B_L2_explosion,L2,
C:\Users\Rafa\Downloads\proyecto-ia-20260212T103152Z-3-001\proyecto-ia\multimodal-emocion\data\audio\raw\mesd_es_emb\Level2\Anger_F_B_L2_explosivo.wav,anger,mesd_es_emb,mesdemb_F_B_L2,all,Anger_F_B_L2_explosivo,L2,
C:\Users\Rafa\Downloads\proyecto-ia-20260212T103152Z-3-001\proyecto-ia\multimodal-emocion\data\audio\raw\mesd_es_emb\Level2\Anger_F_B_L2_furia.wav,anger,mesd_es_emb,mesdemb_F_B_L2,all,Anger_F_B_L2_furia,L2,
C:\Users\Rafa\Downloads\proyecto-ia-20260212T103152Z-3-001\proyecto-ia\multimodal-emocion\data\audio\raw\mesd_es_emb\Level2\Anger_F_B_L2_huracan.wav,anger,mesd_es_emb,mesdemb_F_B_L2,all,Anger_F_B_L2_huracan,L2,
C:\Users\Rafa\Downloads\proyecto-ia-20260212T103152Z-3-001\proyecto-ia\multimodal-emocion\data\audio\raw\mesd_es_emb\Level2\Anger_F_B_L2_injusticia.wav,anger,mesd_es_emb,mesdemb_F_B_L2,all,Anger_F_B_L2_injusticia,L2,
C:\Users\Rafa\Downloads\proyecto-ia-20260212T103152Z-3-001\proyecto-ia\multimodal-emocion\data\audio\raw\mesd_es_emb\Level2\Anger_F_B_L2_insultado.wav,anger,mesd_es_emb,mesdemb_F_B_L2,all,Anger_F_B_L2_insultado,L2,
C:\Users\Rafa\Downloads\proyecto-ia-20260212T103152Z-3-001\proyecto-ia\multimodal-emocion\data\audio\raw\mesd_es_emb\Level2\Anger_F_B_L2_ira.wav,anger,mesd_es_emb,mesdemb_F_B_L2,all,Anger_F_B_L2_ira,L2,
C:\Users\Rafa\Downloads\proyecto-ia-20260212T103152Z-3-001\proyecto-ia\multimodal-emocion\data\audio\raw\mesd_es_emb\Level2\Anger_F_B_L2_irrespetuoso.wav,anger,mesd_es_emb,mesdemb_F_B_L2,all,Anger_F_B_L2_irrespetuoso,L2,
C:\Users\Rafa\Downloads\proyecto-ia-20260212T103152Z-3-001\proyecto-ia\multimodal-emocion\data\audio\raw\mesd_es_emb\Level2\Anger_F_B_L2_monstruoso.wav,anger,mesd_es_emb,mesdemb_F_B_L2,all,Anger_F_B_L2_monstruoso,L2,
C:\Users\Rafa\Downloads\proyecto-ia-20260212T103152Z-3-001\proyecto-ia\multimodal-emocion\data\audio\raw\mesd_es_emb\Level2\Anger_F_B_L2_odioso.wav,anger,mesd_es_emb,mesdemb_F_B_L2,all,Anger_F_B_L2_odioso,L2,
C:\Users\Rafa\Downloads\proyecto-ia-20260212T103152Z-3-001\proyecto-ia\multimodal-emocion\data\audio\raw\mesd_es_emb\Level2\Anger_F_B_L2_ofensa.wav,anger,mesd_es_emb,mesdemb_F_B_L2,all,Anger_F_B_L2_ofensa,L2,
C:\Users\Rafa\Downloads\proyecto-ia-20260212T103152Z-3-001\proyecto-ia\multimodal-emocion\data\audio\raw\mesd_es_emb\Level2\Anger_F_B_L2_pesadilla.wav,anger,mesd_es_emb,mesdemb_F_B_L2,all,Anger_F_B_L2_pesadilla,L2,
C:\Users\Rafa\Downloads\proyecto-ia-20260212T103152Z-3-001\proyecto-ia\multimodal-emocion\data\audio\raw\mesd_es_emb\Level2\Anger_F_B_L2_relajacion.wav,anger,mesd_es_emb,mesdemb_F_B_L2,all,Anger_F_B_L2_relajacion,L2,
C:\Users\Rafa\Downloads\proyecto-ia-20260212T103152Z-3-001\proyecto-ia\multimodal-emocion\data\audio\raw\mesd_es_emb\Level2\Anger_F_B_L2_torturado.wav,anger,mesd_es_emb,mesdemb_F_B_L2,all,Anger_F_B_L2_torturado,L2,
C:\Users\Rafa\Downloads\proyecto-ia-20260212T103152Z-3-001\proyecto-ia\multimodal-emocion\data\audio\raw\mesd_es_emb\Level2\Disgust_F_B_L2_abandono.wav,disgust,mesd_es_emb,mesdemb_F_B_L2,all,Disgust_F_B_L2_abandono,L2,
C:\Users\Rafa\Downloads\proyecto-ia-20260212T103152Z-3-001\proyecto-ia\multimodal-emocion\data\audio\raw\mesd_es_emb\Level2\Disgust_F_B_L2_abuso.wav,disgust,mesd_es_emb,mesdemb_F_B_L2,all,Disgust_F_B_L2_abuso,L2,
C:\Users\Rafa\Downloads\proyecto-ia-20260212T103152Z-3-001\proyecto-ia\multimodal-emocion\data\audio\raw\mesd_es_emb\Level2\Disgust_F_B_L2_amenazador.wav,disgust,mesd_es_emb,mesdemb_F_B_L2,all,Disgust_F_B_L2_amenazador,L2,
C:\Users\Rafa\Downloads\proyecto-ia-20260212T103152Z-3-001\proyecto-ia\multimodal-emocion\data\audio\raw\mesd_es_emb\Level2\Disgust_F_B_L2_arana.wav,disgust,mesd_es_emb,mesdemb_F_B_L2,all,Disgust_F_B_L2_arana,L2,
C:\Users\Rafa\Downloads\proyecto-ia-20260212T103152Z-3-001\proyecto-ia\multimodal-emocion\data\audio\raw\mesd_es_emb\Level2\Disgust_F_B_L2_atasco.wav,disgust,mesd_es_emb,mesdemb_F_B_L2,all,Disgust_F_B_L2_atasco,L2,
C:\Users\Rafa\Downloads\proyecto-ia-20260212T103152Z-3-001\proyecto-ia\multimodal-emocion\data\audio\raw\mesd_es_emb\Level2\Disgust_F_B_L2_chistoso.wav,disgust,mesd_es_emb,mesdemb_F_B_L2,all,Disgust_F_B_L2_chistoso,L2,
C:\Users\Rafa\Downloads\proyecto-ia-20260212T103152Z-3-001\proyecto-ia\multimodal-emocion\data\audio\raw\mesd_es_emb\Level2\Disgust_F_B_L2_conflicto.wav,disgust,mesd_es_emb,mesdemb_F_B_L2,all,Disgust_F_B_L2_conflicto,L2,
C:\Users\Rafa\Downloads\proyecto-ia-20260212T103152Z-3-001\proyecto-ia\multimodal-emocion\data\audio\raw\mesd_es_emb\Level2\Disgust_F_B_L2_creido.wav,disgust,mesd_es_emb,mesdemb_F_B_L2,all,Disgust_F_B_L2_creido,L2,
C:\Users\Rafa\Downloads\proyecto-ia-20260212T103152Z-3-001\proyecto-ia\multimodal-emocion\data\audio\raw\mesd_es_emb\Level2\Disgust_F_B_L2_cucaracha.wav,disgust,mesd_es_emb,mesdemb_F_B_L2,all,Disgust_F_B_L2_cucaracha,L2,
C:\Users\Rafa\Downloads\proyecto-ia-20260212T103152Z-3-001\proyecto-ia\multimodal-emocion\data\audio\raw\mesd_es_emb\Level2\Disgust_F_B_L2_delincuencia.wav,disgust,mesd_es_emb,mesdemb_F_B_L2,all,Disgust_F_B_L2_delincuencia,L2,
C:\Users\Rafa\Downloads\proyecto-ia-20260212T103152Z-3-001\proyecto-ia\multimodal-emocion\data\audio\raw\mesd_es_emb\Level2\Disgust_F_B_L2_enganado.wav,disgust,mesd_es_emb,mesdemb_F_B_L2,all,Disgust_F_B_L2_enganado,L2,
C:\Users\Rafa\Downloads\proyecto-ia-20260212T103152Z-3-001\proyecto-ia\multimodal-emocion\data\audio\raw\mesd_es_emb\Level2\Disgust_F_B_L2_horroroso.wav,disgust,mesd_es_emb,mesdemb_F_B_L2,all,Disgust_F_B_L2_horroroso,L2,
C:\Users\Rafa\Downloads\proyecto-ia-20260212T103152Z-3-001\proyecto-ia\multimodal-emocion\data\audio\raw\mesd_es_emb\Level2\Disgust_F_B_L2_injusticia.wav,disgust,mesd_es_emb,mesdemb_F_B_L2,all,Disgust_F_B_L2_injusticia,L2,
C:\Users\Rafa\Downloads\proyecto-ia-20260212T103152Z-3-001\proyecto-ia\multimodal-emocion\data\audio\raw\mesd_es_emb\Level2\Disgust_F_B_L2_insultado.wav,disgust,mesd_es_emb,mesdemb_F_B_L2,all,Disgust_F_B_L2_insultado,L2,
C:\Users\Rafa\Downloads\proyecto-ia-20260212T103152Z-3-001\proyecto-ia\multimodal-emocion\data\audio\raw\mesd_es_emb\Level2\Disgust_F_B_L2_jeringuilla.wav,disgust,mesd_es_emb,mesdemb_F_B_L2,all,Disgust_F_B_L2_jeringuilla,L2,
C:\Users\Rafa\Downloads\proyecto-ia-20260212T103152Z-3-001\proyecto-ia\multimodal-emocion\data\audio\raw\mesd_es_emb\Level2\Disgust_F_B_L2_monstruo.wav,disgust,mesd_es_emb,mesdemb_F_B_L2,all,Disgust_F_B_L2_monstruo,L2,
C:\Users\Rafa\Downloads\proyecto-ia-20260212T103152Z-3-001\proyecto-ia\multimodal-emocion\data\audio\raw\mesd_es_emb\Level2\Disgust_F_B_L2_monstruoso.wav,disgust,mesd_es_emb,mesdemb_F_B_L2,all,Disgust_F_B_L2_monstruoso,L2,
C:\Users\Rafa\Downloads\proyecto-ia-20260212T103152Z-3-001\proyecto-ia\multimodal-emocion\data\audio\raw\mesd_es_emb\Level2\Disgust_F_B_L2_nausea.wav,disgust,mesd_es_emb,mesdemb_F_B_L2,all,Disgust_F_B_L2_nausea,L2,
C:\Users\Rafa\Downloads\proyecto-ia-20260212T103152Z-3-001\proyecto-ia\multimodal-emocion\data\audio\raw\mesd_es_emb\Level2\Disgust_F_B_L2_oloroso.wav,disgust,mesd_es_emb,mesdemb_F_B_L2,all,Disgust_F_B_L2_oloroso,L2,
C:\Users\Rafa\Downloads\proyecto-ia-20260212T103152Z-3-001\proyecto-ia\multimodal-emocion\data\audio\raw\mesd_es_emb\Level2\Disgust_F_B_L2_oruga.wav,disgust,mesd_es_emb,mesdemb_F_B_L2,all,Disgust_F_B_L2_oruga,L2,
C:\Users\Rafa\Downloads\proyecto-ia-20260212T103152Z-3-001\proyecto-ia\multimodal-emocion\data\audio\raw\mesd_es_emb\Level2\Disgust_F_B_L2_punalada.wav,disgust,mesd_es_emb,mesdemb_F_B_L2,all,Disgust_F_B_L2_punalada,L2,
C:\Users\Rafa\Downloads\proyecto-ia-20260212T103152Z-3-001\proyecto-ia\multimodal-emocion\data\audio\raw\mesd_es_emb\Level2\Disgust_F_B_L2_relajacion.wav,disgust,mesd_es_emb,mesdemb_F_B_L2,all,Disgust_F_B_L2_relajacion,L2,
C:\Users\Rafa\Downloads\proyecto-ia-20260212T103152Z-3-001\proyecto-ia\multimodal-emocion\data\audio\raw\mesd_es_emb\Level2\Disgust_F_B_L2_robo.wav,disgust,mesd_es_emb,mesdemb_F_B_L2,all,Disgust_F_B_L2_robo,L2,
C:\Users\Rafa\Downloads\proyecto-ia-20260212T103152Z-3-001\proyecto-ia\multimodal-emocion\data\audio\raw\mesd_es_emb\Level2\Disgust_F_B_L2_torturado.wav,disgust,mesd_es_emb,mesdemb_F_B_L2,all,Disgust_F_B_L2_torturado,L2,
C:\Users\Rafa\Downloads\proyecto-ia-20260212T103152Z-3-001\proyecto-ia\multimodal-emocion\data\audio\raw\mesd_es_emb\Level2\Fear_F_B_L2_abuso.wav,fear,mesd_es_emb,mesdemb_F_B_L2,all,Fear_F_B_L2_abuso,L2,
C:\Users\Rafa\Downloads\proyecto-ia-20260212T103152Z-3-001\proyecto-ia\multimodal-emocion\data\audio\raw\mesd_es_emb\Level2\Fear_F_B_L2_aguijon.wav,fear,mesd_es_emb,mesdemb_F_B_L2,all,Fear_F_B_L2_aguijon,L2,
C:\Users\Rafa\Downloads\proyecto-ia-20260212T103152Z-3-001\proyecto-ia\multimodal-emocion\data\audio\raw\mesd_es_emb\Level2\Fear_F_B_L2_alarma.wav,fear,mesd_es_emb,mesdemb_F_B_L2,all,Fear_F_B_L2_alarma,L2,
C:\Users\Rafa\Downloads\proyecto-ia-20260212T103152Z-3-001\proyecto-ia\multimodal-emocion\data\audio\raw\mesd_es_emb\Level2\Fear_F_B_L2_amenazado.wav,fear,mesd_es_emb,mesdemb_F_B_L2,all,Fear_F_B_L2_amenazado,L2,
C:\Users\Rafa\Downloads\proyecto-ia-20260212T103152Z-3-001\proyecto-ia\multimodal-emocion\data\audio\raw\mesd_es_emb\Level2\Fear_F_B_L2_amenazador.wav,fear,mesd_es_emb,mesdemb_F_B_L2,all,Fear_F_B_L2_amenazador,L2,
C:\Users\Rafa\Downloads\proyecto-ia-20260212T103152Z-3-001\proyecto-ia\multimodal-emocion\data\audio\raw\mesd_es_emb\Level2\Fear_F_B_L2_arana.wav,fear,mesd_es_emb,mesdemb_F_B_L2,all,Fear_F_B_L2_arana,L2,
C:\Users\Rafa\Downloads\proyecto-ia-20260212T103152Z-3-001\proyecto-ia\multimodal-emocion\data\audio\raw\mesd_es_emb\Level2\Fear_F_B_L2_ceguera.wav,fear,mesd_es_emb,mesdemb_F_B_L2,all,Fear_F_B_L2_ceguera,L2,
C:\Users\Rafa\Downloads\proyecto-ia-20260212T103152Z-3-001\proyecto-ia\multimodal-emocion\data\audio\raw\mesd_es_emb\Level2\Fear_F_B_L2_cirugia.wav,fear,mesd_es_emb,mesdemb_F_B_L2,all,Fear_F_B_L2_cirugia,L2,
C:\Users\Rafa\Downloads\proyecto-ia-20260212T103152Z-3-001\proyecto-ia\multimodal-emocion\data\audio\raw\mesd_es_emb\Level2\Fear_F_B_L2_conflicto.wav,fear,mesd_es_emb,mesdemb_F_B_L2,all,Fear_F_B_L2_conflicto,L2,
C:\Users\Rafa\Downloads\proyecto-ia-20260212T103152Z-3-001\proyecto-ia\multimodal-emocion\data\audio\raw\mesd_es_emb\Level2\Fear_F_B_L2_cucaracha.wav,fear,mesd_es_emb,mesdemb_F_B_L2,all,Fear_F_B_L2_cucaracha,L2,
C:\Users\Rafa\Downloads\proyecto-ia-20260212T103152Z-3-001\proyecto-ia\multimodal-emocion\data\audio\raw\mesd_es_emb\Level2\Fear_F_B_L2_delincuencia.wav,fear,mesd_es_emb,mesdemb_F_B_L2,all,Fear_F_B_L2_delincuencia,L2,
C:\Users\Rafa\Downloads\proyecto-ia-20260212T103152Z-3-001\proyecto-ia\multimodal-emocion\data\audio\raw\mesd_es_emb\Level2\Fear_F_B_L2_desmayo.wav,fear,mesd_es_emb,mesdemb_F_B_L2,all,Fear_F_B_L2_desmayo,L2,
C:\Users\Rafa\Downloads\proyecto-ia-20260212T103152Z-3-001\proyecto-ia\multimodal-emocion\data\audio\raw\mesd_es_emb\Level2\Fear_F_B_L2_dificultad.wav,fear,mesd_es_emb,mesdemb_F_B_L2,all,Fear_F_B_L2_dificultad,L2,
C:\Users\Rafa\Downloads\proyecto-ia-20260212T103152Z-3-001\proyecto-ia\multimodal-emocion\data\audio\raw\mesd_es_emb\Level2\Fear_F_B_L2_enganado.wav,fear,mesd_es_emb,mesdemb_F_B_L2,all,Fear_F_B_L2_enganado,L2,
C:\Users\Rafa\Downloads\proyecto-ia-20260212T103152Z-3-001\proyecto-ia\multimodal-emocion\data\audio\raw\mesd_es_emb\Level2\Fear_F_B_L2_estricto.wav,fear,mesd_es_emb,mesdemb_F_B_L2,all,Fear_F_B_L2_estricto,L2,
C:\Users\Rafa\Downloads\proyecto-ia-20260212T103152Z-3-001\proyecto-ia\multimodal-emocion\data\audio\raw\mesd_es_emb\Level2\Fear_F_B_L2_explosion.wav,fear,mesd_es_emb,mesdemb_F_B_L2,all,Fear_F_B_L2_explosion,L2,
C:\Users\Rafa\Downloads\proyecto-ia-20260212T103152Z-3-001\proyecto-ia\multimodal-emocion\data\audio\raw\mesd_es_emb\Level2\Fear_F_B_L2_explosivo.wav,fear,mesd_es_emb,mesdemb_F_B_L2,all,Fear_F_B_L2_explosivo,L2,
C:\Users\Rafa\Downloads\proyecto-ia-20260212T103152Z-3-001\proyecto-ia\multimodal-emocion\data\audio\raw\mesd_es_emb\Level2\Fear_F_B_L2_fantasma.wav,fear,mesd_es_emb,mesdemb_F_B_L2,all,Fear_F_B_L2_fantasma,L2,
C:\Users\Rafa\Downloads\proyecto-ia-20260212T103152Z-3-001\proyecto-ia\multimodal-emocion\data\audio\raw\mesd_es_emb\Level2\Fear_F_B_L2_furia.wav,fear,mesd_es_emb,mesdemb_F_B_L2,all,Fear_F_B_L2_furia,L2,
C:\Users\Rafa\Downloads\proyecto-ia-20260212T103152Z-3-001\proyecto-ia\multimodal-emocion\data\audio\raw\mesd_es_emb\Level2\Fear_F_B_L2_horroroso.wav,fear,mesd_es_emb,mesdemb_F_B_L2,all,Fear_F_B_L2_horroroso,L2,
C:\Users\Rafa\Downloads\proyecto-ia-20260212T103152Z-3-001\proyecto-ia\multimodal-emocion\data\audio\raw\mesd_es_emb\Level2\Fear_F_B_L2_huracan.wav,fear,mesd_es_emb,mesdemb_F_B_L2,all,Fear_F_B_L2_huracan,L2,
C:\Users\Rafa\Downloads\proyecto-ia-20260212T103152Z-3-001\proyecto-ia\multimodal-emocion\data\audio\raw\mesd_es_emb\Level2\Fear_F_B_L2_infarto.wav,fear,mesd_es_emb,mesdemb_F_B_L2,all,Fear_F_B_L2_infarto,L2,
C:\Users\Rafa\Downloads\proyecto-ia-20260212T103152Z-3-001\proyecto-ia\multimodal-emocion\data\audio\raw\mesd_es_emb\Level2\Fear_F_B_L2_relajacion.wav,fear,mesd_es_emb,mesdemb_F_B_L2,all,Fear_F_B_L2_relajacion,L2,
C:\Users\Rafa\Downloads\proyecto-ia-20260212T103152Z-3-001\proyecto-ia\multimodal-emocion\data\audio\raw\mesd_es_emb\Level2\Fear_F_B_L2_tristeza.wav,fear,mesd_es_emb,mesdemb_F_B_L2,all,Fear_F_B_L2_tristeza,L2,
C:\Users\Rafa\Downloads\proyecto-ia-20260212T103152Z-3-001\proyecto-ia\multimodal-emocion\data\audio\raw\mesd_es_emb\Level2\Happiness_F_B_L2_aficion.wav,joy,mesd_es_emb,mesdemb_F_B_L2,all,Happiness_F_B_L2_aficion,L2,
C:\Users\Rafa\Downloads\proyecto-ia-20260212T103152Z-3-001\proyecto-ia\multimodal-emocion\data\audio\raw\mesd_es_emb\Level2\Happiness_F_B_L2_aglomeracion.wav,joy,mesd_es_emb,mesdemb_F_B_L2,all,Happiness_F_B_L2_aglomeracion,L2,
C:\Users\Rafa\Downloads\proyecto-ia-20260212T103152Z-3-001\proyecto-ia\multimodal-emocion\data\audio\raw\mesd_es_emb\Level2\Happiness_F_B_L2_atractivo.wav,joy,mesd_es_emb,mesdemb_F_B_L2,all,Happiness_F_B_L2_atractivo,L2,
C:\Users\Rafa\Downloads\proyecto-ia-20260212T103152Z-3-001\proyecto-ia\multimodal-emocion\data\audio\raw\mesd_es_emb\Level2\Happiness_F_B_L2_aventurero.wav,joy,mesd_es_emb,mesdemb_F_B_L2,all,Happiness_F_B_L2_aventurero,L2,
C:\Users\Rafa\Downloads\proyecto-ia-20260212T103152Z-3-001\proyecto-ia\multimodal-emocion\data\audio\raw\mesd_es_emb\Level2\Happiness_F_B_L2_baile.wav,joy,mesd_es_emb,mesdemb_F_B_L2,all,Happiness_F_B_L2_baile,L2,
C:\Users\Rafa\Downloads\proyecto-ia-20260212T103152Z-3-001\proyecto-ia\multimodal-emocion\data\audio\raw\mesd_es_emb\Level2\Happiness_F_B_L2_bebe.wav,joy,mesd_es_emb,mesdemb_F_B_L2,all,Happiness_F_B_L2_bebe,L2,
C:\Users\Rafa\Downloads\proyecto-ia-20260212T103152Z-3-001\proyecto-ia\multimodal-emocion\data\audio\raw\mesd_es_emb\Level2\Happiness_F_B_L2_bello.wav,joy,mesd_es_emb,mesdemb_F_B_L2,all,Happiness_F_B_L2_bello,L2,
C:\Users\Rafa\Downloads\proyecto-ia-20260212T103152Z-3-001\proyecto-ia\multimodal-emocion\data\audio\raw\mesd_es_emb\Level2\Happiness_F_B_L2_calma.wav,joy,mesd_es_emb,mesdemb_F_B_L2,all,Happiness_F_B_L2_calma,L2,
C:\Users\Rafa\Downloads\proyecto-ia-20260212T103152Z-3-001\proyecto-ia\multimodal-emocion\data\audio\raw\mesd_es_emb\Level2\Happiness_F_B_L2_calmado.wav,joy,mesd_es_emb,mesdemb_F_B_L2,all,Happiness_F_B_L2_calmado,L2,
C:\Users\Rafa\Downloads\proyecto-ia-20260212T103152Z-3-001\proyecto-ia\multimodal-emocion\data\audio\raw\mesd_es_emb\Level2\Happiness_F_B_L2_chiminea.wav,joy,mesd_es_emb,mesdemb_F_B_L2,all,Happiness_F_B_L2_chiminea,L2,
C:\Users\Rafa\Downloads\proyecto-ia-20260212T103152Z-3-001\proyecto-ia\multimodal-emocion\data\audio\raw\mesd_es_emb\Level2\Happiness_F_B_L2_clavel.wav,joy,mesd_es_emb,mesdemb_F_B_L2,all,Happiness_F_B_L2_clavel,L2,
C:\Users\Rafa\Downloads\proyecto-ia-20260212T103152Z-3-001\proyecto-ia\multimodal-emocion\data\audio\raw\mesd_es_emb\Level2\Happiness_F_B_L2_comico.wav,joy,mesd_es_emb,mesdemb_F_B_L2,all,Happiness_F_B_L2_comico,L2,
C:\Users\Rafa\Downloads\proyecto-ia-20260212T103152Z-3-001\proyecto-ia\multimodal-emocion\data\audio\raw\mesd_es_emb\Level2\Happiness_F_B_L2_delfin.wav,joy,mesd_es_emb,mesdemb_F_B_L2,all,Happiness_F_B_L2_delfin,L2,
C:\Users\Rafa\Downloads\proyecto-ia-20260212T103152Z-3-001\proyecto-ia\multimodal-emocion\data\audio\raw\mesd_es_emb\Level2\Happiness_F_B_L2_delicadeza.wav,joy,mesd_es_emb,mesdemb_F_B_L2,all,Happiness_F_B_L2_delicadeza,L2,
C:\Users\Rafa\Downloads\proyecto-ia-20260212T103152Z-3-001\proyecto-ia\multimodal-emocion\data\audio\raw\mesd_es_emb\Level2\Happiness_F_B_L2_estudioso.wav,joy,mesd_es_emb,mesdemb_F_B_L2,all,Happiness_F_B_L2_estudioso,L2,
C:\Users\Rafa\Downloads\proyecto-ia-20260212T103152Z-3-001\proyecto-ia\multimodal-emocion\data\audio\raw\mesd_es_emb\Level2\Happiness_F_B_L2_fantastico.wav,joy,mesd_es_emb,mesdemb_F_B_L2,all,Happiness_F_B_L2_fantastico,L2,
C:\Users\Rafa\Downloads\proyecto-ia-20260212T103152Z-3-001\proyecto-ia\multimodal-emocion\data\audio\raw\mesd_es_emb\Level2\Happiness_F_B_L2_fresco.wav,joy,mesd_es_emb,mesdemb_F_B_L2,all,Happiness_F_B_L2_fresco,L2,
C:\Users\Rafa\Downloads\proyecto-ia-20260212T103152Z-3-001\proyecto-ia\multimodal-emocion\data\audio\raw\mesd_es_emb\Level2\Happiness_F_B_L2_masaje.wav,joy,mesd_es_emb,mesdemb_F_B_L2,all,Happiness_F_B_L2_masaje,L2,
C:\Users\Rafa\Downloads\proyecto-ia-20260212T103152Z-3-001\proyecto-ia\multimodal-emocion\data\audio\raw\mesd_es_emb\Level2\Happiness_F_B_L2_oasis.wav,joy,mesd_es_emb,mesdemb_F_B_L2,all,Happiness_F_B_L2_oasis,L2,
C:\Users\Rafa\Downloads\proyecto-ia-20260212T103152Z-3-001\proyecto-ia\multimodal-emocion\data\audio\raw\mesd_es_emb\Level2\Happiness_F_B_L2_refrescante.wav,joy,mesd_es_emb,mesdemb_F_B_L2,all,Happiness_F_B_L2_refrescante,L2,
C:\Users\Rafa\Downloads\proyecto-ia-20260212T103152Z-3-001\proyecto-ia\multimodal-emocion\data\audio\raw\mesd_es_emb\Level2\Happiness_F_B_L2_rosa.wav,joy,mesd_es_emb,mesdemb_F_B_L2,all,Happiness_F_B_L2_rosa,L2,
C:\Users\Rafa\Downloads\proyecto-ia-20260212T103152Z-3-001\proyecto-ia\multimodal-emocion\data\audio\raw\mesd_es_emb\Level2\Happiness_F_B_L2_siesta.wav,joy,mesd_es_emb,mesdemb_F_B_L2,all,Happiness_F_B_L2_siesta,L2,
C:\Users\Rafa\Downloads\proyecto-ia-20260212T103152Z-3-001\proyecto-ia\multimodal-emocion\data\audio\raw\mesd_es_emb\Level2\Happiness_F_B_L2_ternura.wav,joy,mesd_es_emb,mesdemb_F_B_L2,all,Happiness_F_B_L2_ternura,L2,
C:\Users\Rafa\Downloads\proyecto-ia-20260212T103152Z-3-001\proyecto-ia\multimodal-emocion\data\audio\raw\mesd_es_emb\Level2\Happiness_F_B_L2_velas.wav,joy,mesd_es_emb,mesdemb_F_B_L2,all,Happiness_F_B_L2_velas,L2,
C:\Users\Rafa\Downloads\proyecto-ia-20260212T103152Z-3-001\proyecto-ia\multimodal-emocion\data\audio\raw\mesd_es_emb\Level2\Neutral_F_B_L2_acuarela.wav,neutral,mesd_es_emb,mesdemb_F_B_L2,all,Neutral_F_B_L2_acuarela,L2,
C:\Users\Rafa\Downloads\proyecto-ia-20260212T103152Z-3-001\proyecto-ia\multimodal-emocion\data\audio\raw\mesd_es_emb\Level2\Neutral_F_B_L2_acuatico.wav,neutral,mesd_es_emb,mesdemb_F_B_L2,all,Neutral_F_B_L2_acuatico,L2,
C:\Users\Rafa\Downloads\proyecto-ia-20260212T103152Z-3-001\proyecto-ia\multimodal-emocion\data\audio\raw\mesd_es_emb\Level2\Neutral_F_B_L2_agencia.wav,neutral,mesd_es_emb,mesdemb_F_B_L2,all,Neutral_F_B_L2_agencia,L2,
C:\Users\Rafa\Downloads\proyecto-ia-20260212T103152Z-3-001\proyecto-ia\multimodal-emocion\data\audio\raw\mesd_es_emb\Level2\Neutral_F_B_L2_barba.wav,neutral,mesd_es_emb,mesdemb_F_B_L2,all,Neutral_F_B_L2_barba,L2,
C:\Users\Rafa\Downloads\proyecto-ia-20260212T103152Z-3-001\proyecto-ia\multimodal-emocion\data\audio\raw\mesd_es_emb\Level2\Neutral_F_B_L2_bola.wav,neutral,mesd_es_emb,mesdemb_F_B_L2,all,Neutral_F_B_L2_bola,L2,
C:\Users\Rafa\Downloads\proyecto-ia-20260212T103152Z-3-001\proyecto-ia\multimodal-emocion\data\audio\raw\mesd_es_emb\Level2\Neutral_F_B_L2_caducado.wav,neutral,mesd_es_emb,mesdemb_F_B_L2,all,Neutral_F_B_L2_caducado,L2,
C:\Users\Rafa\Downloads\proyecto-ia-20260212T103152Z-3-001\proyecto-ia\multimodal-emocion\data\audio\raw\mesd_es_emb\Level2\Neutral_F_B_L2_consciente.wav,neutral,mesd_es_emb,mesdemb_F_B_L2,all,Neutral_F_B_L2_consciente,L2,
C:\Users\Rafa\Downloads\proyecto-ia-20260212T103152Z-3-001\proyecto-ia\multimodal-emocion\data\audio\raw\mesd_es_emb\Level2\Neutral_F_B_L2_contrario.wav,neutral,mesd_es_emb,mesdemb_F_B_L2,all,Neutral_F_B_L2_contrario,L2,
C:\Users\Rafa\Downloads\proyecto-ia-20260212T103152Z-3-001\proyecto-ia\multimodal-emocion\data\audio\raw\mesd_es_emb\Level2\Neutral_F_B_L2_desierto.wav,neutral,mesd_es_emb,mesdemb_F_B_L2,all,Neutral_F_B_L2_desierto,L2,
C:\Users\Rafa\Downloads\proyecto-ia-20260212T103152Z-3-001\proyecto-ia\multimodal-emocion\data\audio\raw\mesd_es_emb\Level2\Neutral_F_B_L2_elevado.wav,neutral,mesd_es_emb,mesdemb_F_B_L2,all,Neutral_F_B_L2_elevado,L2,
C:\Users\Rafa\Downloads\proyecto-ia-20260212T103152Z-3-001\proyecto-ia\multimodal-emocion\data\audio\raw\mesd_es_emb\Level2\Neutral_F_B_L2_extenso.wav,neutral,mesd_es_emb,mesdemb_F_B_L2,all,Neutral_F_B_L2_extenso,L2,
C:\Users\Rafa\Downloads\proyecto-ia-20260212T103152Z-3-001\proyecto-ia\multimodal-emocion\data\audio\raw\mesd_es_emb\Level2\Neutral_F_B_L2_fecha.wav,neutral,mesd_es_emb,mesdemb_F_B_L2,all,Neutral_F_B_L2_fecha,L2,
C:\Users\Rafa\Downloads\proyecto-ia-20260212T103152Z-3-001\proyecto-ia\multimodal-emocion\data\audio\raw\mesd_es_emb\Level2\Neutral_F_B_L2_garganta.wav,neutral,mesd_es_emb,mesdemb_F_B_L2,all,Neutral_F_B_L2_garganta,L2,
C:\Users\Rafa\Downloads\proyecto-ia-20260212T103152Z-3-001\proyecto-ia\multimodal-emocion\data\audio\raw\mesd_es_emb\Level2\Neutral_F_B_L2_giro.wav,neutral,mesd_es_emb,mesdemb_F_B_L2,all,Neutral_F_B_L2_giro,L2,
C:\Users\Rafa\Downloads\proyecto-ia-20260212T103152Z-3-001\proyecto-ia\multimodal-emocion\data\audio\raw\mesd_es_emb\Level2\Neutral_F_B_L2_hondo.wav,neutral,mesd_es_emb,mesdemb_F_B_L2,all,Neutral_F_B_L2_hondo,L2,
C:\Users\Rafa\Downloads\proyecto-ia-20260212T103152Z-3-001\proyecto-ia\multimodal-emocion\data\audio\raw\mesd_es_emb\Level2\Neutral_F_B_L2_mecanico.wav,neutral,mesd_es_emb,mesdemb_F_B_L2,all,Neutral_F_B_L2_mecanico,L2,
C:\Users\Rafa\Downloads\proyecto-ia-20260212T103152Z-3-001\proyecto-ia\multimodal-emocion\data\audio\raw\mesd_es_emb\Level2\Neutral_F_B_L2_mentiroso.wav,neutral,mesd_es_emb,mesdemb_F_B_L2,all,Neutral_F_B_L2_mentiroso,L2,
C:\Users\Rafa\Downloads\proyecto-ia-20260212T103152Z-3-001\proyecto-ia\multimodal-emocion\data\audio\raw\mesd_es_emb\Level2\Neutral_F_B_L2_metro.wav,neutral,mesd_es_emb,mesdemb_F_B_L2,all,Neutral_F_B_L2_metro,L2,
C:\Users\Rafa\Downloads\proyecto-ia-20260212T103152Z-3-001\proyecto-ia\multimodal-emocion\data\audio\raw\mesd_es_emb\Level2\Neutral_F_B_L2_mojado.wav,neutral,mesd_es_emb,mesdemb_F_B_L2,all,Neutral_F_B_L2_mojado,L2,
C:\Users\Rafa\Downloads\proyecto-ia-20260212T103152Z-3-001\proyecto-ia\multimodal-emocion\data\audio\raw\mesd_es_emb\Level2\Neutral_F_B_L2_paella.wav,neutral,mesd_es_emb,mesdemb_F_B_L2,all,Neutral_F_B_L2_paella,L2,
C:\Users\Rafa\Downloads\proyecto-ia-20260212T103152Z-3-001\proyecto-ia\multimodal-emocion\data\audio\raw\mesd_es_emb\Level2\Neutral_F_B_L2_pelirrojo.wav,neutral,mesd_es_emb,mesdemb_F_B_L2,all,Neutral_F_B_L2_pelirrojo,L2,
C:\Users\Rafa\Downloads\proyecto-ia-20260212T103152Z-3-001\proyecto-ia\multimodal-emocion\data\audio\raw\mesd_es_emb\Level2\Neutral_F_B_L2_presumido.wav,neutral,mesd_es_emb,mesdemb_F_B_L2,all,Neutral_F_B_L2_presumido,L2,
C:\Users\Rafa\Downloads\proyecto-ia-20260212T103152Z-3-001\proyecto-ia\multimodal-emocion\data\audio\raw\mesd_es_emb\Level2\Neutral_F_B_L2_religioso.wav,neutral,mesd_es_emb,mesdemb_F_B_L2,all,Neutral_F_B_L2_religioso,L2,
C:\Users\Rafa\Downloads\proyecto-ia-20260212T103152Z-3-001\proyecto-ia\multimodal-emocion\data\audio\raw\mesd_es_emb\Level2\Neutral_F_B_L2_temporal.wav,neutral,mesd_es_emb,mesdemb_F_B_L2,all,Neutral_F_B_L2_temporal,L2,
C:\Users\Rafa\Downloads\proyecto-ia-20260212T103152Z-3-001\proyecto-ia\multimodal-emocion\data\audio\raw\mesd_es_emb\Level2\Sadness_F_B_L2_abandono.wav,sadness,mesd_es_emb,mesdemb_F_B_L2,all,Sadness_F_B_L2_abandono,L2,
C:\Users\Rafa\Downloads\proyecto-ia-20260212T103152Z-3-001\proyecto-ia\multimodal-emocion\data\audio\raw\mesd_es_emb\Level2\Sadness_F_B_L2_abuso.wav,sadness,mesd_es_emb,mesdemb_F_B_L2,all,Sadness_F_B_L2_abuso,L2,
C:\Users\Rafa\Downloads\proyecto-ia-20260212T103152Z-3-001\proyecto-ia\multimodal-emocion\data\audio\raw\mesd_es_emb\Level2\Sadness_F_B_L2_cansancio.wav,sadness,mesd_es_emb,mesdemb_F_B_L2,all,Sadness_F_B_L2_cansancio,L2,
C:\Users\Rafa\Downloads\proyecto-ia-20260212T103152Z-3-001\proyecto-ia\multimodal-emocion\data\audio\raw\mesd_es_emb\Level2\Sadness_F_B_L2_ceguera.wav,sadness,mesd_es_emb,mesdemb_F_B_L2,all,Sadness_F_B_L2_ceguera,L2,
C:\Users\Rafa\Downloads\proyecto-ia-20260212T103152Z-3-001\proyecto-ia\multimodal-emocion\data\audio\raw\mesd_es_emb\Level2\Sadness_F_B_L2_conflicto.wav,sadness,mesd_es_emb,mesdemb_F_B_L2,all,Sadness_F_B_L2_conflicto,L2,
C:\Users\Rafa\Downloads\proyecto-ia-20260212T103152Z-3-001\proyecto-ia\multimodal-emocion\data\audio\raw\mesd_es_emb\Level2\Sadness_F_B_L2_delincuencia.wav,sadness,mesd_es_emb,mesdemb_F_B_L2,all,Sadness_F_B_L2_delincuencia,L2,
C:\Users\Rafa\Downloads\proyecto-ia-20260212T103152Z-3-001\proyecto-ia\multimodal-emocion\data\audio\raw\mesd_es_emb\Level2\Sadness_F_B_L2_desmayo.wav,sadness,mesd_es_emb,mesdemb_F_B_L2,all,Sadness_F_B_L2_desmayo,L2,
C:\Users\Rafa\Downloads\proyecto-ia-20260212T103152Z-3-001\proyecto-ia\multimodal-emocion\data\audio\raw\mesd_es_emb\Level2\Sadness_F_B_L2_enfriamiento.wav,sadness,mesd_es_emb,mesdemb_F_B_L2,all,Sadness_F_B_L2_enfriamiento,L2,
C:\Users\Rafa\Downloads\proyecto-ia-20260212T103152Z-3-001\proyecto-ia\multimodal-emocion\data\audio\raw\mesd_es_emb\Level2\Sadness_F_B_L2_explosion.wav,sadness,mesd_es_emb,mesdemb_F_B_L2,all,Sadness_F_B_L2_explosion,L2,
C:\Users\Rafa\Downloads\proyecto-ia-20260212T103152Z-3-001\proyecto-ia\multimodal-emocion\data\audio\raw\mesd_es_emb\Level2\Sadness_F_B_L2_explosivo.wav,sadness,mesd_es_emb,mesdemb_F_B_L2,all,Sadness_F_B_L2_explosivo,L2,
C:\Users\Rafa\Downloads\proyecto-ia-20260212T103152Z-3-001\proyecto-ia\multimodal-emocion\data\audio\raw\mesd_es_emb\Level2\Sadness_F_B_L2_fracasado.wav,sadness,mesd_es_emb,mesdemb_F_B_L2,all,Sadness_F_B_L2_fracasado,L2,
C:\Users\Rafa\Downloads\proyecto-ia-20260212T103152Z-3-001\proyecto-ia\multimodal-emocion\data\audio\raw\mesd_es_emb\Level2\Sadness_F_B_L2_hambre.wav,sadness,mesd_es_emb,mesdemb_F_B_L2,all,Sadness_F_B_L2_hambre,L2,
C:\Users\Rafa\Downloads\proyecto-ia-20260212T103152Z-3-001\proyecto-ia\multimodal-emocion\data\audio\raw\mesd_es_emb\Level2\Sadness_F_B_L2_huracan.wav,sadness,mesd_es_emb,mesdemb_F_B_L2,all,Sadness_F_B_L2_huracan,L2,
C:\Users\Rafa\Downloads\proyecto-ia-20260212T103152Z-3-001\proyecto-ia\multimodal-emocion\data\audio\raw\mesd_es_emb\Level2\Sadness_F_B_L2_injusticia.wav,sadness,mesd_es_emb,mesdemb_F_B_L2,all,Sadness_F_B_L2_injusticia,L2,
C:\Users\Rafa\Downloads\proyecto-ia-20260212T103152Z-3-001\proyecto-ia\multimodal-emocion\data\audio\raw\mesd_es_emb\Level2\Sadness_F_B_L2_insultado.wav,sadness,mesd_es_emb,mesdemb_F_B_L2,all,Sadness_F_B_L2_insultado,L2,
C:\Users\Rafa\Downloads\proyecto-ia-20260212T103152Z-3-001\proyecto-ia\multimodal-emocion\data\audio\raw\mesd_es_emb\Level2\Sadness_F_B_L2_llanto.wav,sadness,mesd_es_emb,mesdemb_F_B_L2,all,Sadness_F_B_L2_llanto,L2,
C:\Users\Rafa\Downloads\proyecto-ia-20260212T103152Z-3-001\proyecto-ia\multimodal-emocion\data\audio\raw\mesd_es_emb\Level2\Sadness_F_B_L2_metralleta.wav,sadness,mesd_es_emb,mesdemb_F_B_L2,all,Sadness_F_B_L2_metralleta,L2,
C:\Users\Rafa\Downloads\proyecto-ia-20260212T103152Z-3-001\proyecto-ia\multimodal-emocion\data\audio\raw\mesd_es_emb\Level2\Sadness_F_B_L2_monstruoso.wav,sadness,mesd_es_emb,mesdemb_F_B_L2,all,Sadness_F_B_L2_monstruoso,L2,
C:\Users\Rafa\Downloads\proyecto-ia-20260212T103152Z-3-001\proyecto-ia\multimodal-emocion\data\audio\raw\mesd_es_emb\Level2\Sadness_F_B_L2_mortal.wav,sadness,mesd_es_emb,mesdemb_F_B_L2,all,Sadness_F_B_L2_mortal,L2,
C:\Users\Rafa\Downloads\proyecto-ia-20260212T103152Z-3-001\proyecto-ia\multimodal-emocion\data\audio\raw\mesd_es_emb\Level2\Sadness_F_B_L2_nausea.wav,sadness,mesd_es_emb,mesdemb_F_B_L2,all,Sadness_F_B_L2_nausea,L2,
C:\Users\Rafa\Downloads\proyecto-ia-20260212T103152Z-3-001\proyecto-ia\multimodal-emocion\data\audio\raw\mesd_es_emb\Level2\Sadness_F_B_L2_odioso.wav,sadness,mesd_es_emb,mesdemb_F_B_L2,all,Sadness_F_B_L2_odioso,L2,
C:\Users\Rafa\Downloads\proyecto-ia-20260212T103152Z-3-001\proyecto-ia\multimodal-emocion\data\audio\raw\mesd_es_emb\Level2\Sadness_F_B_L2_ofensa.wav,sadness,mesd_es_emb,mesdemb_F_B_L2,all,Sadness_F_B_L2_ofensa,L2,
C:\Users\Rafa\Downloads\proyecto-ia-20260212T103152Z-3-001\proyecto-ia\multimodal-emocion\data\audio\raw\mesd_es_emb\Level2\Sadness_F_B_L2_relajacion.wav,sadness,mesd_es_emb,mesdemb_F_B_L2,all,Sadness_F_B_L2_relajacion,L2,
C:\Users\Rafa\Downloads\proyecto-ia-20260212T103152Z-3-001\proyecto-ia\multimodal-emocion\data\audio\raw\mesd_es_emb\Level2\Sadness_F_B_L2_tristeza.wav,sadness,mesd_es_emb,mesdemb_F_B_L2,all,Sadness_F_B_L2_tristeza,L2,
C:\Users\Rafa\Downloads\proyecto-ia-20260212T103152Z-3-001\proyecto-ia\multimodal-emocion\data\audio\raw\ses_sd\10_DFA_ANG_SPA.wav,anger,ses_sd,sessd_10_DFA,all,10_DFA_ANG_SPA,,SPA
C:\Users\Rafa\Downloads\proyecto-ia-20260212T103152Z-3-001\proyecto-ia\multimodal-emocion\data\audio\raw\ses_sd\10_DFA_DIS_SPA.wav,disgust,ses_sd,sessd_10_DFA,all,10_DFA_DIS_SPA,,SPA
C:\Users\Rafa\Downloads\proyecto-ia-20260212T103152Z-3-001\proyecto-ia\multimodal-emocion\data\audio\raw\ses_sd\10_DFA_FEA_SPA.wav,fear,ses_sd,sessd_10_DFA,all,10_DFA_FEA_SPA,,SPA
C:\Users\Rafa\Downloads\proyecto-ia-20260212T103152Z-3-001\proyecto-ia\multimodal-emocion\data\audio\raw\ses_sd\10_DFA_HAP_SPA.wav,joy,ses_sd,sessd_10_DFA,all,10_DFA_HAP_SPA,,SPA
C:\Users\Rafa\Downloads\proyecto-ia-20260212T103152Z-3-001\proyecto-ia\multimodal-emocion\data\audio\raw\ses_sd\10_DFA_NEU_SPA.wav,neutral,ses_sd,sessd_10_DFA,all,10_DFA_NEU_SPA,,SPA
C:\Users\Rafa\Downloads\proyecto-ia-20260212T103152Z-3-001\proyecto-ia\multimodal-emocion\data\audio\raw\ses_sd\10_DFA_SAD_SPA.wav,sadness,ses_sd,sessd_10_DFA,all,10_DFA_SAD_SPA,,SPA
C:\Users\Rafa\Downloads\proyecto-ia-20260212T103152Z-3-001\proyecto-ia\multimodal-emocion\data\audio\raw\ses_sd\10_IEO_ANG_SPA.wav,anger,ses_sd,sessd_10_IEO,all,10_IEO_ANG_SPA,,SPA
C:\Users\Rafa\Downloads\proyecto-ia-20260212T103152Z-3-001\proyecto-ia\multimodal-emocion\data\audio\raw\ses_sd\10_IEO_DIS_SPA.wav,disgust,ses_sd,sessd_10_IEO,all,10_IEO_DIS_SPA,,SPA
C:\Users\Rafa\Downloads\proyecto-ia-20260212T103152Z-3-001\proyecto-ia\multimodal-emocion\data\audio\raw\ses_sd\10_IEO_FEA_SPA.wav,fear,ses_sd,sessd_10_IEO,all,10_IEO_FEA_SPA,,SPA
C:\Users\Rafa\Downloads\proyecto-ia-20260212T103152Z-3-001\proyecto-ia\multimodal-emocion\data\audio\raw\ses_sd\10_IEO_HAP_SPA.wav,joy,ses_sd,sessd_10_IEO,all,10_IEO_HAP_SPA,,SPA
C:\Users\Rafa\Downloads\proyecto-ia-20260212T103152Z-3-001\proyecto-ia\multimodal-emocion\data\audio\raw\ses_sd\10_IEO_NEU_SPA.wav,neutral,ses_sd,sessd_10_IEO,all,10_IEO_NEU_SPA,,SPA
C:\Users\Rafa\Downloads\proyecto-ia-20260212T103152Z-3-001\proyecto-ia\multimodal-emocion\data\audio\raw\ses_sd\10_IEO_SAD_SPA.wav,sadness,ses_sd,sessd_10_IEO,all,10_IEO_SAD_SPA,,SPA
C:\Users\Rafa\Downloads\proyecto-ia-20260212T103152Z-3-001\proyecto-ia\multimodal-emocion\data\audio\raw\ses_sd\10_IWW_ANG_SPA.wav,anger,ses_sd,sessd_10_IWW,all,10_IWW_ANG_SPA,,SPA
C:\Users\Rafa\Downloads\proyecto-ia-20260212T103152Z-3-001\proyecto-ia\multimodal-emocion\data\audio\raw\ses_sd\10_IWW_DIS_SPA.wav,disgust,ses_sd,sessd_10_IWW,all,10_IWW_DIS_SPA,,SPA
C:\Users\Rafa\Downloads\proyecto-ia-20260212T103152Z-3-001\proyecto-ia\multimodal-emocion\data\audio\raw\ses_sd\10_IWW_FEA_SPA.wav,fear,ses_sd,sessd_10_IWW,all,10_IWW_FEA_SPA,,SPA
C:\Users\Rafa\Downloads\proyecto-ia-20260212T103152Z-3-001\proyecto-ia\multimodal-emocion\data\audio\raw\ses_sd\10_IWW_HAP_SPA.wav,joy,ses_sd,sessd_10_IWW,all,10_IWW_HAP_SPA,,SPA
C:\Users\Rafa\Downloads\proyecto-ia-20260212T103152Z-3-001\proyecto-ia\multimodal-emocion\data\audio\raw\ses_sd\10_IWW_NEU_SPA.wav,neutral,ses_sd,sessd_10_IWW,all,10_IWW_NEU_SPA,,SPA
C:\Users\Rafa\Downloads\proyecto-ia-20260212T103152Z-3-001\proyecto-ia\multimodal-emocion\data\audio\raw\ses_sd\10_IWW_SAD_SPA.wav,sadness,ses_sd,sessd_10_IWW,all,10_IWW_SAD_SPA,,SPA
C:\Users\Rafa\Downloads\proyecto-ia-20260212T103152Z-3-001\proyecto-ia\multimodal-emocion\data\audio\raw\ses_sd\10_TAI_ANG_SPA.wav,anger,ses_sd,sessd_10_TAI,all,10_TAI_ANG_SPA,,SPA
C:\Users\Rafa\Downloads\proyecto-ia-20260212T103152Z-3-001\proyecto-ia\multimodal-emocion\data\audio\raw\ses_sd\10_TAI_DIS_SPA.wav,disgust,ses_sd,sessd_10_TAI,all,10_TAI_DIS_SPA,,SPA
C:\Users\Rafa\Downloads\proyecto-ia-20260212T103152Z-3-001\proyecto-ia\multimodal-emocion\data\audio\raw\ses_sd\10_TAI_FEA_SPA.wav,fear,ses_sd,sessd_10_TAI,all,10_TAI_FEA_SPA,,SPA
C:\Users\Rafa\Downloads\proyecto-ia-20260212T103152Z-3-001\proyecto-ia\multimodal-emocion\data\audio\raw\ses_sd\10_TAI_HAP_SPA.wav,joy,ses_sd,sessd_10_TAI,all,10_TAI_HAP_SPA,,SPA
C:\Users\Rafa\Downloads\proyecto-ia-20260212T103152Z-3-001\proyecto-ia\multimodal-emocion\data\audio\raw\ses_sd\10_TAI_NEU_SPA.wav,neutral,ses_sd,sessd_10_TAI,all,10_TAI_NEU_SPA,,SPA
C:\Users\Rafa\Downloads\proyecto-ia-20260212T103152Z-3-001\proyecto-ia\multimodal-emocion\data\audio\raw\ses_sd\10_TAI_SAD_SPA.wav,sadness,ses_sd,sessd_10_TAI,all,10_TAI_SAD_SPA,,SPA
C:\Users\Rafa\Downloads\proyecto-ia-20260212T103152Z-3-001\proyecto-ia\multimodal-emocion\data\audio\raw\ses_sd\10_TSI_ANG_SPA.wav,anger,ses_sd,sessd_10_TSI,all,10_TSI_ANG_SPA,,SPA
C:\Users\Rafa\Downloads\proyecto-ia-20260212T103152Z-3-001\proyecto-ia\multimodal-emocion\data\audio\raw\ses_sd\10_TSI_DIS_SPA.wav,disgust,ses_sd,sessd_10_TSI,all,10_TSI_DIS_SPA,,SPA
C:\Users\Rafa\Downloads\proyecto-ia-20260212T103152Z-3-001\proyecto-ia\multimodal-emocion\data\audio\raw\ses_sd\10_TSI_FEA_SPA.wav,fear,ses_sd,sessd_10_TSI,all,10_TSI_FEA_SPA,,SPA
C:\Users\Rafa\Downloads\proyecto-ia-20260212T103152Z-3-001\proyecto-ia\multimodal-emocion\data\audio\raw\ses_sd\10_TSI_HAP_SPA.wav,joy,ses_sd,sessd_10_TSI,all,10_TSI_HAP_SPA,,SPA
C:\Users\Rafa\Downloads\proyecto-ia-20260212T103152Z-3-001\proyecto-ia\multimodal-emocion\data\audio\raw\ses_sd\10_TSI_NEU_SPA.wav,neutral,ses_sd,sessd_10_TSI,all,10_TSI_NEU_SPA,,SPA
C:\Users\Rafa\Downloads\proyecto-ia-20260212T103152Z-3-001\proyecto-ia\multimodal-emocion\data\audio\raw\ses_sd\10_TSI_SAD_SPA.wav,sadness,ses_sd,sessd_10_TSI,all,10_TSI_SAD_SPA,,SPA
C:\Users\Rafa\Downloads\proyecto-ia-20260212T103152Z-3-001\proyecto-ia\multimodal-emocion\data\audio\raw\ses_sd\11_DFA_ANG_SPA.wav,anger,ses_sd,sessd_11_DFA,all,11_DFA_ANG_SPA,,SPA
C:\Users\Rafa\Downloads\proyecto-ia-20260212T103152Z-3-001\proyecto-ia\multimodal-emocion\data\audio\raw\ses_sd\11_DFA_DIS_SPA.wav,disgust,ses_sd,sessd_11_DFA,all,11_DFA_DIS_SPA,,SPA
C:\Users\Rafa\Downloads\proyecto-ia-20260212T103152Z-3-001\proyecto-ia\multimodal-emocion\data\audio\raw\ses_sd\11_DFA_FEA_SPA.wav,fear,ses_sd,sessd_11_DFA,all,11_DFA_FEA_SPA,,SPA
C:\Users\Rafa\Downloads\proyecto-ia-20260212T103152Z-3-001\proyecto-ia\multimodal-emocion\data\audio\raw\ses_sd\11_DFA_HAP_SPA.wav,joy,ses_sd,sessd_11_DFA,all,11_DFA_HAP_SPA,,SPA
C:\Users\Rafa\Downloads\proyecto-ia-20260212T103152Z-3-001\proyecto-ia\multimodal-emocion\data\audio\raw\ses_sd\11_DFA_NEU_SPA.wav,neutral,ses_sd,sessd_11_DFA,all,11_DFA_NEU_SPA,,SPA
C:\Users\Rafa\Downloads\proyecto-ia-20260212T103152Z-3-001\proyecto-ia\multimodal-emocion\data\audio\raw\ses_sd\11_DFA_SAD_SPA.wav,sadness,ses_sd,sessd_11_DFA,all,11_DFA_SAD_SPA,,SPA
C:\Users\Rafa\Downloads\proyecto-ia-20260212T103152Z-3-001\proyecto-ia\multimodal-emocion\data\audio\raw\ses_sd\11_IEO_ANG_SPA.wav,anger,ses_sd,sessd_11_IEO,all,11_IEO_ANG_SPA,,SPA
C:\Users\Rafa\Downloads\proyecto-ia-20260212T103152Z-3-001\proyecto-ia\multimodal-emocion\data\audio\raw\ses_sd\11_IEO_DIS_SPA.wav,disgust,ses_sd,sessd_11_IEO,all,11_IEO_DIS_SPA,,SPA
C:\Users\Rafa\Downloads\proyecto-ia-20260212T103152Z-3-001\proyecto-ia\multimodal-emocion\data\audio\raw\ses_sd\11_IEO_FEA_SPA.wav,fear,ses_sd,sessd_11_IEO,all,11_IEO_FEA_SPA,,SPA
C:\Users\Rafa\Downloads\proyecto-ia-20260212T103152Z-3-001\proyecto-ia\multimodal-emocion\data\audio\raw\ses_sd\11_IEO_HAP_SPA.wav,joy,ses_sd,sessd_11_IEO,all,11_IEO_HAP_SPA,,SPA
C:\Users\Rafa\Downloads\proyecto-ia-20260212T103152Z-3-001\proyecto-ia\multimodal-emocion\data\audio\raw\ses_sd\11_IEO_NEU_SPA.wav,neutral,ses_sd,sessd_11_IEO,all,11_IEO_NEU_SPA,,SPA
C:\Users\Rafa\Downloads\proyecto-ia-20260212T103152Z-3-001\proyecto-ia\multimodal-emocion\data\audio\raw\ses_sd\11_IEO_SAD_SPA.wav,sadness,ses_sd,sessd_11_IEO,all,11_IEO_SAD_SPA,,SPA
C:\Users\Rafa\Downloads\proyecto-ia-20260212T103152Z-3-001\proyecto-ia\multimodal-emocion\data\audio\raw\ses_sd\11_IWW_ANG_SPA.wav,anger,ses_sd,sessd_11_IWW,all,11_IWW_ANG_SPA,,SPA
C:\Users\Rafa\Downloads\proyecto-ia-20260212T103152Z-3-001\proyecto-ia\multimodal-emocion\data\audio\raw\ses_sd\11_IWW_DIS_SPA.wav,disgust,ses_sd,sessd_11_IWW,all,11_IWW_DIS_SPA,,SPA
C:\Users\Rafa\Downloads\proyecto-ia-20260212T103152Z-3-001\proyecto-ia\multimodal-emocion\data\audio\raw\ses_sd\11_IWW_FEA_SPA.wav,fear,ses_sd,sessd_11_IWW,all,11_IWW_FEA_SPA,,SPA
C:\Users\Rafa\Downloads\proyecto-ia-20260212T103152Z-3-001\proyecto-ia\multimodal-emocion\data\audio\raw\ses_sd\11_IWW_HAP_SPA.wav,joy,ses_sd,sessd_11_IWW,all,11_IWW_HAP_SPA,,SPA
C:\Users\Rafa\Downloads\proyecto-ia-20260212T103152Z-3-001\proyecto-ia\multimodal-emocion\data\audio\raw\ses_sd\11_IWW_NEU_SPA.wav,neutral,ses_sd,sessd_11_IWW,all,11_IWW_NEU_SPA,,SPA
C:\Users\Rafa\Downloads\proyecto-ia-20260212T103152Z-3-001\proyecto-ia\multimodal-emocion\data\audio\raw\ses_sd\11_IWW_SAD_SPA.wav,sadness,ses_sd,sessd_11_IWW,all,11_IWW_SAD_SPA,,SPA
C:\Users\Rafa\Downloads\proyecto-ia-20260212T103152Z-3-001\proyecto-ia\multimodal-emocion\data\audio\raw\ses_sd\11_TAI_ANG_SPA.wav,anger,ses_sd,sessd_11_TAI,all,11_TAI_ANG_SPA,,SPA
C:\Users\Rafa\Downloads\proyecto-ia-20260212T103152Z-3-001\proyecto-ia\multimodal-emocion\data\audio\raw\ses_sd\11_TAI_DIS_SPA.wav,disgust,ses_sd,sessd_11_TAI,all,11_TAI_DIS_SPA,,SPA
C:\Users\Rafa\Downloads\proyecto-ia-20260212T103152Z-3-001\proyecto-ia\multimodal-emocion\data\audio\raw\ses_sd\11_TAI_FEA_SPA.wav,fear,ses_sd,sessd_11_TAI,all,11_TAI_FEA_SPA,,SPA
C:\Users\Rafa\Downloads\proyecto-ia-20260212T103152Z-3-001\proyecto-ia\multimodal-emocion\data\audio\raw\ses_sd\11_TAI_HAP_SPA.wav,joy,ses_sd,sessd_11_TAI,all,11_TAI_HAP_SPA,,SPA
C:\Users\Rafa\Downloads\proyecto-ia-20260212T103152Z-3-001\proyecto-ia\multimodal-emocion\data\audio\raw\ses_sd\11_TAI_NEU_SPA.wav,neutral,ses_sd,sessd_11_TAI,all,11_TAI_NEU_SPA,,SPA
C:\Users\Rafa\Downloads\proyecto-ia-20260212T103152Z-3-001\proyecto-ia\multimodal-emocion\data\audio\raw\ses_sd\11_TAI_SAD_SPA.wav,sadness,ses_sd,sessd_11_TAI,all,11_TAI_SAD_SPA,,SPA
C:\Users\Rafa\Downloads\proyecto-ia-20260212T103152Z-3-001\proyecto-ia\multimodal-emocion\data\audio\raw\ses_sd\11_TSI_ANG_SPA.wav,anger,ses_sd,sessd_11_TSI,all,11_TSI_ANG_SPA,,SPA
C:\Users\Rafa\Downloads\proyecto-ia-20260212T103152Z-3-001\proyecto-ia\multimodal-emocion\data\audio\raw\ses_sd\11_TSI_DIS_SPA.wav,disgust,ses_sd,sessd_11_TSI,all,11_TSI_DIS_SPA,,SPA
C:\Users\Rafa\Downloads\proyecto-ia-20260212T103152Z-3-001\proyecto-ia\multimodal-emocion\data\audio\raw\ses_sd\11_TSI_FEA_SPA.wav,fear,ses_sd,sessd_11_TSI,all,11_TSI_FEA_SPA,,SPA
C:\Users\Rafa\Downloads\proyecto-ia-20260212T103152Z-3-001\proyecto-ia\multimodal-emocion\data\audio\raw\ses_sd\11_TSI_HAP_SPA.wav,joy,ses_sd,sessd_11_TSI,all,11_TSI_HAP_SPA,,SPA
C:\Users\Rafa\Downloads\proyecto-ia-20260212T103152Z-3-001\proyecto-ia\multimodal-emocion\data\audio\raw\ses_sd\11_TSI_NEU_SPA.wav,neutral,ses_sd,sessd_11_TSI,all,11_TSI_NEU_SPA,,SPA
C:\Users\Rafa\Downloads\proyecto-ia-20260212T103152Z-3-001\proyecto-ia\multimodal-emocion\data\audio\raw\ses_sd\11_TSI_SAD_SPA.wav,sadness,ses_sd,sessd_11_TSI,all,11_TSI_SAD_SPA,,SPA
C:\Users\Rafa\Downloads\proyecto-ia-20260212T103152Z-3-001\proyecto-ia\multimodal-emocion\data\audio\raw\ses_sd\12_DFA_ANG_SPA.wav,anger,ses_sd,sessd_12_DFA,all,12_DFA_ANG_SPA,,SPA
C:\Users\Rafa\Downloads\proyecto-ia-20260212T103152Z-3-001\proyecto-ia\multimodal-emocion\data\audio\raw\ses_sd\12_DFA_DIS_SPA.wav,disgust,ses_sd,sessd_12_DFA,all,12_DFA_DIS_SPA,,SPA
C:\Users\Rafa\Downloads\proyecto-ia-20260212T103152Z-3-001\proyecto-ia\multimodal-emocion\data\audio\raw\ses_sd\12_DFA_FEA_SPA.wav,fear,ses_sd,sessd_12_DFA,all,12_DFA_FEA_SPA,,SPA
C:\Users\Rafa\Downloads\proyecto-ia-20260212T103152Z-3-001\proyecto-ia\multimodal-emocion\data\audio\raw\ses_sd\12_DFA_HAP_SPA.wav,joy,ses_sd,sessd_12_DFA,all,12_DFA_HAP_SPA,,SPA
C:\Users\Rafa\Downloads\proyecto-ia-20260212T103152Z-3-001\proyecto-ia\multimodal-emocion\data\audio\raw\ses_sd\12_DFA_NEU_SPA.wav,neutral,ses_sd,sessd_12_DFA,all,12_DFA_NEU_SPA,,SPA
C:\Users\Rafa\Downloads\proyecto-ia-20260212T103152Z-3-001\proyecto-ia\multimodal-emocion\data\audio\raw\ses_sd\12_DFA_SAD_SPA.wav,sadness,ses_sd,sessd_12_DFA,all,12_DFA_SAD_SPA,,SPA
C:\Users\Rafa\Downloads\proyecto-ia-20260212T103152Z-3-001\proyecto-ia\multimodal-emocion\data\audio\raw\ses_sd\12_IEO_ANG_SPA.wav,anger,ses_sd,sessd_12_IEO,all,12_IEO_ANG_SPA,,SPA
C:\Users\Rafa\Downloads\proyecto-ia-20260212T103152Z-3-001\proyecto-ia\multimodal-emocion\data\audio\raw\ses_sd\12_IEO_DIS_SPA.wav,disgust,ses_sd,sessd_12_IEO,all,12_IEO_DIS_SPA,,SPA
C:\Users\Rafa\Downloads\proyecto-ia-20260212T103152Z-3-001\proyecto-ia\multimodal-emocion\data\audio\raw\ses_sd\12_IEO_FEA_SPA.wav,fear,ses_sd,sessd_12_IEO,all,12_IEO_FEA_SPA,,SPA
C:\Users\Rafa\Downloads\proyecto-ia-20260212T103152Z-3-001\proyecto-ia\multimodal-emocion\data\audio\raw\ses_sd\12_IEO_HAP_SPA.wav,joy,ses_sd,sessd_12_IEO,all,12_IEO_HAP_SPA,,SPA
C:\Users\Rafa\Downloads\proyecto-ia-20260212T103152Z-3-001\proyecto-ia\multimodal-emocion\data\audio\raw\ses_sd\12_IEO_NEU_SPA.wav,neutral,ses_sd,sessd_12_IEO,all,12_IEO_NEU_SPA,,SPA
C:\Users\Rafa\Downloads\proyecto-ia-20260212T103152Z-3-001\proyecto-ia\multimodal-emocion\data\audio\raw\ses_sd\12_IEO_SAD_SPA.wav,sadness,ses_sd,sessd_12_IEO,all,12_IEO_SAD_SPA,,SPA
C:\Users\Rafa\Downloads\proyecto-ia-20260212T103152Z-3-001\proyecto-ia\multimodal-emocion\data\audio\raw\ses_sd\12_IWW_ANG_SPA.wav,anger,ses_sd,sessd_12_IWW,all,12_IWW_ANG_SPA,,SPA
C:\Users\Rafa\Downloads\proyecto-ia-20260212T103152Z-3-001\proyecto-ia\multimodal-emocion\data\audio\raw\ses_sd\12_IWW_DIS_SPA.wav,disgust,ses_sd,sessd_12_IWW,all,12_IWW_DIS_SPA,,SPA
C:\Users\Rafa\Downloads\proyecto-ia-20260212T103152Z-3-001\proyecto-ia\multimodal-emocion\data\audio\raw\ses_sd\12_IWW_FEA_SPA.wav,fear,ses_sd,sessd_12_IWW,all,12_IWW_FEA_SPA,,SPA
C:\Users\Rafa\Downloads\proyecto-ia-20260212T103152Z-3-001\proyecto-ia\multimodal-emocion\data\audio\raw\ses_sd\12_IWW_HAP_SPA.wav,joy,ses_sd,sessd_12_IWW,all,12_IWW_HAP_SPA,,SPA
C:\Users\Rafa\Downloads\proyecto-ia-20260212T103152Z-3-001\proyecto-ia\multimodal-emocion\data\audio\raw\ses_sd\12_IWW_NEU_SPA.wav,neutral,ses_sd,sessd_12_IWW,all,12_IWW_NEU_SPA,,SPA
C:\Users\Rafa\Downloads\proyecto-ia-20260212T103152Z-3-001\proyecto-ia\multimodal-emocion\data\audio\raw\ses_sd\12_IWW_SAD_SPA.wav,sadness,ses_sd,sessd_12_IWW,all,12_IWW_SAD_SPA,,SPA
C:\Users\Rafa\Downloads\proyecto-ia-20260212T103152Z-3-001\proyecto-ia\multimodal-emocion\data\audio\raw\ses_sd\12_TAI_ANG_SPA.wav,anger,ses_sd,sessd_12_TAI,all,12_TAI_ANG_SPA,,SPA
C:\Users\Rafa\Downloads\proyecto-ia-20260212T103152Z-3-001\proyecto-ia\multimodal-emocion\data\audio\raw\ses_sd\12_TAI_DIS_SPA.wav,disgust,ses_sd,sessd_12_TAI,all,12_TAI_DIS_SPA,,SPA
C:\Users\Rafa\Downloads\proyecto-ia-20260212T103152Z-3-001\proyecto-ia\multimodal-emocion\data\audio\raw\ses_sd\12_TAI_FEA_SPA.wav,fear,ses_sd,sessd_12_TAI,all,12_TAI_FEA_SPA,,SPA
C:\Users\Rafa\Downloads\proyecto-ia-20260212T103152Z-3-001\proyecto-ia\multimodal-emocion\data\audio\raw\ses_sd\12_TAI_HAP_SPA.wav,joy,ses_sd,sessd_12_TAI,all,12_TAI_HAP_SPA,,SPA
C:\Users\Rafa\Downloads\proyecto-ia-20260212T103152Z-3-001\proyecto-ia\multimodal-emocion\data\audio\raw\ses_sd\12_TAI_NEU_SPA.wav,neutral,ses_sd,sessd_12_TAI,all,12_TAI_NEU_SPA,,SPA
C:\Users\Rafa\Downloads\proyecto-ia-20260212T103152Z-3-001\proyecto-ia\multimodal-emocion\data\audio\raw\ses_sd\12_TAI_SAD_SPA.wav,sadness,ses_sd,sessd_12_TAI,all,12_TAI_SAD_SPA,,SPA
C:\Users\Rafa\Downloads\proyecto-ia-20260212T103152Z-3-001\proyecto-ia\multimodal-emocion\data\audio\raw\ses_sd\12_TSI_ANG_SPA.wav,anger,ses_sd,sessd_12_TSI,all,12_TSI_ANG_SPA,,SPA
C:\Users\Rafa\Downloads\proyecto-ia-20260212T103152Z-3-001\proyecto-ia\multimodal-emocion\data\audio\raw\ses_sd\12_TSI_DIS_SPA.wav,disgust,ses_sd,sessd_12_TSI,all,12_TSI_DIS_SPA,,SPA
C:\Users\Rafa\Downloads\proyecto-ia-20260212T103152Z-3-001\proyecto-ia\multimodal-emocion\data\audio\raw\ses_sd\12_TSI_FEA_SPA.wav,fear,ses_sd,sessd_12_TSI,all,12_TSI_FEA_SPA,,SPA
C:\Users\Rafa\Downloads\proyecto-ia-20260212T103152Z-3-001\proyecto-ia\multimodal-emocion\data\audio\raw\ses_sd\12_TSI_HAP_SPA.wav,joy,ses_sd,sessd_12_TSI,all,12_TSI_HAP_SPA,,SPA
C:\Users\Rafa\Downloads\proyecto-ia-20260212T103152Z-3-001\proyecto-ia\multimodal-emocion\data\audio\raw\ses_sd\12_TSI_NEU_SPA.wav,neutral,ses_sd,sessd_12_TSI,all,12_TSI_NEU_SPA,,SPA
C:\Users\Rafa\Downloads\proyecto-ia-20260212T103152Z-3-001\proyecto-ia\multimodal-emocion\data\audio\raw\ses_sd\12_TSI_SAD_SPA.wav,sadness,ses_sd,sessd_12_TSI,all,12_TSI_SAD_SPA,,SPA
C:\Users\Rafa\Downloads\proyecto-ia-20260212T103152Z-3-001\proyecto-ia\multimodal-emocion\data\audio\raw\ses_sd\13_DFA_ANG_SPA.wav,anger,ses_sd,sessd_13_DFA,all,13_DFA_ANG_SPA,,SPA
C:\Users\Rafa\Downloads\proyecto-ia-20260212T103152Z-3-001\proyecto-ia\multimodal-emocion\data\audio\raw\ses_sd\13_DFA_DIS_SPA.wav,disgust,ses_sd,sessd_13_DFA,all,13_DFA_DIS_SPA,,SPA
C:\Users\Rafa\Downloads\proyecto-ia-20260212T103152Z-3-001\proyecto-ia\multimodal-emocion\data\audio\raw\ses_sd\13_DFA_FEA_SPA.wav,fear,ses_sd,sessd_13_DFA,all,13_DFA_FEA_SPA,,SPA
C:\Users\Rafa\Downloads\proyecto-ia-20260212T103152Z-3-001\proyecto-ia\multimodal-emocion\data\audio\raw\ses_sd\13_DFA_HAP_SPA.wav,joy,ses_sd,sessd_13_DFA,all,13_DFA_HAP_SPA,,SPA
C:\Users\Rafa\Downloads\proyecto-ia-20260212T103152Z-3-001\proyecto-ia\multimodal-emocion\data\audio\raw\ses_sd\13_DFA_NEU_SPA.wav,neutral,ses_sd,sessd_13_DFA,all,13_DFA_NEU_SPA,,SPA
C:\Users\Rafa\Downloads\proyecto-ia-20260212T103152Z-3-001\proyecto-ia\multimodal-emocion\data\audio\raw\ses_sd\13_DFA_SAD_SPA.wav,sadness,ses_sd,sessd_13_DFA,all,13_DFA_SAD_SPA,,SPA
C:\Users\Rafa\Downloads\proyecto-ia-20260212T103152Z-3-001\proyecto-ia\multimodal-emocion\data\audio\raw\ses_sd\13_IEO_ANG_SPA.wav,anger,ses_sd,sessd_13_IEO,all,13_IEO_ANG_SPA,,SPA
C:\Users\Rafa\Downloads\proyecto-ia-20260212T103152Z-3-001\proyecto-ia\multimodal-emocion\data\audio\raw\ses_sd\13_IEO_DIS_SPA.wav,disgust,ses_sd,sessd_13_IEO,all,13_IEO_DIS_SPA,,SPA
C:\Users\Rafa\Downloads\proyecto-ia-20260212T103152Z-3-001\proyecto-ia\multimodal-emocion\data\audio\raw\ses_sd\13_IEO_FEA_SPA.wav,fear,ses_sd,sessd_13_IEO,all,13_IEO_FEA_SPA,,SPA
C:\Users\Rafa\Downloads\proyecto-ia-20260212T103152Z-3-001\proyecto-ia\multimodal-emocion\data\audio\raw\ses_sd\13_IEO_HAP_SPA.wav,joy,ses_sd,sessd_13_IEO,all,13_IEO_HAP_SPA,,SPA
C:\Users\Rafa\Downloads\proyecto-ia-20260212T103152Z-3-001\proyecto-ia\multimodal-emocion\data\audio\raw\ses_sd\13_IEO_NEU_SPA.wav,neutral,ses_sd,sessd_13_IEO,all,13_IEO_NEU_SPA,,SPA
C:\Users\Rafa\Downloads\proyecto-ia-20260212T103152Z-3-001\proyecto-ia\multimodal-emocion\data\audio\raw\ses_sd\13_IEO_SAD_SPA.wav,sadness,ses_sd,sessd_13_IEO,all,13_IEO_SAD_SPA,,SPA
C:\Users\Rafa\Downloads\proyecto-ia-20260212T103152Z-3-001\proyecto-ia\multimodal-emocion\data\audio\raw\ses_sd\13_IWW_ANG_SPA.wav,anger,ses_sd,sessd_13_IWW,all,13_IWW_ANG_SPA,,SPA
C:\Users\Rafa\Downloads\proyecto-ia-20260212T103152Z-3-001\proyecto-ia\multimodal-emocion\data\audio\raw\ses_sd\13_IWW_DIS_SPA.wav,disgust,ses_sd,sessd_13_IWW,all,13_IWW_DIS_SPA,,SPA
C:\Users\Rafa\Downloads\proyecto-ia-20260212T103152Z-3-001\proyecto-ia\multimodal-emocion\data\audio\raw\ses_sd\13_IWW_FEA_SPA.wav,fear,ses_sd,sessd_13_IWW,all,13_IWW_FEA_SPA,,SPA
C:\Users\Rafa\Downloads\proyecto-ia-20260212T103152Z-3-001\proyecto-ia\multimodal-emocion\data\audio\raw\ses_sd\13_IWW_HAP_SPA.wav,joy,ses_sd,sessd_13_IWW,all,13_IWW_HAP_SPA,,SPA
C:\Users\Rafa\Downloads\proyecto-ia-20260212T103152Z-3-001\proyecto-ia\multimodal-emocion\data\audio\raw\ses_sd\13_IWW_NEU_SPA.wav,neutral,ses_sd,sessd_13_IWW,all,13_IWW_NEU_SPA,,SPA
C:\Users\Rafa\Downloads\proyecto-ia-20260212T103152Z-3-001\proyecto-ia\multimodal-emocion\data\audio\raw\ses_sd\13_IWW_SAD_SPA.wav,sadness,ses_sd,sessd_13_IWW,all,13_IWW_SAD_SPA,,SPA
C:\Users\Rafa\Downloads\proyecto-ia-20260212T103152Z-3-001\proyecto-ia\multimodal-emocion\data\audio\raw\ses_sd\13_TAI_ANG_SPA.wav,anger,ses_sd,sessd_13_TAI,all,13_TAI_ANG_SPA,,SPA
C:\Users\Rafa\Downloads\proyecto-ia-20260212T103152Z-3-001\proyecto-ia\multimodal-emocion\data\audio\raw\ses_sd\13_TAI_DIS_SPA.wav,disgust,ses_sd,sessd_13_TAI,all,13_TAI_DIS_SPA,,SPA
C:\Users\Rafa\Downloads\proyecto-ia-20260212T103152Z-3-001\proyecto-ia\multimodal-emocion\data\audio\raw\ses_sd\13_TAI_FEA_SPA.wav,fear,ses_sd,sessd_13_TAI,all,13_TAI_FEA_SPA,,SPA
C:\Users\Rafa\Downloads\proyecto-ia-20260212T103152Z-3-001\proyecto-ia\multimodal-emocion\data\audio\raw\ses_sd\13_TAI_HAP_SPA.wav,joy,ses_sd,sessd_13_TAI,all,13_TAI_HAP_SPA,,SPA
C:\Users\Rafa\Downloads\proyecto-ia-20260212T103152Z-3-001\proyecto-ia\multimodal-emocion\data\audio\raw\ses_sd\13_TAI_NEU_SPA.wav,neutral,ses_sd,sessd_13_TAI,all,13_TAI_NEU_SPA,,SPA
C:\Users\Rafa\Downloads\proyecto-ia-20260212T103152Z-3-001\proyecto-ia\multimodal-emocion\data\audio\raw\ses_sd\13_TAI_SAD_SPA.wav,sadness,ses_sd,sessd_13_TAI,all,13_TAI_SAD_SPA,,SPA
C:\Users\Rafa\Downloads\proyecto-ia-20260212T103152Z-3-001\proyecto-ia\multimodal-emocion\data\audio\raw\ses_sd\13_TSI_ANG_SPA.wav,anger,ses_sd,sessd_13_TSI,all,13_TSI_ANG_SPA,,SPA
C:\Users\Rafa\Downloads\proyecto-ia-20260212T103152Z-3-001\proyecto-ia\multimodal-emocion\data\audio\raw\ses_sd\13_TSI_DIS_SPA.wav,disgust,ses_sd,sessd_13_TSI,all,13_TSI_DIS_SPA,,SPA
C:\Users\Rafa\Downloads\proyecto-ia-20260212T103152Z-3-001\proyecto-ia\multimodal-emocion\data\audio\raw\ses_sd\13_TSI_FEA_SPA.wav,fear,ses_sd,sessd_13_TSI,all,13_TSI_FEA_SPA,,SPA
C:\Users\Rafa\Downloads\proyecto-ia-20260212T103152Z-3-001\proyecto-ia\multimodal-emocion\data\audio\raw\ses_sd\13_TSI_HAP_SPA.wav,joy,ses_sd,sessd_13_TSI,all,13_TSI_HAP_SPA,,SPA
C:\Users\Rafa\Downloads\proyecto-ia-20260212T103152Z-3-001\proyecto-ia\multimodal-emocion\data\audio\raw\ses_sd\13_TSI_NEU_SPA.wav,neutral,ses_sd,sessd_13_TSI,all,13_TSI_NEU_SPA,,SPA
C:\Users\Rafa\Downloads\proyecto-ia-20260212T103152Z-3-001\proyecto-ia\multimodal-emocion\data\audio\raw\ses_sd\13_TSI_SAD_SPA.wav,sadness,ses_sd,sessd_13_TSI,all,13_TSI_SAD_SPA,,SPA
C:\Users\Rafa\Downloads\proyecto-ia-20260212T103152Z-3-001\proyecto-ia\multimodal-emocion\data\audio\raw\ses_sd\14_DFA_ANG_SPA.wav,anger,ses_sd,sessd_14_DFA,all,14_DFA_ANG_SPA,,SPA
C:\Users\Rafa\Downloads\proyecto-ia-20260212T103152Z-3-001\proyecto-ia\multimodal-emocion\data\audio\raw\ses_sd\14_DFA_DIS_SPA.wav,disgust,ses_sd,sessd_14_DFA,all,14_DFA_DIS_SPA,,SPA
C:\Users\Rafa\Downloads\proyecto-ia-20260212T103152Z-3-001\proyecto-ia\multimodal-emocion\data\audio\raw\ses_sd\14_DFA_FEA_SPA.wav,fear,ses_sd,sessd_14_DFA,all,14_DFA_FEA_SPA,,SPA
C:\Users\Rafa\Downloads\proyecto-ia-20260212T103152Z-3-001\proyecto-ia\multimodal-emocion\data\audio\raw\ses_sd\14_DFA_HAP_SPA.wav,joy,ses_sd,sessd_14_DFA,all,14_DFA_HAP_SPA,,SPA
C:\Users\Rafa\Downloads\proyecto-ia-20260212T103152Z-3-001\proyecto-ia\multimodal-emocion\data\audio\raw\ses_sd\14_DFA_NEU_SPA.wav,neutral,ses_sd,sessd_14_DFA,all,14_DFA_NEU_SPA,,SPA
C:\Users\Rafa\Downloads\proyecto-ia-20260212T103152Z-3-001\proyecto-ia\multimodal-emocion\data\audio\raw\ses_sd\14_DFA_SAD_SPA.wav,sadness,ses_sd,sessd_14_DFA,all,14_DFA_SAD_SPA,,SPA
C:\Users\Rafa\Downloads\proyecto-ia-20260212T103152Z-3-001\proyecto-ia\multimodal-emocion\data\audio\raw\ses_sd\14_IEO_ANG_SPA.wav,anger,ses_sd,sessd_14_IEO,all,14_IEO_ANG_SPA,,SPA
C:\Users\Rafa\Downloads\proyecto-ia-20260212T103152Z-3-001\proyecto-ia\multimodal-emocion\data\audio\raw\ses_sd\14_IEO_DIS_SPA.wav,disgust,ses_sd,sessd_14_IEO,all,14_IEO_DIS_SPA,,SPA
C:\Users\Rafa\Downloads\proyecto-ia-20260212T103152Z-3-001\proyecto-ia\multimodal-emocion\data\audio\raw\ses_sd\14_IEO_FEA_SPA.wav,fear,ses_sd,sessd_14_IEO,all,14_IEO_FEA_SPA,,SPA
C:\Users\Rafa\Downloads\proyecto-ia-20260212T103152Z-3-001\proyecto-ia\multimodal-emocion\data\audio\raw\ses_sd\14_IEO_HAP_SPA.wav,joy,ses_sd,sessd_14_IEO,all,14_IEO_HAP_SPA,,SPA
C:\Users\Rafa\Downloads\proyecto-ia-20260212T103152Z-3-001\proyecto-ia\multimodal-emocion\data\audio\raw\ses_sd\14_IEO_NEU_SPA.wav,neutral,ses_sd,sessd_14_IEO,all,14_IEO_NEU_SPA,,SPA
C:\Users\Rafa\Downloads\proyecto-ia-20260212T103152Z-3-001\proyecto-ia\multimodal-emocion\data\audio\raw\ses_sd\14_IEO_SAD_SPA.wav,sadness,ses_sd,sessd_14_IEO,all,14_IEO_SAD_SPA,,SPA
C:\Users\Rafa\Downloads\proyecto-ia-20260212T103152Z-3-001\proyecto-ia\multimodal-emocion\data\audio\raw\ses_sd\14_IWW_ANG_SPA.wav,anger,ses_sd,sessd_14_IWW,all,14_IWW_ANG_SPA,,SPA
C:\Users\Rafa\Downloads\proyecto-ia-20260212T103152Z-3-001\proyecto-ia\multimodal-emocion\data\audio\raw\ses_sd\14_IWW_DIS_SPA.wav,disgust,ses_sd,sessd_14_IWW,all,14_IWW_DIS_SPA,,SPA
C:\Users\Rafa\Downloads\proyecto-ia-20260212T103152Z-3-001\proyecto-ia\multimodal-emocion\data\audio\raw\ses_sd\14_IWW_FEA_SPA.wav,fear,ses_sd,sessd_14_IWW,all,14_IWW_FEA_SPA,,SPA
C:\Users\Rafa\Downloads\proyecto-ia-20260212T103152Z-3-001\proyecto-ia\multimodal-emocion\data\audio\raw\ses_sd\14_IWW_HAP_SPA.wav,joy,ses_sd,sessd_14_IWW,all,14_IWW_HAP_SPA,,SPA
C:\Users\Rafa\Downloads\proyecto-ia-20260212T103152Z-3-001\proyecto-ia\multimodal-emocion\data\audio\raw\ses_sd\14_IWW_NEU_SPA.wav,neutral,ses_sd,sessd_14_IWW,all,14_IWW_NEU_SPA,,SPA
C:\Users\Rafa\Downloads\proyecto-ia-20260212T103152Z-3-001\proyecto-ia\multimodal-emocion\data\audio\raw\ses_sd\14_IWW_SAD_SPA.wav,sadness,ses_sd,sessd_14_IWW,all,14_IWW_SAD_SPA,,SPA
C:\Users\Rafa\Downloads\proyecto-ia-20260212T103152Z-3-001\proyecto-ia\multimodal-emocion\data\audio\raw\ses_sd\14_TAI_ANG_SPA.wav,anger,ses_sd,sessd_14_TAI,all,14_TAI_ANG_SPA,,SPA
C:\Users\Rafa\Downloads\proyecto-ia-20260212T103152Z-3-001\proyecto-ia\multimodal-emocion\data\audio\raw\ses_sd\14_TAI_DIS_SPA.wav,disgust,ses_sd,sessd_14_TAI,all,14_TAI_DIS_SPA,,SPA
C:\Users\Rafa\Downloads\proyecto-ia-20260212T103152Z-3-001\proyecto-ia\multimodal-emocion\data\audio\raw\ses_sd\14_TAI_FEA_SPA.wav,fear,ses_sd,sessd_14_TAI,all,14_TAI_FEA_SPA,,SPA
C:\Users\Rafa\Downloads\proyecto-ia-20260212T103152Z-3-001\proyecto-ia\multimodal-emocion\data\audio\raw\ses_sd\14_TAI_HAP_SPA.wav,joy,ses_sd,sessd_14_TAI,all,14_TAI_HAP_SPA,,SPA
C:\Users\Rafa\Downloads\proyecto-ia-20260212T103152Z-3-001\proyecto-ia\multimodal-emocion\data\audio\raw\ses_sd\14_TAI_NEU_SPA.wav,neutral,ses_sd,sessd_14_TAI,all,14_TAI_NEU_SPA,,SPA
C:\Users\Rafa\Downloads\proyecto-ia-20260212T103152Z-3-001\proyecto-ia\multimodal-emocion\data\audio\raw\ses_sd\14_TAI_SAD_SPA.wav,sadness,ses_sd,sessd_14_TAI,all,14_TAI_SAD_SPA,,SPA
C:\Users\Rafa\Downloads\proyecto-ia-20260212T103152Z-3-001\proyecto-ia\multimodal-emocion\data\audio\raw\ses_sd\14_TSI_ANG_SPA.wav,anger,ses_sd,sessd_14_TSI,all,14_TSI_ANG_SPA,,SPA
C:\Users\Rafa\Downloads\proyecto-ia-20260212T103152Z-3-001\proyecto-ia\multimodal-emocion\data\audio\raw\ses_sd\14_TSI_DIS_SPA.wav,disgust,ses_sd,sessd_14_TSI,all,14_TSI_DIS_SPA,,SPA
C:\Users\Rafa\Downloads\proyecto-ia-20260212T103152Z-3-001\proyecto-ia\multimodal-emocion\data\audio\raw\ses_sd\14_TSI_FEA_SPA.wav,fear,ses_sd,sessd_14_TSI,all,14_TSI_FEA_SPA,,SPA
C:\Users\Rafa\Downloads\proyecto-ia-20260212T103152Z-3-001\proyecto-ia\multimodal-emocion\data\audio\raw\ses_sd\14_TSI_HAP_SPA.wav,joy,ses_sd,sessd_14_TSI,all,14_TSI_HAP_SPA,,SPA
C:\Users\Rafa\Downloads\proyecto-ia-20260212T103152Z-3-001\proyecto-ia\multimodal-emocion\data\audio\raw\ses_sd\14_TSI_NEU_SPA.wav,neutral,ses_sd,sessd_14_TSI,all,14_TSI_NEU_SPA,,SPA
C:\Users\Rafa\Downloads\proyecto-ia-20260212T103152Z-3-001\proyecto-ia\multimodal-emocion\data\audio\raw\ses_sd\14_TSI_SAD_SPA.wav,sadness,ses_sd,sessd_14_TSI,all,14_TSI_SAD_SPA,,SPA
C:\Users\Rafa\Downloads\proyecto-ia-20260212T103152Z-3-001\proyecto-ia\multimodal-emocion\data\audio\raw\ses_sd\15_DFA_ANG_SPA.wav,anger,ses_sd,sessd_15_DFA,all,15_DFA_ANG_SPA,,SPA
C:\Users\Rafa\Downloads\proyecto-ia-20260212T103152Z-3-001\proyecto-ia\multimodal-emocion\data\audio\raw\ses_sd\15_DFA_DIS_SPA.wav,disgust,ses_sd,sessd_15_DFA,all,15_DFA_DIS_SPA,,SPA
C:\Users\Rafa\Downloads\proyecto-ia-20260212T103152Z-3-001\proyecto-ia\multimodal-emocion\data\audio\raw\ses_sd\15_DFA_FEA_SPA.wav,fear,ses_sd,sessd_15_DFA,all,15_DFA_FEA_SPA,,SPA
C:\Users\Rafa\Downloads\proyecto-ia-20260212T103152Z-3-001\proyecto-ia\multimodal-emocion\data\audio\raw\ses_sd\15_DFA_HAP_SPA.wav,joy,ses_sd,sessd_15_DFA,all,15_DFA_HAP_SPA,,SPA
C:\Users\Rafa\Downloads\proyecto-ia-20260212T103152Z-3-001\proyecto-ia\multimodal-emocion\data\audio\raw\ses_sd\15_DFA_NEU_SPA.wav,neutral,ses_sd,sessd_15_DFA,all,15_DFA_NEU_SPA,,SPA
C:\Users\Rafa\Downloads\proyecto-ia-20260212T103152Z-3-001\proyecto-ia\multimodal-emocion\data\audio\raw\ses_sd\15_DFA_SAD_SPA.wav,sadness,ses_sd,sessd_15_DFA,all,15_DFA_SAD_SPA,,SPA
C:\Users\Rafa\Downloads\proyecto-ia-20260212T103152Z-3-001\proyecto-ia\multimodal-emocion\data\audio\raw\ses_sd\15_IEO_ANG_SPA.wav,anger,ses_sd,sessd_15_IEO,all,15_IEO_ANG_SPA,,SPA
C:\Users\Rafa\Downloads\proyecto-ia-20260212T103152Z-3-001\proyecto-ia\multimodal-emocion\data\audio\raw\ses_sd\15_IEO_DIS_SPA.wav,disgust,ses_sd,sessd_15_IEO,all,15_IEO_DIS_SPA,,SPA
C:\Users\Rafa\Downloads\proyecto-ia-20260212T103152Z-3-001\proyecto-ia\multimodal-emocion\data\audio\raw\ses_sd\15_IEO_FEA_SPA.wav,fear,ses_sd,sessd_15_IEO,all,15_IEO_FEA_SPA,,SPA
C:\Users\Rafa\Downloads\proyecto-ia-20260212T103152Z-3-001\proyecto-ia\multimodal-emocion\data\audio\raw\ses_sd\15_IEO_HAP_SPA.wav,joy,ses_sd,sessd_15_IEO,all,15_IEO_HAP_SPA,,SPA
C:\Users\Rafa\Downloads\proyecto-ia-20260212T103152Z-3-001\proyecto-ia\multimodal-emocion\data\audio\raw\ses_sd\15_IEO_NEU_SPA.wav,neutral,ses_sd,sessd_15_IEO,all,15_IEO_NEU_SPA,,SPA
C:\Users\Rafa\Downloads\proyecto-ia-20260212T103152Z-3-001\proyecto-ia\multimodal-emocion\data\audio\raw\ses_sd\15_IEO_SAD_SPA.wav,sadness,ses_sd,sessd_15_IEO,all,15_IEO_SAD_SPA,,SPA
C:\Users\Rafa\Downloads\proyecto-ia-20260212T103152Z-3-001\proyecto-ia\multimodal-emocion\data\audio\raw\ses_sd\15_IWW_ANG_SPA.wav,anger,ses_sd,sessd_15_IWW,all,15_IWW_ANG_SPA,,SPA
C:\Users\Rafa\Downloads\proyecto-ia-20260212T103152Z-3-001\proyecto-ia\multimodal-emocion\data\audio\raw\ses_sd\15_IWW_DIS_SPA.wav,disgust,ses_sd,sessd_15_IWW,all,15_IWW_DIS_SPA,,SPA
C:\Users\Rafa\Downloads\proyecto-ia-20260212T103152Z-3-001\proyecto-ia\multimodal-emocion\data\audio\raw\ses_sd\15_IWW_FEA_SPA.wav,fear,ses_sd,sessd_15_IWW,all,15_IWW_FEA_SPA,,SPA
C:\Users\Rafa\Downloads\proyecto-ia-20260212T103152Z-3-001\proyecto-ia\multimodal-emocion\data\audio\raw\ses_sd\15_IWW_HAP_SPA.wav,joy,ses_sd,sessd_15_IWW,all,15_IWW_HAP_SPA,,SPA
C:\Users\Rafa\Downloads\proyecto-ia-20260212T103152Z-3-001\proyecto-ia\multimodal-emocion\data\audio\raw\ses_sd\15_IWW_NEU_SPA.wav,neutral,ses_sd,sessd_15_IWW,all,15_IWW_NEU_SPA,,SPA
C:\Users\Rafa\Downloads\proyecto-ia-20260212T103152Z-3-001\proyecto-ia\multimodal-emocion\data\audio\raw\ses_sd\15_IWW_SAD_SPA.wav,sadness,ses_sd,sessd_15_IWW,all,15_IWW_SAD_SPA,,SPA
C:\Users\Rafa\Downloads\proyecto-ia-20260212T103152Z-3-001\proyecto-ia\multimodal-emocion\data\audio\raw\ses_sd\15_TAI_ANG_SPA.wav,anger,ses_sd,sessd_15_TAI,all,15_TAI_ANG_SPA,,SPA
C:\Users\Rafa\Downloads\proyecto-ia-20260212T103152Z-3-001\proyecto-ia\multimodal-emocion\data\audio\raw\ses_sd\15_TAI_DIS_SPA.wav,disgust,ses_sd,sessd_15_TAI,all,15_TAI_DIS_SPA,,SPA
C:\Users\Rafa\Downloads\proyecto-ia-20260212T103152Z-3-001\proyecto-ia\multimodal-emocion\data\audio\raw\ses_sd\15_TAI_FEA_SPA.wav,fear,ses_sd,sessd_15_TAI,all,15_TAI_FEA_SPA,,SPA
C:\Users\Rafa\Downloads\proyecto-ia-20260212T103152Z-3-001\proyecto-ia\multimodal-emocion\data\audio\raw\ses_sd\15_TAI_HAP_SPA.wav,joy,ses_sd,sessd_15_TAI,all,15_TAI_HAP_SPA,,SPA
C:\Users\Rafa\Downloads\proyecto-ia-20260212T103152Z-3-001\proyecto-ia\multimodal-emocion\data\audio\raw\ses_sd\15_TAI_NEU_SPA.wav,neutral,ses_sd,sessd_15_TAI,all,15_TAI_NEU_SPA,,SPA
C:\Users\Rafa\Downloads\proyecto-ia-20260212T103152Z-3-001\proyecto-ia\multimodal-emocion\data\audio\raw\ses_sd\15_TAI_SAD_SPA.wav,sadness,ses_sd,sessd_15_TAI,all,15_TAI_SAD_SPA,,SPA
C:\Users\Rafa\Downloads\proyecto-ia-20260212T103152Z-3-001\proyecto-ia\multimodal-emocion\data\audio\raw\ses_sd\15_TSI_ANG_SPA.wav,anger,ses_sd,sessd_15_TSI,all,15_TSI_ANG_SPA,,SPA
C:\Users\Rafa\Downloads\proyecto-ia-20260212T103152Z-3-001\proyecto-ia\multimodal-emocion\data\audio\raw\ses_sd\15_TSI_DIS_SPA.wav,disgust,ses_sd,sessd_15_TSI,all,15_TSI_DIS_SPA,,SPA
C:\Users\Rafa\Downloads\proyecto-ia-20260212T103152Z-3-001\proyecto-ia\multimodal-emocion\data\audio\raw\ses_sd\15_TSI_FEA_SPA.wav,fear,ses_sd,sessd_15_TSI,all,15_TSI_FEA_SPA,,SPA
C:\Users\Rafa\Downloads\proyecto-ia-20260212T103152Z-3-001\proyecto-ia\multimodal-emocion\data\audio\raw\ses_sd\15_TSI_HAP_SPA.wav,joy,ses_sd,sessd_15_TSI,all,15_TSI_HAP_SPA,,SPA
C:\Users\Rafa\Downloads\proyecto-ia-20260212T103152Z-3-001\proyecto-ia\multimodal-emocion\data\audio\raw\ses_sd\15_TSI_NEU_SPA.wav,neutral,ses_sd,sessd_15_TSI,all,15_TSI_NEU_SPA,,SPA
C:\Users\Rafa\Downloads\proyecto-ia-20260212T103152Z-3-001\proyecto-ia\multimodal-emocion\data\audio\raw\ses_sd\15_TSI_SAD_SPA.wav,sadness,ses_sd,sessd_15_TSI,all,15_TSI_SAD_SPA,,SPA
C:\Users\Rafa\Downloads\proyecto-ia-20260212T103152Z-3-001\proyecto-ia\multimodal-emocion\data\audio\raw\ses_sd\16_DFA_ANG_SPA.wav,anger,ses_sd,sessd_16_DFA,all,16_DFA_ANG_SPA,,SPA
C:\Users\Rafa\Downloads\proyecto-ia-20260212T103152Z-3-001\proyecto-ia\multimodal-emocion\data\audio\raw\ses_sd\16_DFA_DIS_SPA.wav,disgust,ses_sd,sessd_16_DFA,all,16_DFA_DIS_SPA,,SPA
C:\Users\Rafa\Downloads\proyecto-ia-20260212T103152Z-3-001\proyecto-ia\multimodal-emocion\data\audio\raw\ses_sd\16_DFA_FEA_SPA.wav,fear,ses_sd,sessd_16_DFA,all,16_DFA_FEA_SPA,,SPA
C:\Users\Rafa\Downloads\proyecto-ia-20260212T103152Z-3-001\proyecto-ia\multimodal-emocion\data\audio\raw\ses_sd\16_DFA_HAP_SPA.wav,joy,ses_sd,sessd_16_DFA,all,16_DFA_HAP_SPA,,SPA
C:\Users\Rafa\Downloads\proyecto-ia-20260212T103152Z-3-001\proyecto-ia\multimodal-emocion\data\audio\raw\ses_sd\16_DFA_NEU_SPA.wav,neutral,ses_sd,sessd_16_DFA,all,16_DFA_NEU_SPA,,SPA
C:\Users\Rafa\Downloads\proyecto-ia-20260212T103152Z-3-001\proyecto-ia\multimodal-emocion\data\audio\raw\ses_sd\16_DFA_SAD_SPA.wav,sadness,ses_sd,sessd_16_DFA,all,16_DFA_SAD_SPA,,SPA
C:\Users\Rafa\Downloads\proyecto-ia-20260212T103152Z-3-001\proyecto-ia\multimodal-emocion\data\audio\raw\ses_sd\16_IEO_ANG_SPA.wav,anger,ses_sd,sessd_16_IEO,all,16_IEO_ANG_SPA,,SPA
C:\Users\Rafa\Downloads\proyecto-ia-20260212T103152Z-3-001\proyecto-ia\multimodal-emocion\data\audio\raw\ses_sd\16_IEO_DIS_SPA.wav,disgust,ses_sd,sessd_16_IEO,all,16_IEO_DIS_SPA,,SPA
C:\Users\Rafa\Downloads\proyecto-ia-20260212T103152Z-3-001\proyecto-ia\multimodal-emocion\data\audio\raw\ses_sd\16_IEO_FEA_SPA.wav,fear,ses_sd,sessd_16_IEO,all,16_IEO_FEA_SPA,,SPA
C:\Users\Rafa\Downloads\proyecto-ia-20260212T103152Z-3-001\proyecto-ia\multimodal-emocion\data\audio\raw\ses_sd\16_IEO_HAP_SPA.wav,joy,ses_sd,sessd_16_IEO,all,16_IEO_HAP_SPA,,SPA
C:\Users\Rafa\Downloads\proyecto-ia-20260212T103152Z-3-001\proyecto-ia\multimodal-emocion\data\audio\raw\ses_sd\16_IEO_NEU_SPA.wav,neutral,ses_sd,sessd_16_IEO,all,16_IEO_NEU_SPA,,SPA
C:\Users\Rafa\Downloads\proyecto-ia-20260212T103152Z-3-001\proyecto-ia\multimodal-emocion\data\audio\raw\ses_sd\16_IEO_SAD_SPA.wav,sadness,ses_sd,sessd_16_IEO,all,16_IEO_SAD_SPA,,SPA
C:\Users\Rafa\Downloads\proyecto-ia-20260212T103152Z-3-001\proyecto-ia\multimodal-emocion\data\audio\raw\ses_sd\16_IWW_ANG_SPA.wav,anger,ses_sd,sessd_16_IWW,all,16_IWW_ANG_SPA,,SPA
C:\Users\Rafa\Downloads\proyecto-ia-20260212T103152Z-3-001\proyecto-ia\multimodal-emocion\data\audio\raw\ses_sd\16_IWW_DIS_SPA.wav,disgust,ses_sd,sessd_16_IWW,all,16_IWW_DIS_SPA,,SPA
C:\Users\Rafa\Downloads\proyecto-ia-20260212T103152Z-3-001\proyecto-ia\multimodal-emocion\data\audio\raw\ses_sd\16_IWW_FEA_SPA.wav,fear,ses_sd,sessd_16_IWW,all,16_IWW_FEA_SPA,,SPA
C:\Users\Rafa\Downloads\proyecto-ia-20260212T103152Z-3-001\proyecto-ia\multimodal-emocion\data\audio\raw\ses_sd\16_IWW_HAP_SPA.wav,joy,ses_sd,sessd_16_IWW,all,16_IWW_HAP_SPA,,SPA
C:\Users\Rafa\Downloads\proyecto-ia-20260212T103152Z-3-001\proyecto-ia\multimodal-emocion\data\audio\raw\ses_sd\16_IWW_NEU_SPA.wav,neutral,ses_sd,sessd_16_IWW,all,16_IWW_NEU_SPA,,SPA
C:\Users\Rafa\Downloads\proyecto-ia-20260212T103152Z-3-001\proyecto-ia\multimodal-emocion\data\audio\raw\ses_sd\16_IWW_SAD_SPA.wav,sadness,ses_sd,sessd_16_IWW,all,16_IWW_SAD_SPA,,SPA
C:\Users\Rafa\Downloads\proyecto-ia-20260212T103152Z-3-001\proyecto-ia\multimodal-emocion\data\audio\raw\ses_sd\16_TAI_ANG_SPA.wav,anger,ses_sd,sessd_16_TAI,all,16_TAI_ANG_SPA,,SPA
C:\Users\Rafa\Downloads\proyecto-ia-20260212T103152Z-3-001\proyecto-ia\multimodal-emocion\data\audio\raw\ses_sd\16_TAI_DIS_SPA.wav,disgust,ses_sd,sessd_16_TAI,all,16_TAI_DIS_SPA,,SPA
C:\Users\Rafa\Downloads\proyecto-ia-20260212T103152Z-3-001\proyecto-ia\multimodal-emocion\data\audio\raw\ses_sd\16_TAI_FEA_SPA.wav,fear,ses_sd,sessd_16_TAI,all,16_TAI_FEA_SPA,,SPA
C:\Users\Rafa\Downloads\proyecto-ia-20260212T103152Z-3-001\proyecto-ia\multimodal-emocion\data\audio\raw\ses_sd\16_TAI_HAP_SPA.wav,joy,ses_sd,sessd_16_TAI,all,16_TAI_HAP_SPA,,SPA
C:\Users\Rafa\Downloads\proyecto-ia-20260212T103152Z-3-001\proyecto-ia\multimodal-emocion\data\audio\raw\ses_sd\16_TAI_NEU_SPA.wav,neutral,ses_sd,sessd_16_TAI,all,16_TAI_NEU_SPA,,SPA
C:\Users\Rafa\Downloads\proyecto-ia-20260212T103152Z-3-001\proyecto-ia\multimodal-emocion\data\audio\raw\ses_sd\16_TAI_SAD_SPA.wav,sadness,ses_sd,sessd_16_TAI,all,16_TAI_SAD_SPA,,SPA
C:\Users\Rafa\Downloads\proyecto-ia-20260212T103152Z-3-001\proyecto-ia\multimodal-emocion\data\audio\raw\ses_sd\16_TSI_ANG_SPA.wav,anger,ses_sd,sessd_16_TSI,all,16_TSI_ANG_SPA,,SPA
C:\Users\Rafa\Downloads\proyecto-ia-20260212T103152Z-3-001\proyecto-ia\multimodal-emocion\data\audio\raw\ses_sd\16_TSI_DIS_SPA.wav,disgust,ses_sd,sessd_16_TSI,all,16_TSI_DIS_SPA,,SPA
C:\Users\Rafa\Downloads\proyecto-ia-20260212T103152Z-3-001\proyecto-ia\multimodal-emocion\data\audio\raw\ses_sd\16_TSI_FEA_SPA.wav,fear,ses_sd,sessd_16_TSI,all,16_TSI_FEA_SPA,,SPA
C:\Users\Rafa\Downloads\proyecto-ia-20260212T103152Z-3-001\proyecto-ia\multimodal-emocion\data\audio\raw\ses_sd\16_TSI_HAP_SPA.wav,joy,ses_sd,sessd_16_TSI,all,16_TSI_HAP_SPA,,SPA
C:\Users\Rafa\Downloads\proyecto-ia-20260212T103152Z-3-001\proyecto-ia\multimodal-emocion\data\audio\raw\ses_sd\16_TSI_NEU_SPA.wav,neutral,ses_sd,sessd_16_TSI,all,16_TSI_NEU_SPA,,SPA
C:\Users\Rafa\Downloads\proyecto-ia-20260212T103152Z-3-001\proyecto-ia\multimodal-emocion\data\audio\raw\ses_sd\16_TSI_SAD_SPA.wav,sadness,ses_sd,sessd_16_TSI,all,16_TSI_SAD_SPA,,SPA
C:\Users\Rafa\Downloads\proyecto-ia-20260212T103152Z-3-001\proyecto-ia\multimodal-emocion\data\audio\raw\ses_sd\17_DFA_ANG_SPA.wav,anger,ses_sd,sessd_17_DFA,all,17_DFA_ANG_SPA,,SPA
C:\Users\Rafa\Downloads\proyecto-ia-20260212T103152Z-3-001\proyecto-ia\multimodal-emocion\data\audio\raw\ses_sd\17_DFA_DIS_SPA.wav,disgust,ses_sd,sessd_17_DFA,all,17_DFA_DIS_SPA,,SPA
C:\Users\Rafa\Downloads\proyecto-ia-20260212T103152Z-3-001\proyecto-ia\multimodal-emocion\data\audio\raw\ses_sd\17_DFA_FEA_SPA.wav,fear,ses_sd,sessd_17_DFA,all,17_DFA_FEA_SPA,,SPA
C:\Users\Rafa\Downloads\proyecto-ia-20260212T103152Z-3-001\proyecto-ia\multimodal-emocion\data\audio\raw\ses_sd\17_DFA_HAP_SPA.wav,joy,ses_sd,sessd_17_DFA,all,17_DFA_HAP_SPA,,SPA
C:\Users\Rafa\Downloads\proyecto-ia-20260212T103152Z-3-001\proyecto-ia\multimodal-emocion\data\audio\raw\ses_sd\17_DFA_NEU_SPA.wav,neutral,ses_sd,sessd_17_DFA,all,17_DFA_NEU_SPA,,SPA
C:\Users\Rafa\Downloads\proyecto-ia-20260212T103152Z-3-001\proyecto-ia\multimodal-emocion\data\audio\raw\ses_sd\17_DFA_SAD_SPA.wav,sadness,ses_sd,sessd_17_DFA,all,17_DFA_SAD_SPA,,SPA
C:\Users\Rafa\Downloads\proyecto-ia-20260212T103152Z-3-001\proyecto-ia\multimodal-emocion\data\audio\raw\ses_sd\17_IEO_ANG_SPA.wav,anger,ses_sd,sessd_17_IEO,all,17_IEO_ANG_SPA,,SPA
C:\Users\Rafa\Downloads\proyecto-ia-20260212T103152Z-3-001\proyecto-ia\multimodal-emocion\data\audio\raw\ses_sd\17_IEO_DIS_SPA.wav,disgust,ses_sd,sessd_17_IEO,all,17_IEO_DIS_SPA,,SPA
C:\Users\Rafa\Downloads\proyecto-ia-20260212T103152Z-3-001\proyecto-ia\multimodal-emocion\data\audio\raw\ses_sd\17_IEO_FEA_SPA.wav,fear,ses_sd,sessd_17_IEO,all,17_IEO_FEA_SPA,,SPA
C:\Users\Rafa\Downloads\proyecto-ia-20260212T103152Z-3-001\proyecto-ia\multimodal-emocion\data\audio\raw\ses_sd\17_IEO_HAP_SPA.wav,joy,ses_sd,sessd_17_IEO,all,17_IEO_HAP_SPA,,SPA
C:\Users\Rafa\Downloads\proyecto-ia-20260212T103152Z-3-001\proyecto-ia\multimodal-emocion\data\audio\raw\ses_sd\17_IEO_NEU_SPA.wav,neutral,ses_sd,sessd_17_IEO,all,17_IEO_NEU_SPA,,SPA
C:\Users\Rafa\Downloads\proyecto-ia-20260212T103152Z-3-001\proyecto-ia\multimodal-emocion\data\audio\raw\ses_sd\17_IEO_SAD_SPA.wav,sadness,ses_sd,sessd_17_IEO,all,17_IEO_SAD_SPA,,SPA
C:\Users\Rafa\Downloads\proyecto-ia-20260212T103152Z-3-001\proyecto-ia\multimodal-emocion\data\audio\raw\ses_sd\17_IWW_ANG_SPA.wav,anger,ses_sd,sessd_17_IWW,all,17_IWW_ANG_SPA,,SPA
C:\Users\Rafa\Downloads\proyecto-ia-20260212T103152Z-3-001\proyecto-ia\multimodal-emocion\data\audio\raw\ses_sd\17_IWW_DIS_SPA.wav,disgust,ses_sd,sessd_17_IWW,all,17_IWW_DIS_SPA,,SPA
C:\Users\Rafa\Downloads\proyecto-ia-20260212T103152Z-3-001\proyecto-ia\multimodal-emocion\data\audio\raw\ses_sd\17_IWW_FEA_SPA.wav,fear,ses_sd,sessd_17_IWW,all,17_IWW_FEA_SPA,,SPA
C:\Users\Rafa\Downloads\proyecto-ia-20260212T103152Z-3-001\proyecto-ia\multimodal-emocion\data\audio\raw\ses_sd\17_IWW_HAP_SPA.wav,joy,ses_sd,sessd_17_IWW,all,17_IWW_HAP_SPA,,SPA
C:\Users\Rafa\Downloads\proyecto-ia-20260212T103152Z-3-001\proyecto-ia\multimodal-emocion\data\audio\raw\ses_sd\17_IWW_NEU_SPA.wav,neutral,ses_sd,sessd_17_IWW,all,17_IWW_NEU_SPA,,SPA
C:\Users\Rafa\Downloads\proyecto-ia-20260212T103152Z-3-001\proyecto-ia\multimodal-emocion\data\audio\raw\ses_sd\17_IWW_SAD_SPA.wav,sadness,ses_sd,sessd_17_IWW,all,17_IWW_SAD_SPA,,SPA
C:\Users\Rafa\Downloads\proyecto-ia-20260212T103152Z-3-001\proyecto-ia\multimodal-emocion\data\audio\raw\ses_sd\17_TAI_ANG_SPA.wav,anger,ses_sd,sessd_17_TAI,all,17_TAI_ANG_SPA,,SPA
C:\Users\Rafa\Downloads\proyecto-ia-20260212T103152Z-3-001\proyecto-ia\multimodal-emocion\data\audio\raw\ses_sd\17_TAI_DIS_SPA.wav,disgust,ses_sd,sessd_17_TAI,all,17_TAI_DIS_SPA,,SPA
C:\Users\Rafa\Downloads\proyecto-ia-20260212T103152Z-3-001\proyecto-ia\multimodal-emocion\data\audio\raw\ses_sd\17_TAI_FEA_SPA.wav,fear,ses_sd,sessd_17_TAI,all,17_TAI_FEA_SPA,,SPA
C:\Users\Rafa\Downloads\proyecto-ia-20260212T103152Z-3-001\proyecto-ia\multimodal-emocion\data\audio\raw\ses_sd\17_TAI_HAP_SPA.wav,joy,ses_sd,sessd_17_TAI,all,17_TAI_HAP_SPA,,SPA
C:\Users\Rafa\Downloads\proyecto-ia-20260212T103152Z-3-001\proyecto-ia\multimodal-emocion\data\audio\raw\ses_sd\17_TAI_NEU_SPA.wav,neutral,ses_sd,sessd_17_TAI,all,17_TAI_NEU_SPA,,SPA
C:\Users\Rafa\Downloads\proyecto-ia-20260212T103152Z-3-001\proyecto-ia\multimodal-emocion\data\audio\raw\ses_sd\17_TAI_SAD_SPA.wav,sadness,ses_sd,sessd_17_TAI,all,17_TAI_SAD_SPA,,SPA
C:\Users\Rafa\Downloads\proyecto-ia-20260212T103152Z-3-001\proyecto-ia\multimodal-emocion\data\audio\raw\ses_sd\17_TSI_ANG_SPA.wav,anger,ses_sd,sessd_17_TSI,all,17_TSI_ANG_SPA,,SPA
C:\Users\Rafa\Downloads\proyecto-ia-20260212T103152Z-3-001\proyecto-ia\multimodal-emocion\data\audio\raw\ses_sd\17_TSI_DIS_SPA.wav,disgust,ses_sd,sessd_17_TSI,all,17_TSI_DIS_SPA,,SPA
C:\Users\Rafa\Downloads\proyecto-ia-20260212T103152Z-3-001\proyecto-ia\multimodal-emocion\data\audio\raw\ses_sd\17_TSI_FEA_SPA.wav,fear,ses_sd,sessd_17_TSI,all,17_TSI_FEA_SPA,,SPA
C:\Users\Rafa\Downloads\proyecto-ia-20260212T103152Z-3-001\proyecto-ia\multimodal-emocion\data\audio\raw\ses_sd\17_TSI_HAP_SPA.wav,joy,ses_sd,sessd_17_TSI,all,17_TSI_HAP_SPA,,SPA
C:\Users\Rafa\Downloads\proyecto-ia-20260212T103152Z-3-001\proyecto-ia\multimodal-emocion\data\audio\raw\ses_sd\17_TSI_NEU_SPA.wav,neutral,ses_sd,sessd_17_TSI,all,17_TSI_NEU_SPA,,SPA
C:\Users\Rafa\Downloads\proyecto-ia-20260212T103152Z-3-001\proyecto-ia\multimodal-emocion\data\audio\raw\ses_sd\17_TSI_SAD_SPA.wav,sadness,ses_sd,sessd_17_TSI,all,17_TSI_SAD_SPA,,SPA
C:\Users\Rafa\Downloads\proyecto-ia-20260212T103152Z-3-001\proyecto-ia\multimodal-emocion\data\audio\raw\ses_sd\18_DFA_ANG_SPA.wav,anger,ses_sd,sessd_18_DFA,all,18_DFA_ANG_SPA,,SPA
C:\Users\Rafa\Downloads\proyecto-ia-20260212T103152Z-3-001\proyecto-ia\multimodal-emocion\data\audio\raw\ses_sd\18_DFA_DIS_SPA.wav,disgust,ses_sd,sessd_18_DFA,all,18_DFA_DIS_SPA,,SPA
C:\Users\Rafa\Downloads\proyecto-ia-20260212T103152Z-3-001\proyecto-ia\multimodal-emocion\data\audio\raw\ses_sd\18_DFA_FEA_SPA.wav,fear,ses_sd,sessd_18_DFA,all,18_DFA_FEA_SPA,,SPA
C:\Users\Rafa\Downloads\proyecto-ia-20260212T103152Z-3-001\proyecto-ia\multimodal-emocion\data\audio\raw\ses_sd\18_DFA_HAP_SPA.wav,joy,ses_sd,sessd_18_DFA,all,18_DFA_HAP_SPA,,SPA
C:\Users\Rafa\Downloads\proyecto-ia-20260212T103152Z-3-001\proyecto-ia\multimodal-emocion\data\audio\raw\ses_sd\18_DFA_NEU_SPA.wav,neutral,ses_sd,sessd_18_DFA,all,18_DFA_NEU_SPA,,SPA
C:\Users\Rafa\Downloads\proyecto-ia-20260212T103152Z-3-001\proyecto-ia\multimodal-emocion\data\audio\raw\ses_sd\18_DFA_SAD_SPA.wav,sadness,ses_sd,sessd_18_DFA,all,18_DFA_SAD_SPA,,SPA
C:\Users\Rafa\Downloads\proyecto-ia-20260212T103152Z-3-001\proyecto-ia\multimodal-emocion\data\audio\raw\ses_sd\18_IEO_ANG_SPA.wav,anger,ses_sd,sessd_18_IEO,all,18_IEO_ANG_SPA,,SPA
C:\Users\Rafa\Downloads\proyecto-ia-20260212T103152Z-3-001\proyecto-ia\multimodal-emocion\data\audio\raw\ses_sd\18_IEO_DIS_SPA.wav,disgust,ses_sd,sessd_18_IEO,all,18_IEO_DIS_SPA,,SPA
C:\Users\Rafa\Downloads\proyecto-ia-20260212T103152Z-3-001\proyecto-ia\multimodal-emocion\data\audio\raw\ses_sd\18_IEO_FEA_SPA.wav,fear,ses_sd,sessd_18_IEO,all,18_IEO_FEA_SPA,,SPA
C:\Users\Rafa\Downloads\proyecto-ia-20260212T103152Z-3-001\proyecto-ia\multimodal-emocion\data\audio\raw\ses_sd\18_IEO_HAP_SPA.wav,joy,ses_sd,sessd_18_IEO,all,18_IEO_HAP_SPA,,SPA
C:\Users\Rafa\Downloads\proyecto-ia-20260212T103152Z-3-001\proyecto-ia\multimodal-emocion\data\audio\raw\ses_sd\18_IEO_NEU_SPA.wav,neutral,ses_sd,sessd_18_IEO,all,18_IEO_NEU_SPA,,SPA
C:\Users\Rafa\Downloads\proyecto-ia-20260212T103152Z-3-001\proyecto-ia\multimodal-emocion\data\audio\raw\ses_sd\18_IEO_SAD_SPA.wav,sadness,ses_sd,sessd_18_IEO,all,18_IEO_SAD_SPA,,SPA
C:\Users\Rafa\Downloads\proyecto-ia-20260212T103152Z-3-001\proyecto-ia\multimodal-emocion\data\audio\raw\ses_sd\18_IWW_ANG_SPA.wav,anger,ses_sd,sessd_18_IWW,all,18_IWW_ANG_SPA,,SPA
C:\Users\Rafa\Downloads\proyecto-ia-20260212T103152Z-3-001\proyecto-ia\multimodal-emocion\data\audio\raw\ses_sd\18_IWW_DIS_SPA.wav,disgust,ses_sd,sessd_18_IWW,all,18_IWW_DIS_SPA,,SPA
C:\Users\Rafa\Downloads\proyecto-ia-20260212T103152Z-3-001\proyecto-ia\multimodal-emocion\data\audio\raw\ses_sd\18_IWW_FEA_SPA.wav,fear,ses_sd,sessd_18_IWW,all,18_IWW_FEA_SPA,,SPA
C:\Users\Rafa\Downloads\proyecto-ia-20260212T103152Z-3-001\proyecto-ia\multimodal-emocion\data\audio\raw\ses_sd\18_IWW_HAP_SPA.wav,joy,ses_sd,sessd_18_IWW,all,18_IWW_HAP_SPA,,SPA
C:\Users\Rafa\Downloads\proyecto-ia-20260212T103152Z-3-001\proyecto-ia\multimodal-emocion\data\audio\raw\ses_sd\18_IWW_NEU_SPA.wav,neutral,ses_sd,sessd_18_IWW,all,18_IWW_NEU_SPA,,SPA
C:\Users\Rafa\Downloads\proyecto-ia-20260212T103152Z-3-001\proyecto-ia\multimodal-emocion\data\audio\raw\ses_sd\18_IWW_SAD_SPA.wav,sadness,ses_sd,sessd_18_IWW,all,18_IWW_SAD_SPA,,SPA
C:\Users\Rafa\Downloads\proyecto-ia-20260212T103152Z-3-001\proyecto-ia\multimodal-emocion\data\audio\raw\ses_sd\18_TAI_ANG_SPA.wav,anger,ses_sd,sessd_18_TAI,all,18_TAI_ANG_SPA,,SPA
C:\Users\Rafa\Downloads\proyecto-ia-20260212T103152Z-3-001\proyecto-ia\multimodal-emocion\data\audio\raw\ses_sd\18_TAI_DIS_SPA.wav,disgust,ses_sd,sessd_18_TAI,all,18_TAI_DIS_SPA,,SPA
C:\Users\Rafa\Downloads\proyecto-ia-20260212T103152Z-3-001\proyecto-ia\multimodal-emocion\data\audio\raw\ses_sd\18_TAI_FEA_SPA.wav,fear,ses_sd,sessd_18_TAI,all,18_TAI_FEA_SPA,,SPA
C:\Users\Rafa\Downloads\proyecto-ia-20260212T103152Z-3-001\proyecto-ia\multimodal-emocion\data\audio\raw\ses_sd\18_TAI_HAP_SPA.wav,joy,ses_sd,sessd_18_TAI,all,18_TAI_HAP_SPA,,SPA
C:\Users\Rafa\Downloads\proyecto-ia-20260212T103152Z-3-001\proyecto-ia\multimodal-emocion\data\audio\raw\ses_sd\18_TAI_NEU_SPA.wav,neutral,ses_sd,sessd_18_TAI,all,18_TAI_NEU_SPA,,SPA
C:\Users\Rafa\Downloads\proyecto-ia-20260212T103152Z-3-001\proyecto-ia\multimodal-emocion\data\audio\raw\ses_sd\18_TAI_SAD_SPA.wav,sadness,ses_sd,sessd_18_TAI,all,18_TAI_SAD_SPA,,SPA
C:\Users\Rafa\Downloads\proyecto-ia-20260212T103152Z-3-001\proyecto-ia\multimodal-emocion\data\audio\raw\ses_sd\18_TSI_ANG_SPA.wav,anger,ses_sd,sessd_18_TSI,all,18_TSI_ANG_SPA,,SPA
C:\Users\Rafa\Downloads\proyecto-ia-20260212T103152Z-3-001\proyecto-ia\multimodal-emocion\data\audio\raw\ses_sd\18_TSI_DIS_SPA.wav,disgust,ses_sd,sessd_18_TSI,all,18_TSI_DIS_SPA,,SPA
C:\Users\Rafa\Downloads\proyecto-ia-20260212T103152Z-3-001\proyecto-ia\multimodal-emocion\data\audio\raw\ses_sd\18_TSI_FEA_SPA.wav,fear,ses_sd,sessd_18_TSI,all,18_TSI_FEA_SPA,,SPA
C:\Users\Rafa\Downloads\proyecto-ia-20260212T103152Z-3-001\proyecto-ia\multimodal-emocion\data\audio\raw\ses_sd\18_TSI_HAP_SPA.wav,joy,ses_sd,sessd_18_TSI,all,18_TSI_HAP_SPA,,SPA
C:\Users\Rafa\Downloads\proyecto-ia-20260212T103152Z-3-001\proyecto-ia\multimodal-emocion\data\audio\raw\ses_sd\18_TSI_NEU_SPA.wav,neutral,ses_sd,sessd_18_TSI,all,18_TSI_NEU_SPA,,SPA
C:\Users\Rafa\Downloads\proyecto-ia-20260212T103152Z-3-001\proyecto-ia\multimodal-emocion\data\audio\raw\ses_sd\18_TSI_SAD_SPA.wav,sadness,ses_sd,sessd_18_TSI,all,18_TSI_SAD_SPA,,SPA
C:\Users\Rafa\Downloads\proyecto-ia-20260212T103152Z-3-001\proyecto-ia\multimodal-emocion\data\audio\raw\ses_sd\19_DFA_ANG_SPA.wav,anger,ses_sd,sessd_19_DFA,all,19_DFA_ANG_SPA,,SPA
C:\Users\Rafa\Downloads\proyecto-ia-20260212T103152Z-3-001\proyecto-ia\multimodal-emocion\data\audio\raw\ses_sd\19_DFA_DIS_SPA.wav,disgust,ses_sd,sessd_19_DFA,all,19_DFA_DIS_SPA,,SPA
C:\Users\Rafa\Downloads\proyecto-ia-20260212T103152Z-3-001\proyecto-ia\multimodal-emocion\data\audio\raw\ses_sd\19_DFA_FEA_SPA.wav,fear,ses_sd,sessd_19_DFA,all,19_DFA_FEA_SPA,,SPA
C:\Users\Rafa\Downloads\proyecto-ia-20260212T103152Z-3-001\proyecto-ia\multimodal-emocion\data\audio\raw\ses_sd\19_DFA_HAP_SPA.wav,joy,ses_sd,sessd_19_DFA,all,19_DFA_HAP_SPA,,SPA
C:\Users\Rafa\Downloads\proyecto-ia-20260212T103152Z-3-001\proyecto-ia\multimodal-emocion\data\audio\raw\ses_sd\19_DFA_NEU_SPA.wav,neutral,ses_sd,sessd_19_DFA,all,19_DFA_NEU_SPA,,SPA
C:\Users\Rafa\Downloads\proyecto-ia-20260212T103152Z-3-001\proyecto-ia\multimodal-emocion\data\audio\raw\ses_sd\19_DFA_SAD_SPA.wav,sadness,ses_sd,sessd_19_DFA,all,19_DFA_SAD_SPA,,SPA
C:\Users\Rafa\Downloads\proyecto-ia-20260212T103152Z-3-001\proyecto-ia\multimodal-emocion\data\audio\raw\ses_sd\19_IEO_ANG_SPA.wav,anger,ses_sd,sessd_19_IEO,all,19_IEO_ANG_SPA,,SPA
C:\Users\Rafa\Downloads\proyecto-ia-20260212T103152Z-3-001\proyecto-ia\multimodal-emocion\data\audio\raw\ses_sd\19_IEO_DIS_SPA.wav,disgust,ses_sd,sessd_19_IEO,all,19_IEO_DIS_SPA,,SPA
C:\Users\Rafa\Downloads\proyecto-ia-20260212T103152Z-3-001\proyecto-ia\multimodal-emocion\data\audio\raw\ses_sd\19_IEO_FEA_SPA.wav,fear,ses_sd,sessd_19_IEO,all,19_IEO_FEA_SPA,,SPA
C:\Users\Rafa\Downloads\proyecto-ia-20260212T103152Z-3-001\proyecto-ia\multimodal-emocion\data\audio\raw\ses_sd\19_IEO_HAP_SPA.wav,joy,ses_sd,sessd_19_IEO,all,19_IEO_HAP_SPA,,SPA
C:\Users\Rafa\Downloads\proyecto-ia-20260212T103152Z-3-001\proyecto-ia\multimodal-emocion\data\audio\raw\ses_sd\19_IEO_NEU_SPA.wav,neutral,ses_sd,sessd_19_IEO,all,19_IEO_NEU_SPA,,SPA
C:\Users\Rafa\Downloads\proyecto-ia-20260212T103152Z-3-001\proyecto-ia\multimodal-emocion\data\audio\raw\ses_sd\19_IEO_SAD_SPA.wav,sadness,ses_sd,sessd_19_IEO,all,19_IEO_SAD_SPA,,SPA
C:\Users\Rafa\Downloads\proyecto-ia-20260212T103152Z-3-001\proyecto-ia\multimodal-emocion\data\audio\raw\ses_sd\19_IWW_ANG_SPA.wav,anger,ses_sd,sessd_19_IWW,all,19_IWW_ANG_SPA,,SPA
C:\Users\Rafa\Downloads\proyecto-ia-20260212T103152Z-3-001\proyecto-ia\multimodal-emocion\data\audio\raw\ses_sd\19_IWW_DIS_SPA.wav,disgust,ses_sd,sessd_19_IWW,all,19_IWW_DIS_SPA,,SPA
C:\Users\Rafa\Downloads\proyecto-ia-20260212T103152Z-3-001\proyecto-ia\multimodal-emocion\data\audio\raw\ses_sd\19_IWW_FEA_SPA.wav,fear,ses_sd,sessd_19_IWW,all,19_IWW_FEA_SPA,,SPA
C:\Users\Rafa\Downloads\proyecto-ia-20260212T103152Z-3-001\proyecto-ia\multimodal-emocion\data\audio\raw\ses_sd\19_IWW_HAP_SPA.wav,joy,ses_sd,sessd_19_IWW,all,19_IWW_HAP_SPA,,SPA
C:\Users\Rafa\Downloads\proyecto-ia-20260212T103152Z-3-001\proyecto-ia\multimodal-emocion\data\audio\raw\ses_sd\19_IWW_NEU_SPA.wav,neutral,ses_sd,sessd_19_IWW,all,19_IWW_NEU_SPA,,SPA
C:\Users\Rafa\Downloads\proyecto-ia-20260212T103152Z-3-001\proyecto-ia\multimodal-emocion\data\audio\raw\ses_sd\19_IWW_SAD_SPA.wav,sadness,ses_sd,sessd_19_IWW,all,19_IWW_SAD_SPA,,SPA
C:\Users\Rafa\Downloads\proyecto-ia-20260212T103152Z-3-001\proyecto-ia\multimodal-emocion\data\audio\raw\ses_sd\19_TAI_ANG_SPA.wav,anger,ses_sd,sessd_19_TAI,all,19_TAI_ANG_SPA,,SPA
C:\Users\Rafa\Downloads\proyecto-ia-20260212T103152Z-3-001\proyecto-ia\multimodal-emocion\data\audio\raw\ses_sd\19_TAI_DIS_SPA.wav,disgust,ses_sd,sessd_19_TAI,all,19_TAI_DIS_SPA,,SPA
C:\Users\Rafa\Downloads\proyecto-ia-20260212T103152Z-3-001\proyecto-ia\multimodal-emocion\data\audio\raw\ses_sd\19_TAI_FEA_SPA.wav,fear,ses_sd,sessd_19_TAI,all,19_TAI_FEA_SPA,,SPA
C:\Users\Rafa\Downloads\proyecto-ia-20260212T103152Z-3-001\proyecto-ia\multimodal-emocion\data\audio\raw\ses_sd\19_TAI_HAP_SPA.wav,joy,ses_sd,sessd_19_TAI,all,19_TAI_HAP_SPA,,SPA
C:\Users\Rafa\Downloads\proyecto-ia-20260212T103152Z-3-001\proyecto-ia\multimodal-emocion\data\audio\raw\ses_sd\19_TAI_NEU_SPA.wav,neutral,ses_sd,sessd_19_TAI,all,19_TAI_NEU_SPA,,SPA
C:\Users\Rafa\Downloads\proyecto-ia-20260212T103152Z-3-001\proyecto-ia\multimodal-emocion\data\audio\raw\ses_sd\19_TAI_SAD_SPA.wav,sadness,ses_sd,sessd_19_TAI,all,19_TAI_SAD_SPA,,SPA
C:\Users\Rafa\Downloads\proyecto-ia-20260212T103152Z-3-001\proyecto-ia\multimodal-emocion\data\audio\raw\ses_sd\19_TSI_ANG_SPA.wav,anger,ses_sd,sessd_19_TSI,all,19_TSI_ANG_SPA,,SPA
C:\Users\Rafa\Downloads\proyecto-ia-20260212T103152Z-3-001\proyecto-ia\multimodal-emocion\data\audio\raw\ses_sd\19_TSI_DIS_SPA.wav,disgust,ses_sd,sessd_19_TSI,all,19_TSI_DIS_SPA,,SPA
C:\Users\Rafa\Downloads\proyecto-ia-20260212T103152Z-3-001\proyecto-ia\multimodal-emocion\data\audio\raw\ses_sd\19_TSI_FEA_SPA.wav,fear,ses_sd,sessd_19_TSI,all,19_TSI_FEA_SPA,,SPA
C:\Users\Rafa\Downloads\proyecto-ia-20260212T103152Z-3-001\proyecto-ia\multimodal-emocion\data\audio\raw\ses_sd\19_TSI_HAP_SPA.wav,joy,ses_sd,sessd_19_TSI,all,19_TSI_HAP_SPA,,SPA
C:\Users\Rafa\Downloads\proyecto-ia-20260212T103152Z-3-001\proyecto-ia\multimodal-emocion\data\audio\raw\ses_sd\19_TSI_NEU_SPA.wav,neutral,ses_sd,sessd_19_TSI,all,19_TSI_NEU_SPA,,SPA
C:\Users\Rafa\Downloads\proyecto-ia-20260212T103152Z-3-001\proyecto-ia\multimodal-emocion\data\audio\raw\ses_sd\19_TSI_SAD_SPA.wav,sadness,ses_sd,sessd_19_TSI,all,19_TSI_SAD_SPA,,SPA
C:\Users\Rafa\Downloads\proyecto-ia-20260212T103152Z-3-001\proyecto-ia\multimodal-emocion\data\audio\raw\ses_sd\1_DFA_ANG_SPA.wav,anger,ses_sd,sessd_1_DFA,all,1_DFA_ANG_SPA,,SPA
C:\Users\Rafa\Downloads\proyecto-ia-20260212T103152Z-3-001\proyecto-ia\multimodal-emocion\data\audio\raw\ses_sd\1_DFA_DIS_SPA.wav,disgust,ses_sd,sessd_1_DFA,all,1_DFA_DIS_SPA,,SPA
C:\Users\Rafa\Downloads\proyecto-ia-20260212T103152Z-3-001\proyecto-ia\multimodal-emocion\data\audio\raw\ses_sd\1_DFA_FEA_SPA.wav,fear,ses_sd,sessd_1_DFA,all,1_DFA_FEA_SPA,,SPA
C:\Users\Rafa\Downloads\proyecto-ia-20260212T103152Z-3-001\proyecto-ia\multimodal-emocion\data\audio\raw\ses_sd\1_DFA_HAP_SPA.wav,joy,ses_sd,sessd_1_DFA,all,1_DFA_HAP_SPA,,SPA
C:\Users\Rafa\Downloads\proyecto-ia-20260212T103152Z-3-001\proyecto-ia\multimodal-emocion\data\audio\raw\ses_sd\1_DFA_NEU_SPA.wav,neutral,ses_sd,sessd_1_DFA,all,1_DFA_NEU_SPA,,SPA
C:\Users\Rafa\Downloads\proyecto-ia-20260212T103152Z-3-001\proyecto-ia\multimodal-emocion\data\audio\raw\ses_sd\1_DFA_SAD_SPA.wav,sadness,ses_sd,sessd_1_DFA,all,1_DFA_SAD_SPA,,SPA
C:\Users\Rafa\Downloads\proyecto-ia-20260212T103152Z-3-001\proyecto-ia\multimodal-emocion\data\audio\raw\ses_sd\1_IEO_ANG_SPA.wav,anger,ses_sd,sessd_1_IEO,all,1_IEO_ANG_SPA,,SPA
C:\Users\Rafa\Downloads\proyecto-ia-20260212T103152Z-3-001\proyecto-ia\multimodal-emocion\data\audio\raw\ses_sd\1_IEO_DIS_SPA.wav,disgust,ses_sd,sessd_1_IEO,all,1_IEO_DIS_SPA,,SPA
C:\Users\Rafa\Downloads\proyecto-ia-20260212T103152Z-3-001\proyecto-ia\multimodal-emocion\data\audio\raw\ses_sd\1_IEO_FEA_SPA.wav,fear,ses_sd,sessd_1_IEO,all,1_IEO_FEA_SPA,,SPA
C:\Users\Rafa\Downloads\proyecto-ia-20260212T103152Z-3-001\proyecto-ia\multimodal-emocion\data\audio\raw\ses_sd\1_IEO_HAP_SPA.wav,joy,ses_sd,sessd_1_IEO,all,1_IEO_HAP_SPA,,SPA
C:\Users\Rafa\Downloads\proyecto-ia-20260212T103152Z-3-001\proyecto-ia\multimodal-emocion\data\audio\raw\ses_sd\1_IEO_NEU_SPA.wav,neutral,ses_sd,sessd_1_IEO,all,1_IEO_NEU_SPA,,SPA
C:\Users\Rafa\Downloads\proyecto-ia-20260212T103152Z-3-001\proyecto-ia\multimodal-emocion\data\audio\raw\ses_sd\1_IEO_SAD_SPA.wav,sadness,ses_sd,sessd_1_IEO,all,1_IEO_SAD_SPA,,SPA
C:\Users\Rafa\Downloads\proyecto-ia-20260212T103152Z-3-001\proyecto-ia\multimodal-emocion\data\audio\raw\ses_sd\1_IWW_ANG_SPA.wav,anger,ses_sd,sessd_1_IWW,all,1_IWW_ANG_SPA,,SPA
C:\Users\Rafa\Downloads\proyecto-ia-20260212T103152Z-3-001\proyecto-ia\multimodal-emocion\data\audio\raw\ses_sd\1_IWW_DIS_SPA.wav,disgust,ses_sd,sessd_1_IWW,all,1_IWW_DIS_SPA,,SPA
C:\Users\Rafa\Downloads\proyecto-ia-20260212T103152Z-3-001\proyecto-ia\multimodal-emocion\data\audio\raw\ses_sd\1_IWW_FEA_SPA.wav,fear,ses_sd,sessd_1_IWW,all,1_IWW_FEA_SPA,,SPA
C:\Users\Rafa\Downloads\proyecto-ia-20260212T103152Z-3-001\proyecto-ia\multimodal-emocion\data\audio\raw\ses_sd\1_IWW_HAP_SPA.wav,joy,ses_sd,sessd_1_IWW,all,1_IWW_HAP_SPA,,SPA
C:\Users\Rafa\Downloads\proyecto-ia-20260212T103152Z-3-001\proyecto-ia\multimodal-emocion\data\audio\raw\ses_sd\1_IWW_NEU_SPA.wav,neutral,ses_sd,sessd_1_IWW,all,1_IWW_NEU_SPA,,SPA
C:\Users\Rafa\Downloads\proyecto-ia-20260212T103152Z-3-001\proyecto-ia\multimodal-emocion\data\audio\raw\ses_sd\1_IWW_SAD_SPA.wav,sadness,ses_sd,sessd_1_IWW,all,1_IWW_SAD_SPA,,SPA
C:\Users\Rafa\Downloads\proyecto-ia-20260212T103152Z-3-001\proyecto-ia\multimodal-emocion\data\audio\raw\ses_sd\1_TAI_ANG_SPA.wav,anger,ses_sd,sessd_1_TAI,all,1_TAI_ANG_SPA,,SPA
C:\Users\Rafa\Downloads\proyecto-ia-20260212T103152Z-3-001\proyecto-ia\multimodal-emocion\data\audio\raw\ses_sd\1_TAI_DIS_SPA.wav,disgust,ses_sd,sessd_1_TAI,all,1_TAI_DIS_SPA,,SPA
C:\Users\Rafa\Downloads\proyecto-ia-20260212T103152Z-3-001\proyecto-ia\multimodal-emocion\data\audio\raw\ses_sd\1_TAI_FEA_SPA.wav,fear,ses_sd,sessd_1_TAI,all,1_TAI_FEA_SPA,,SPA
C:\Users\Rafa\Downloads\proyecto-ia-20260212T103152Z-3-001\proyecto-ia\multimodal-emocion\data\audio\raw\ses_sd\1_TAI_HAP_SPA.wav,joy,ses_sd,sessd_1_TAI,all,1_TAI_HAP_SPA,,SPA
C:\Users\Rafa\Downloads\proyecto-ia-20260212T103152Z-3-001\proyecto-ia\multimodal-emocion\data\audio\raw\ses_sd\1_TAI_NEU_SPA.wav,neutral,ses_sd,sessd_1_TAI,all,1_TAI_NEU_SPA,,SPA
C:\Users\Rafa\Downloads\proyecto-ia-20260212T103152Z-3-001\proyecto-ia\multimodal-emocion\data\audio\raw\ses_sd\1_TAI_SAD_SPA.wav,sadness,ses_sd,sessd_1_TAI,all,1_TAI_SAD_SPA,,SPA
C:\Users\Rafa\Downloads\proyecto-ia-20260212T103152Z-3-001\proyecto-ia\multimodal-emocion\data\audio\raw\ses_sd\1_TSI_ANG_SPA.wav,anger,ses_sd,sessd_1_TSI,all,1_TSI_ANG_SPA,,SPA
C:\Users\Rafa\Downloads\proyecto-ia-20260212T103152Z-3-001\proyecto-ia\multimodal-emocion\data\audio\raw\ses_sd\1_TSI_DIS_SPA.wav,disgust,ses_sd,sessd_1_TSI,all,1_TSI_DIS_SPA,,SPA
C:\Users\Rafa\Downloads\proyecto-ia-20260212T103152Z-3-001\proyecto-ia\multimodal-emocion\data\audio\raw\ses_sd\1_TSI_FEA_SPA.wav,fear,ses_sd,sessd_1_TSI,all,1_TSI_FEA_SPA,,SPA
C:\Users\Rafa\Downloads\proyecto-ia-20260212T103152Z-3-001\proyecto-ia\multimodal-emocion\data\audio\raw\ses_sd\1_TSI_HAP_SPA.wav,joy,ses_sd,sessd_1_TSI,all,1_TSI_HAP_SPA,,SPA
C:\Users\Rafa\Downloads\proyecto-ia-20260212T103152Z-3-001\proyecto-ia\multimodal-emocion\data\audio\raw\ses_sd\1_TSI_NEU_SPA.wav,neutral,ses_sd,sessd_1_TSI,all,1_TSI_NEU_SPA,,SPA
C:\Users\Rafa\Downloads\proyecto-ia-20260212T103152Z-3-001\proyecto-ia\multimodal-emocion\data\audio\raw\ses_sd\1_TSI_SAD_SPA.wav,sadness,ses_sd,sessd_1_TSI,all,1_TSI_SAD_SPA,,SPA
C:\Users\Rafa\Downloads\proyecto-ia-20260212T103152Z-3-001\proyecto-ia\multimodal-emocion\data\audio\raw\ses_sd\20_DFA_ANG_SPA.wav,anger,ses_sd,sessd_20_DFA,all,20_DFA_ANG_SPA,,SPA
C:\Users\Rafa\Downloads\proyecto-ia-20260212T103152Z-3-001\proyecto-ia\multimodal-emocion\data\audio\raw\ses_sd\20_DFA_DIS_SPA.wav,disgust,ses_sd,sessd_20_DFA,all,20_DFA_DIS_SPA,,SPA
C:\Users\Rafa\Downloads\proyecto-ia-20260212T103152Z-3-001\proyecto-ia\multimodal-emocion\data\audio\raw\ses_sd\20_DFA_FEA_SPA.wav,fear,ses_sd,sessd_20_DFA,all,20_DFA_FEA_SPA,,SPA
C:\Users\Rafa\Downloads\proyecto-ia-20260212T103152Z-3-001\proyecto-ia\multimodal-emocion\data\audio\raw\ses_sd\20_DFA_HAP_SPA.wav,joy,ses_sd,sessd_20_DFA,all,20_DFA_HAP_SPA,,SPA
C:\Users\Rafa\Downloads\proyecto-ia-20260212T103152Z-3-001\proyecto-ia\multimodal-emocion\data\audio\raw\ses_sd\20_DFA_NEU_SPA.wav,neutral,ses_sd,sessd_20_DFA,all,20_DFA_NEU_SPA,,SPA
C:\Users\Rafa\Downloads\proyecto-ia-20260212T103152Z-3-001\proyecto-ia\multimodal-emocion\data\audio\raw\ses_sd\20_DFA_SAD_SPA.wav,sadness,ses_sd,sessd_20_DFA,all,20_DFA_SAD_SPA,,SPA
C:\Users\Rafa\Downloads\proyecto-ia-20260212T103152Z-3-001\proyecto-ia\multimodal-emocion\data\audio\raw\ses_sd\20_IEO_ANG_SPA.wav,anger,ses_sd,sessd_20_IEO,all,20_IEO_ANG_SPA,,SPA
C:\Users\Rafa\Downloads\proyecto-ia-20260212T103152Z-3-001\proyecto-ia\multimodal-emocion\data\audio\raw\ses_sd\20_IEO_DIS_SPA.wav,disgust,ses_sd,sessd_20_IEO,all,20_IEO_DIS_SPA,,SPA
C:\Users\Rafa\Downloads\proyecto-ia-20260212T103152Z-3-001\proyecto-ia\multimodal-emocion\data\audio\raw\ses_sd\20_IEO_FEA_SPA.wav,fear,ses_sd,sessd_20_IEO,all,20_IEO_FEA_SPA,,SPA
C:\Users\Rafa\Downloads\proyecto-ia-20260212T103152Z-3-001\proyecto-ia\multimodal-emocion\data\audio\raw\ses_sd\20_IEO_HAP_SPA.wav,joy,ses_sd,sessd_20_IEO,all,20_IEO_HAP_SPA,,SPA
C:\Users\Rafa\Downloads\proyecto-ia-20260212T103152Z-3-001\proyecto-ia\multimodal-emocion\data\audio\raw\ses_sd\20_IEO_NEU_SPA.wav,neutral,ses_sd,sessd_20_IEO,all,20_IEO_NEU_SPA,,SPA
C:\Users\Rafa\Downloads\proyecto-ia-20260212T103152Z-3-001\proyecto-ia\multimodal-emocion\data\audio\raw\ses_sd\20_IEO_SAD_SPA.wav,sadness,ses_sd,sessd_20_IEO,all,20_IEO_SAD_SPA,,SPA
C:\Users\Rafa\Downloads\proyecto-ia-20260212T103152Z-3-001\proyecto-ia\multimodal-emocion\data\audio\raw\ses_sd\20_IWW_ANG_SPA.wav,anger,ses_sd,sessd_20_IWW,all,20_IWW_ANG_SPA,,SPA
C:\Users\Rafa\Downloads\proyecto-ia-20260212T103152Z-3-001\proyecto-ia\multimodal-emocion\data\audio\raw\ses_sd\20_IWW_DIS_SPA.wav,disgust,ses_sd,sessd_20_IWW,all,20_IWW_DIS_SPA,,SPA
C:\Users\Rafa\Downloads\proyecto-ia-20260212T103152Z-3-001\proyecto-ia\multimodal-emocion\data\audio\raw\ses_sd\20_IWW_FEA_SPA.wav,fear,ses_sd,sessd_20_IWW,all,20_IWW_FEA_SPA,,SPA
C:\Users\Rafa\Downloads\proyecto-ia-20260212T103152Z-3-001\proyecto-ia\multimodal-emocion\data\audio\raw\ses_sd\20_IWW_HAP_SPA.wav,joy,ses_sd,sessd_20_IWW,all,20_IWW_HAP_SPA,,SPA
C:\Users\Rafa\Downloads\proyecto-ia-20260212T103152Z-3-001\proyecto-ia\multimodal-emocion\data\audio\raw\ses_sd\20_IWW_NEU_SPA.wav,neutral,ses_sd,sessd_20_IWW,all,20_IWW_NEU_SPA,,SPA
C:\Users\Rafa\Downloads\proyecto-ia-20260212T103152Z-3-001\proyecto-ia\multimodal-emocion\data\audio\raw\ses_sd\20_IWW_SAD_SPA.wav,sadness,ses_sd,sessd_20_IWW,all,20_IWW_SAD_SPA,,SPA
C:\Users\Rafa\Downloads\proyecto-ia-20260212T103152Z-3-001\proyecto-ia\multimodal-emocion\data\audio\raw\ses_sd\20_TAI_ANG_SPA.wav,anger,ses_sd,sessd_20_TAI,all,20_TAI_ANG_SPA,,SPA
C:\Users\Rafa\Downloads\proyecto-ia-20260212T103152Z-3-001\proyecto-ia\multimodal-emocion\data\audio\raw\ses_sd\20_TAI_DIS_SPA.wav,disgust,ses_sd,sessd_20_TAI,all,20_TAI_DIS_SPA,,SPA
C:\Users\Rafa\Downloads\proyecto-ia-20260212T103152Z-3-001\proyecto-ia\multimodal-emocion\data\audio\raw\ses_sd\20_TAI_FEA_SPA.wav,fear,ses_sd,sessd_20_TAI,all,20_TAI_FEA_SPA,,SPA
C:\Users\Rafa\Downloads\proyecto-ia-20260212T103152Z-3-001\proyecto-ia\multimodal-emocion\data\audio\raw\ses_sd\20_TAI_HAP_SPA.wav,joy,ses_sd,sessd_20_TAI,all,20_TAI_HAP_SPA,,SPA
C:\Users\Rafa\Downloads\proyecto-ia-20260212T103152Z-3-001\proyecto-ia\multimodal-emocion\data\audio\raw\ses_sd\20_TAI_NEU_SPA.wav,neutral,ses_sd,sessd_20_TAI,all,20_TAI_NEU_SPA,,SPA
C:\Users\Rafa\Downloads\proyecto-ia-20260212T103152Z-3-001\proyecto-ia\multimodal-emocion\data\audio\raw\ses_sd\20_TAI_SAD_SPA.wav,sadness,ses_sd,sessd_20_TAI,all,20_TAI_SAD_SPA,,SPA
C:\Users\Rafa\Downloads\proyecto-ia-20260212T103152Z-3-001\proyecto-ia\multimodal-emocion\data\audio\raw\ses_sd\20_TSI_ANG_SPA.wav,anger,ses_sd,sessd_20_TSI,all,20_TSI_ANG_SPA,,SPA
C:\Users\Rafa\Downloads\proyecto-ia-20260212T103152Z-3-001\proyecto-ia\multimodal-emocion\data\audio\raw\ses_sd\20_TSI_DIS_SPA.wav,disgust,ses_sd,sessd_20_TSI,all,20_TSI_DIS_SPA,,SPA
C:\Users\Rafa\Downloads\proyecto-ia-20260212T103152Z-3-001\proyecto-ia\multimodal-emocion\data\audio\raw\ses_sd\20_TSI_FEA_SPA.wav,fear,ses_sd,sessd_20_TSI,all,20_TSI_FEA_SPA,,SPA
C:\Users\Rafa\Downloads\proyecto-ia-20260212T103152Z-3-001\proyecto-ia\multimodal-emocion\data\audio\raw\ses_sd\20_TSI_HAP_SPA.wav,joy,ses_sd,sessd_20_TSI,all,20_TSI_HAP_SPA,,SPA
C:\Users\Rafa\Downloads\proyecto-ia-20260212T103152Z-3-001\proyecto-ia\multimodal-emocion\data\audio\raw\ses_sd\20_TSI_NEU_SPA.wav,neutral,ses_sd,sessd_20_TSI,all,20_TSI_NEU_SPA,,SPA
C:\Users\Rafa\Downloads\proyecto-ia-20260212T103152Z-3-001\proyecto-ia\multimodal-emocion\data\audio\raw\ses_sd\20_TSI_SAD_SPA.wav,sadness,ses_sd,sessd_20_TSI,all,20_TSI_SAD_SPA,,SPA
C:\Users\Rafa\Downloads\proyecto-ia-20260212T103152Z-3-001\proyecto-ia\multimodal-emocion\data\audio\raw\ses_sd\21_DFA_ANG_SPA.wav,anger,ses_sd,sessd_21_DFA,all,21_DFA_ANG_SPA,,SPA
C:\Users\Rafa\Downloads\proyecto-ia-20260212T103152Z-3-001\proyecto-ia\multimodal-emocion\data\audio\raw\ses_sd\21_DFA_DIS_SPA.wav,disgust,ses_sd,sessd_21_DFA,all,21_DFA_DIS_SPA,,SPA
C:\Users\Rafa\Downloads\proyecto-ia-20260212T103152Z-3-001\proyecto-ia\multimodal-emocion\data\audio\raw\ses_sd\21_DFA_FEA_SPA.wav,fear,ses_sd,sessd_21_DFA,all,21_DFA_FEA_SPA,,SPA
C:\Users\Rafa\Downloads\proyecto-ia-20260212T103152Z-3-001\proyecto-ia\multimodal-emocion\data\audio\raw\ses_sd\21_DFA_HAP_SPA.wav,joy,ses_sd,sessd_21_DFA,all,21_DFA_HAP_SPA,,SPA
C:\Users\Rafa\Downloads\proyecto-ia-20260212T103152Z-3-001\proyecto-ia\multimodal-emocion\data\audio\raw\ses_sd\21_DFA_NEU_SPA.wav,neutral,ses_sd,sessd_21_DFA,all,21_DFA_NEU_SPA,,SPA
C:\Users\Rafa\Downloads\proyecto-ia-20260212T103152Z-3-001\proyecto-ia\multimodal-emocion\data\audio\raw\ses_sd\21_DFA_SAD_SPA.wav,sadness,ses_sd,sessd_21_DFA,all,21_DFA_SAD_SPA,,SPA
C:\Users\Rafa\Downloads\proyecto-ia-20260212T103152Z-3-001\proyecto-ia\multimodal-emocion\data\audio\raw\ses_sd\21_IEO_ANG_SPA.wav,anger,ses_sd,sessd_21_IEO,all,21_IEO_ANG_SPA,,SPA
C:\Users\Rafa\Downloads\proyecto-ia-20260212T103152Z-3-001\proyecto-ia\multimodal-emocion\data\audio\raw\ses_sd\21_IEO_DIS_SPA.wav,disgust,ses_sd,sessd_21_IEO,all,21_IEO_DIS_SPA,,SPA
C:\Users\Rafa\Downloads\proyecto-ia-20260212T103152Z-3-001\proyecto-ia\multimodal-emocion\data\audio\raw\ses_sd\21_IEO_FEA_SPA.wav,fear,ses_sd,sessd_21_IEO,all,21_IEO_FEA_SPA,,SPA
C:\Users\Rafa\Downloads\proyecto-ia-20260212T103152Z-3-001\proyecto-ia\multimodal-emocion\data\audio\raw\ses_sd\21_IEO_HAP_SPA.wav,joy,ses_sd,sessd_21_IEO,all,21_IEO_HAP_SPA,,SPA
C:\Users\Rafa\Downloads\proyecto-ia-20260212T103152Z-3-001\proyecto-ia\multimodal-emocion\data\audio\raw\ses_sd\21_IEO_NEU_SPA.wav,neutral,ses_sd,sessd_21_IEO,all,21_IEO_NEU_SPA,,SPA
C:\Users\Rafa\Downloads\proyecto-ia-20260212T103152Z-3-001\proyecto-ia\multimodal-emocion\data\audio\raw\ses_sd\21_IEO_SAD_SPA.wav,sadness,ses_sd,sessd_21_IEO,all,21_IEO_SAD_SPA,,SPA
C:\Users\Rafa\Downloads\proyecto-ia-20260212T103152Z-3-001\proyecto-ia\multimodal-emocion\data\audio\raw\ses_sd\21_IWW_ANG_SPA.wav,anger,ses_sd,sessd_21_IWW,all,21_IWW_ANG_SPA,,SPA
C:\Users\Rafa\Downloads\proyecto-ia-20260212T103152Z-3-001\proyecto-ia\multimodal-emocion\data\audio\raw\ses_sd\21_IWW_DIS_SPA.wav,disgust,ses_sd,sessd_21_IWW,all,21_IWW_DIS_SPA,,SPA
C:\Users\Rafa\Downloads\proyecto-ia-20260212T103152Z-3-001\proyecto-ia\multimodal-emocion\data\audio\raw\ses_sd\21_IWW_FEA_SPA.wav,fear,ses_sd,sessd_21_IWW,all,21_IWW_FEA_SPA,,SPA
C:\Users\Rafa\Downloads\proyecto-ia-20260212T103152Z-3-001\proyecto-ia\multimodal-emocion\data\audio\raw\ses_sd\21_IWW_HAP_SPA.wav,joy,ses_sd,sessd_21_IWW,all,21_IWW_HAP_SPA,,SPA
C:\Users\Rafa\Downloads\proyecto-ia-20260212T103152Z-3-001\proyecto-ia\multimodal-emocion\data\audio\raw\ses_sd\21_IWW_NEU_SPA.wav,neutral,ses_sd,sessd_21_IWW,all,21_IWW_NEU_SPA,,SPA
C:\Users\Rafa\Downloads\proyecto-ia-20260212T103152Z-3-001\proyecto-ia\multimodal-emocion\data\audio\raw\ses_sd\21_IWW_SAD_SPA.wav,sadness,ses_sd,sessd_21_IWW,all,21_IWW_SAD_SPA,,SPA
C:\Users\Rafa\Downloads\proyecto-ia-20260212T103152Z-3-001\proyecto-ia\multimodal-emocion\data\audio\raw\ses_sd\21_TAI_ANG_SPA.wav,anger,ses_sd,sessd_21_TAI,all,21_TAI_ANG_SPA,,SPA
C:\Users\Rafa\Downloads\proyecto-ia-20260212T103152Z-3-001\proyecto-ia\multimodal-emocion\data\audio\raw\ses_sd\21_TAI_DIS_SPA.wav,disgust,ses_sd,sessd_21_TAI,all,21_TAI_DIS_SPA,,SPA
C:\Users\Rafa\Downloads\proyecto-ia-20260212T103152Z-3-001\proyecto-ia\multimodal-emocion\data\audio\raw\ses_sd\21_TAI_FEA_SPA.wav,fear,ses_sd,sessd_21_TAI,all,21_TAI_FEA_SPA,,SPA
C:\Users\Rafa\Downloads\proyecto-ia-20260212T103152Z-3-001\proyecto-ia\multimodal-emocion\data\audio\raw\ses_sd\21_TAI_HAP_SPA.wav,joy,ses_sd,sessd_21_TAI,all,21_TAI_HAP_SPA,,SPA
C:\Users\Rafa\Downloads\proyecto-ia-20260212T103152Z-3-001\proyecto-ia\multimodal-emocion\data\audio\raw\ses_sd\21_TAI_NEU_SPA.wav,neutral,ses_sd,sessd_21_TAI,all,21_TAI_NEU_SPA,,SPA
C:\Users\Rafa\Downloads\proyecto-ia-20260212T103152Z-3-001\proyecto-ia\multimodal-emocion\data\audio\raw\ses_sd\21_TAI_SAD_SPA.wav,sadness,ses_sd,sessd_21_TAI,all,21_TAI_SAD_SPA,,SPA
C:\Users\Rafa\Downloads\proyecto-ia-20260212T103152Z-3-001\proyecto-ia\multimodal-emocion\data\audio\raw\ses_sd\21_TSI_ANG_SPA.wav,anger,ses_sd,sessd_21_TSI,all,21_TSI_ANG_SPA,,SPA
C:\Users\Rafa\Downloads\proyecto-ia-20260212T103152Z-3-001\proyecto-ia\multimodal-emocion\data\audio\raw\ses_sd\21_TSI_DIS_SPA.wav,disgust,ses_sd,sessd_21_TSI,all,21_TSI_DIS_SPA,,SPA
C:\Users\Rafa\Downloads\proyecto-ia-20260212T103152Z-3-001\proyecto-ia\multimodal-emocion\data\audio\raw\ses_sd\21_TSI_FEA_SPA.wav,fear,ses_sd,sessd_21_TSI,all,21_TSI_FEA_SPA,,SPA
C:\Users\Rafa\Downloads\proyecto-ia-20260212T103152Z-3-001\proyecto-ia\multimodal-emocion\data\audio\raw\ses_sd\21_TSI_HAP_SPA.wav,joy,ses_sd,sessd_21_TSI,all,21_TSI_HAP_SPA,,SPA
C:\Users\Rafa\Downloads\proyecto-ia-20260212T103152Z-3-001\proyecto-ia\multimodal-emocion\data\audio\raw\ses_sd\21_TSI_NEU_SPA.wav,neutral,ses_sd,sessd_21_TSI,all,21_TSI_NEU_SPA,,SPA
C:\Users\Rafa\Downloads\proyecto-ia-20260212T103152Z-3-001\proyecto-ia\multimodal-emocion\data\audio\raw\ses_sd\21_TSI_SAD_SPA.wav,sadness,ses_sd,sessd_21_TSI,all,21_TSI_SAD_SPA,,SPA
C:\Users\Rafa\Downloads\proyecto-ia-20260212T103152Z-3-001\proyecto-ia\multimodal-emocion\data\audio\raw\ses_sd\22_DFA_ANG_SPA.wav,anger,ses_sd,sessd_22_DFA,all,22_DFA_ANG_SPA,,SPA
C:\Users\Rafa\Downloads\proyecto-ia-20260212T103152Z-3-001\proyecto-ia\multimodal-emocion\data\audio\raw\ses_sd\22_DFA_DIS_SPA.wav,disgust,ses_sd,sessd_22_DFA,all,22_DFA_DIS_SPA,,SPA
C:\Users\Rafa\Downloads\proyecto-ia-20260212T103152Z-3-001\proyecto-ia\multimodal-emocion\data\audio\raw\ses_sd\22_DFA_FEA_SPA.wav,fear,ses_sd,sessd_22_DFA,all,22_DFA_FEA_SPA,,SPA
C:\Users\Rafa\Downloads\proyecto-ia-20260212T103152Z-3-001\proyecto-ia\multimodal-emocion\data\audio\raw\ses_sd\22_DFA_HAP_SPA.wav,joy,ses_sd,sessd_22_DFA,all,22_DFA_HAP_SPA,,SPA
C:\Users\Rafa\Downloads\proyecto-ia-20260212T103152Z-3-001\proyecto-ia\multimodal-emocion\data\audio\raw\ses_sd\22_DFA_NEU_SPA.wav,neutral,ses_sd,sessd_22_DFA,all,22_DFA_NEU_SPA,,SPA
C:\Users\Rafa\Downloads\proyecto-ia-20260212T103152Z-3-001\proyecto-ia\multimodal-emocion\data\audio\raw\ses_sd\22_DFA_SAD_SPA.wav,sadness,ses_sd,sessd_22_DFA,all,22_DFA_SAD_SPA,,SPA
C:\Users\Rafa\Downloads\proyecto-ia-20260212T103152Z-3-001\proyecto-ia\multimodal-emocion\data\audio\raw\ses_sd\22_IEO_ANG_SPA.wav,anger,ses_sd,sessd_22_IEO,all,22_IEO_ANG_SPA,,SPA
C:\Users\Rafa\Downloads\proyecto-ia-20260212T103152Z-3-001\proyecto-ia\multimodal-emocion\data\audio\raw\ses_sd\22_IEO_DIS_SPA.wav,disgust,ses_sd,sessd_22_IEO,all,22_IEO_DIS_SPA,,SPA
C:\Users\Rafa\Downloads\proyecto-ia-20260212T103152Z-3-001\proyecto-ia\multimodal-emocion\data\audio\raw\ses_sd\22_IEO_FEA_SPA.wav,fear,ses_sd,sessd_22_IEO,all,22_IEO_FEA_SPA,,SPA
C:\Users\Rafa\Downloads\proyecto-ia-20260212T103152Z-3-001\proyecto-ia\multimodal-emocion\data\audio\raw\ses_sd\22_IEO_HAP_SPA.wav,joy,ses_sd,sessd_22_IEO,all,22_IEO_HAP_SPA,,SPA
C:\Users\Rafa\Downloads\proyecto-ia-20260212T103152Z-3-001\proyecto-ia\multimodal-emocion\data\audio\raw\ses_sd\22_IEO_NEU_SPA.wav,neutral,ses_sd,sessd_22_IEO,all,22_IEO_NEU_SPA,,SPA
C:\Users\Rafa\Downloads\proyecto-ia-20260212T103152Z-3-001\proyecto-ia\multimodal-emocion\data\audio\raw\ses_sd\22_IEO_SAD_SPA.wav,sadness,ses_sd,sessd_22_IEO,all,22_IEO_SAD_SPA,,SPA
C:\Users\Rafa\Downloads\proyecto-ia-20260212T103152Z-3-001\proyecto-ia\multimodal-emocion\data\audio\raw\ses_sd\22_IWW_ANG_SPA.wav,anger,ses_sd,sessd_22_IWW,all,22_IWW_ANG_SPA,,SPA
C:\Users\Rafa\Downloads\proyecto-ia-20260212T103152Z-3-001\proyecto-ia\multimodal-emocion\data\audio\raw\ses_sd\22_IWW_DIS_SPA.wav,disgust,ses_sd,sessd_22_IWW,all,22_IWW_DIS_SPA,,SPA
C:\Users\Rafa\Downloads\proyecto-ia-20260212T103152Z-3-001\proyecto-ia\multimodal-emocion\data\audio\raw\ses_sd\22_IWW_FEA_SPA.wav,fear,ses_sd,sessd_22_IWW,all,22_IWW_FEA_SPA,,SPA
C:\Users\Rafa\Downloads\proyecto-ia-20260212T103152Z-3-001\proyecto-ia\multimodal-emocion\data\audio\raw\ses_sd\22_IWW_HAP_SPA.wav,joy,ses_sd,sessd_22_IWW,all,22_IWW_HAP_SPA,,SPA
C:\Users\Rafa\Downloads\proyecto-ia-20260212T103152Z-3-001\proyecto-ia\multimodal-emocion\data\audio\raw\ses_sd\22_IWW_NEU_SPA.wav,neutral,ses_sd,sessd_22_IWW,all,22_IWW_NEU_SPA,,SPA
C:\Users\Rafa\Downloads\proyecto-ia-20260212T103152Z-3-001\proyecto-ia\multimodal-emocion\data\audio\raw\ses_sd\22_IWW_SAD_SPA.wav,sadness,ses_sd,sessd_22_IWW,all,22_IWW_SAD_SPA,,SPA
C:\Users\Rafa\Downloads\proyecto-ia-20260212T103152Z-3-001\proyecto-ia\multimodal-emocion\data\audio\raw\ses_sd\22_TAI_ANG_SPA.wav,anger,ses_sd,sessd_22_TAI,all,22_TAI_ANG_SPA,,SPA
C:\Users\Rafa\Downloads\proyecto-ia-20260212T103152Z-3-001\proyecto-ia\multimodal-emocion\data\audio\raw\ses_sd\22_TAI_DIS_SPA.wav,disgust,ses_sd,sessd_22_TAI,all,22_TAI_DIS_SPA,,SPA
C:\Users\Rafa\Downloads\proyecto-ia-20260212T103152Z-3-001\proyecto-ia\multimodal-emocion\data\audio\raw\ses_sd\22_TAI_FEA_SPA.wav,fear,ses_sd,sessd_22_TAI,all,22_TAI_FEA_SPA,,SPA
C:\Users\Rafa\Downloads\proyecto-ia-20260212T103152Z-3-001\proyecto-ia\multimodal-emocion\data\audio\raw\ses_sd\22_TAI_HAP_SPA.wav,joy,ses_sd,sessd_22_TAI,all,22_TAI_HAP_SPA,,SPA
C:\Users\Rafa\Downloads\proyecto-ia-20260212T103152Z-3-001\proyecto-ia\multimodal-emocion\data\audio\raw\ses_sd\22_TAI_NEU_SPA.wav,neutral,ses_sd,sessd_22_TAI,all,22_TAI_NEU_SPA,,SPA
C:\Users\Rafa\Downloads\proyecto-ia-20260212T103152Z-3-001\proyecto-ia\multimodal-emocion\data\audio\raw\ses_sd\22_TAI_SAD_SPA.wav,sadness,ses_sd,sessd_22_TAI,all,22_TAI_SAD_SPA,,SPA
C:\Users\Rafa\Downloads\proyecto-ia-20260212T103152Z-3-001\proyecto-ia\multimodal-emocion\data\audio\raw\ses_sd\22_TSI_ANG_SPA.wav,anger,ses_sd,sessd_22_TSI,all,22_TSI_ANG_SPA,,SPA
C:\Users\Rafa\Downloads\proyecto-ia-20260212T103152Z-3-001\proyecto-ia\multimodal-emocion\data\audio\raw\ses_sd\22_TSI_DIS_SPA.wav,disgust,ses_sd,sessd_22_TSI,all,22_TSI_DIS_SPA,,SPA
C:\Users\Rafa\Downloads\proyecto-ia-20260212T103152Z-3-001\proyecto-ia\multimodal-emocion\data\audio\raw\ses_sd\22_TSI_FEA_SPA.wav,fear,ses_sd,sessd_22_TSI,all,22_TSI_FEA_SPA,,SPA
C:\Users\Rafa\Downloads\proyecto-ia-20260212T103152Z-3-001\proyecto-ia\multimodal-emocion\data\audio\raw\ses_sd\22_TSI_HAP_SPA.wav,joy,ses_sd,sessd_22_TSI,all,22_TSI_HAP_SPA,,SPA
C:\Users\Rafa\Downloads\proyecto-ia-20260212T103152Z-3-001\proyecto-ia\multimodal-emocion\data\audio\raw\ses_sd\22_TSI_NEU_SPA.wav,neutral,ses_sd,sessd_22_TSI,all,22_TSI_NEU_SPA,,SPA
C:\Users\Rafa\Downloads\proyecto-ia-20260212T103152Z-3-001\proyecto-ia\multimodal-emocion\data\audio\raw\ses_sd\22_TSI_SAD_SPA.wav,sadness,ses_sd,sessd_22_TSI,all,22_TSI_SAD_SPA,,SPA
C:\Users\Rafa\Downloads\proyecto-ia-20260212T103152Z-3-001\proyecto-ia\multimodal-emocion\data\audio\raw\ses_sd\23_DFA_ANG_SPA.wav,anger,ses_sd,sessd_23_DFA,all,23_DFA_ANG_SPA,,SPA
C:\Users\Rafa\Downloads\proyecto-ia-20260212T103152Z-3-001\proyecto-ia\multimodal-emocion\data\audio\raw\ses_sd\23_DFA_DIS_SPA.wav,disgust,ses_sd,sessd_23_DFA,all,23_DFA_DIS_SPA,,SPA
C:\Users\Rafa\Downloads\proyecto-ia-20260212T103152Z-3-001\proyecto-ia\multimodal-emocion\data\audio\raw\ses_sd\23_DFA_FEA_SPA.wav,fear,ses_sd,sessd_23_DFA,all,23_DFA_FEA_SPA,,SPA
C:\Users\Rafa\Downloads\proyecto-ia-20260212T103152Z-3-001\proyecto-ia\multimodal-emocion\data\audio\raw\ses_sd\23_DFA_HAP_SPA.wav,joy,ses_sd,sessd_23_DFA,all,23_DFA_HAP_SPA,,SPA
C:\Users\Rafa\Downloads\proyecto-ia-20260212T103152Z-3-001\proyecto-ia\multimodal-emocion\data\audio\raw\ses_sd\23_DFA_NEU_SPA.wav,neutral,ses_sd,sessd_23_DFA,all,23_DFA_NEU_SPA,,SPA
C:\Users\Rafa\Downloads\proyecto-ia-20260212T103152Z-3-001\proyecto-ia\multimodal-emocion\data\audio\raw\ses_sd\23_DFA_SAD_SPA.wav,sadness,ses_sd,sessd_23_DFA,all,23_DFA_SAD_SPA,,SPA
C:\Users\Rafa\Downloads\proyecto-ia-20260212T103152Z-3-001\proyecto-ia\multimodal-emocion\data\audio\raw\ses_sd\23_IEO_ANG_SPA.wav,anger,ses_sd,sessd_23_IEO,all,23_IEO_ANG_SPA,,SPA
C:\Users\Rafa\Downloads\proyecto-ia-20260212T103152Z-3-001\proyecto-ia\multimodal-emocion\data\audio\raw\ses_sd\23_IEO_DIS_SPA.wav,disgust,ses_sd,sessd_23_IEO,all,23_IEO_DIS_SPA,,SPA
C:\Users\Rafa\Downloads\proyecto-ia-20260212T103152Z-3-001\proyecto-ia\multimodal-emocion\data\audio\raw\ses_sd\23_IEO_FEA_SPA.wav,fear,ses_sd,sessd_23_IEO,all,23_IEO_FEA_SPA,,SPA
C:\Users\Rafa\Downloads\proyecto-ia-20260212T103152Z-3-001\proyecto-ia\multimodal-emocion\data\audio\raw\ses_sd\23_IEO_HAP_SPA.wav,joy,ses_sd,sessd_23_IEO,all,23_IEO_HAP_SPA,,SPA
C:\Users\Rafa\Downloads\proyecto-ia-20260212T103152Z-3-001\proyecto-ia\multimodal-emocion\data\audio\raw\ses_sd\23_IEO_NEU_SPA.wav,neutral,ses_sd,sessd_23_IEO,all,23_IEO_NEU_SPA,,SPA
C:\Users\Rafa\Downloads\proyecto-ia-20260212T103152Z-3-001\proyecto-ia\multimodal-emocion\data\audio\raw\ses_sd\23_IEO_SAD_SPA.wav,sadness,ses_sd,sessd_23_IEO,all,23_IEO_SAD_SPA,,SPA
C:\Users\Rafa\Downloads\proyecto-ia-20260212T103152Z-3-001\proyecto-ia\multimodal-emocion\data\audio\raw\ses_sd\23_IWW_ANG_SPA.wav,anger,ses_sd,sessd_23_IWW,all,23_IWW_ANG_SPA,,SPA
C:\Users\Rafa\Downloads\proyecto-ia-20260212T103152Z-3-001\proyecto-ia\multimodal-emocion\data\audio\raw\ses_sd\23_IWW_DIS_SPA.wav,disgust,ses_sd,sessd_23_IWW,all,23_IWW_DIS_SPA,,SPA
C:\Users\Rafa\Downloads\proyecto-ia-20260212T103152Z-3-001\proyecto-ia\multimodal-emocion\data\audio\raw\ses_sd\23_IWW_FEA_SPA.wav,fear,ses_sd,sessd_23_IWW,all,23_IWW_FEA_SPA,,SPA
C:\Users\Rafa\Downloads\proyecto-ia-20260212T103152Z-3-001\proyecto-ia\multimodal-emocion\data\audio\raw\ses_sd\23_IWW_HAP_SPA.wav,joy,ses_sd,sessd_23_IWW,all,23_IWW_HAP_SPA,,SPA
C:\Users\Rafa\Downloads\proyecto-ia-20260212T103152Z-3-001\proyecto-ia\multimodal-emocion\data\audio\raw\ses_sd\23_IWW_NEU_SPA.wav,neutral,ses_sd,sessd_23_IWW,all,23_IWW_NEU_SPA,,SPA
C:\Users\Rafa\Downloads\proyecto-ia-20260212T103152Z-3-001\proyecto-ia\multimodal-emocion\data\audio\raw\ses_sd\23_IWW_SAD_SPA.wav,sadness,ses_sd,sessd_23_IWW,all,23_IWW_SAD_SPA,,SPA
C:\Users\Rafa\Downloads\proyecto-ia-20260212T103152Z-3-001\proyecto-ia\multimodal-emocion\data\audio\raw\ses_sd\23_TAI_ANG_SPA.wav,anger,ses_sd,sessd_23_TAI,all,23_TAI_ANG_SPA,,SPA
C:\Users\Rafa\Downloads\proyecto-ia-20260212T103152Z-3-001\proyecto-ia\multimodal-emocion\data\audio\raw\ses_sd\23_TAI_DIS_SPA.wav,disgust,ses_sd,sessd_23_TAI,all,23_TAI_DIS_SPA,,SPA
C:\Users\Rafa\Downloads\proyecto-ia-20260212T103152Z-3-001\proyecto-ia\multimodal-emocion\data\audio\raw\ses_sd\23_TAI_FEA_SPA.wav,fear,ses_sd,sessd_23_TAI,all,23_TAI_FEA_SPA,,SPA
C:\Users\Rafa\Downloads\proyecto-ia-20260212T103152Z-3-001\proyecto-ia\multimodal-emocion\data\audio\raw\ses_sd\23_TAI_HAP_SPA.wav,joy,ses_sd,sessd_23_TAI,all,23_TAI_HAP_SPA,,SPA
C:\Users\Rafa\Downloads\proyecto-ia-20260212T103152Z-3-001\proyecto-ia\multimodal-emocion\data\audio\raw\ses_sd\23_TAI_NEU_SPA.wav,neutral,ses_sd,sessd_23_TAI,all,23_TAI_NEU_SPA,,SPA
C:\Users\Rafa\Downloads\proyecto-ia-20260212T103152Z-3-001\proyecto-ia\multimodal-emocion\data\audio\raw\ses_sd\23_TAI_SAD_SPA.wav,sadness,ses_sd,sessd_23_TAI,all,23_TAI_SAD_SPA,,SPA
C:\Users\Rafa\Downloads\proyecto-ia-20260212T103152Z-3-001\proyecto-ia\multimodal-emocion\data\audio\raw\ses_sd\23_TSI_ANG_SPA.wav,anger,ses_sd,sessd_23_TSI,all,23_TSI_ANG_SPA,,SPA
C:\Users\Rafa\Downloads\proyecto-ia-20260212T103152Z-3-001\proyecto-ia\multimodal-emocion\data\audio\raw\ses_sd\23_TSI_DIS_SPA.wav,disgust,ses_sd,sessd_23_TSI,all,23_TSI_DIS_SPA,,SPA
C:\Users\Rafa\Downloads\proyecto-ia-20260212T103152Z-3-001\proyecto-ia\multimodal-emocion\data\audio\raw\ses_sd\23_TSI_FEA_SPA.wav,fear,ses_sd,sessd_23_TSI,all,23_TSI_FEA_SPA,,SPA
C:\Users\Rafa\Downloads\proyecto-ia-20260212T103152Z-3-001\proyecto-ia\multimodal-emocion\data\audio\raw\ses_sd\23_TSI_HAP_SPA.wav,joy,ses_sd,sessd_23_TSI,all,23_TSI_HAP_SPA,,SPA
C:\Users\Rafa\Downloads\proyecto-ia-20260212T103152Z-3-001\proyecto-ia\multimodal-emocion\data\audio\raw\ses_sd\23_TSI_NEU_SPA.wav,neutral,ses_sd,sessd_23_TSI,all,23_TSI_NEU_SPA,,SPA
C:\Users\Rafa\Downloads\proyecto-ia-20260212T103152Z-3-001\proyecto-ia\multimodal-emocion\data\audio\raw\ses_sd\23_TSI_SAD_SPA.wav,sadness,ses_sd,sessd_23_TSI,all,23_TSI_SAD_SPA,,SPA
C:\Users\Rafa\Downloads\proyecto-ia-20260212T103152Z-3-001\proyecto-ia\multimodal-emocion\data\audio\raw\ses_sd\24_DFA_ANG_SPA.wav,anger,ses_sd,sessd_24_DFA,all,24_DFA_ANG_SPA,,SPA
C:\Users\Rafa\Downloads\proyecto-ia-20260212T103152Z-3-001\proyecto-ia\multimodal-emocion\data\audio\raw\ses_sd\24_DFA_DIS_SPA.wav,disgust,ses_sd,sessd_24_DFA,all,24_DFA_DIS_SPA,,SPA
C:\Users\Rafa\Downloads\proyecto-ia-20260212T103152Z-3-001\proyecto-ia\multimodal-emocion\data\audio\raw\ses_sd\24_DFA_FEA_SPA.wav,fear,ses_sd,sessd_24_DFA,all,24_DFA_FEA_SPA,,SPA
C:\Users\Rafa\Downloads\proyecto-ia-20260212T103152Z-3-001\proyecto-ia\multimodal-emocion\data\audio\raw\ses_sd\24_DFA_HAP_SPA.wav,joy,ses_sd,sessd_24_DFA,all,24_DFA_HAP_SPA,,SPA
C:\Users\Rafa\Downloads\proyecto-ia-20260212T103152Z-3-001\proyecto-ia\multimodal-emocion\data\audio\raw\ses_sd\24_DFA_NEU_SPA.wav,neutral,ses_sd,sessd_24_DFA,all,24_DFA_NEU_SPA,,SPA
C:\Users\Rafa\Downloads\proyecto-ia-20260212T103152Z-3-001\proyecto-ia\multimodal-emocion\data\audio\raw\ses_sd\24_DFA_SAD_SPA.wav,sadness,ses_sd,sessd_24_DFA,all,24_DFA_SAD_SPA,,SPA
C:\Users\Rafa\Downloads\proyecto-ia-20260212T103152Z-3-001\proyecto-ia\multimodal-emocion\data\audio\raw\ses_sd\24_IEO_ANG_SPA.wav,anger,ses_sd,sessd_24_IEO,all,24_IEO_ANG_SPA,,SPA
C:\Users\Rafa\Downloads\proyecto-ia-20260212T103152Z-3-001\proyecto-ia\multimodal-emocion\data\audio\raw\ses_sd\24_IEO_DIS_SPA.wav,disgust,ses_sd,sessd_24_IEO,all,24_IEO_DIS_SPA,,SPA
C:\Users\Rafa\Downloads\proyecto-ia-20260212T103152Z-3-001\proyecto-ia\multimodal-emocion\data\audio\raw\ses_sd\24_IEO_FEA_SPA.wav,fear,ses_sd,sessd_24_IEO,all,24_IEO_FEA_SPA,,SPA
C:\Users\Rafa\Downloads\proyecto-ia-20260212T103152Z-3-001\proyecto-ia\multimodal-emocion\data\audio\raw\ses_sd\24_IEO_HAP_SPA.wav,joy,ses_sd,sessd_24_IEO,all,24_IEO_HAP_SPA,,SPA
C:\Users\Rafa\Downloads\proyecto-ia-20260212T103152Z-3-001\proyecto-ia\multimodal-emocion\data\audio\raw\ses_sd\24_IEO_NEU_SPA.wav,neutral,ses_sd,sessd_24_IEO,all,24_IEO_NEU_SPA,,SPA
C:\Users\Rafa\Downloads\proyecto-ia-20260212T103152Z-3-001\proyecto-ia\multimodal-emocion\data\audio\raw\ses_sd\24_IEO_SAD_SPA.wav,sadness,ses_sd,sessd_24_IEO,all,24_IEO_SAD_SPA,,SPA
C:\Users\Rafa\Downloads\proyecto-ia-20260212T103152Z-3-001\proyecto-ia\multimodal-emocion\data\audio\raw\ses_sd\24_IWW_ANG_SPA.wav,anger,ses_sd,sessd_24_IWW,all,24_IWW_ANG_SPA,,SPA
C:\Users\Rafa\Downloads\proyecto-ia-20260212T103152Z-3-001\proyecto-ia\multimodal-emocion\data\audio\raw\ses_sd\24_IWW_DIS_SPA.wav,disgust,ses_sd,sessd_24_IWW,all,24_IWW_DIS_SPA,,SPA
C:\Users\Rafa\Downloads\proyecto-ia-20260212T103152Z-3-001\proyecto-ia\multimodal-emocion\data\audio\raw\ses_sd\24_IWW_FEA_SPA.wav,fear,ses_sd,sessd_24_IWW,all,24_IWW_FEA_SPA,,SPA
C:\Users\Rafa\Downloads\proyecto-ia-20260212T103152Z-3-001\proyecto-ia\multimodal-emocion\data\audio\raw\ses_sd\24_IWW_HAP_SPA.wav,joy,ses_sd,sessd_24_IWW,all,24_IWW_HAP_SPA,,SPA
C:\Users\Rafa\Downloads\proyecto-ia-20260212T103152Z-3-001\proyecto-ia\multimodal-emocion\data\audio\raw\ses_sd\24_IWW_NEU_SPA.wav,neutral,ses_sd,sessd_24_IWW,all,24_IWW_NEU_SPA,,SPA
C:\Users\Rafa\Downloads\proyecto-ia-20260212T103152Z-3-001\proyecto-ia\multimodal-emocion\data\audio\raw\ses_sd\24_IWW_SAD_SPA.wav,sadness,ses_sd,sessd_24_IWW,all,24_IWW_SAD_SPA,,SPA
C:\Users\Rafa\Downloads\proyecto-ia-20260212T103152Z-3-001\proyecto-ia\multimodal-emocion\data\audio\raw\ses_sd\24_TAI_ANG_SPA.wav,anger,ses_sd,sessd_24_TAI,all,24_TAI_ANG_SPA,,SPA
C:\Users\Rafa\Downloads\proyecto-ia-20260212T103152Z-3-001\proyecto-ia\multimodal-emocion\data\audio\raw\ses_sd\24_TAI_DIS_SPA.wav,disgust,ses_sd,sessd_24_TAI,all,24_TAI_DIS_SPA,,SPA
C:\Users\Rafa\Downloads\proyecto-ia-20260212T103152Z-3-001\proyecto-ia\multimodal-emocion\data\audio\raw\ses_sd\24_TAI_FEA_SPA.wav,fear,ses_sd,sessd_24_TAI,all,24_TAI_FEA_SPA,,SPA
C:\Users\Rafa\Downloads\proyecto-ia-20260212T103152Z-3-001\proyecto-ia\multimodal-emocion\data\audio\raw\ses_sd\24_TAI_HAP_SPA.wav,joy,ses_sd,sessd_24_TAI,all,24_TAI_HAP_SPA,,SPA
C:\Users\Rafa\Downloads\proyecto-ia-20260212T103152Z-3-001\proyecto-ia\multimodal-emocion\data\audio\raw\ses_sd\24_TAI_NEU_SPA.wav,neutral,ses_sd,sessd_24_TAI,all,24_TAI_NEU_SPA,,SPA
C:\Users\Rafa\Downloads\proyecto-ia-20260212T103152Z-3-001\proyecto-ia\multimodal-emocion\data\audio\raw\ses_sd\24_TAI_SAD_SPA.wav,sadness,ses_sd,sessd_24_TAI,all,24_TAI_SAD_SPA,,SPA
C:\Users\Rafa\Downloads\proyecto-ia-20260212T103152Z-3-001\proyecto-ia\multimodal-emocion\data\audio\raw\ses_sd\24_TSI_ANG_SPA.wav,anger,ses_sd,sessd_24_TSI,all,24_TSI_ANG_SPA,,SPA
C:\Users\Rafa\Downloads\proyecto-ia-20260212T103152Z-3-001\proyecto-ia\multimodal-emocion\data\audio\raw\ses_sd\24_TSI_DIS_SPA.wav,disgust,ses_sd,sessd_24_TSI,all,24_TSI_DIS_SPA,,SPA
C:\Users\Rafa\Downloads\proyecto-ia-20260212T103152Z-3-001\proyecto-ia\multimodal-emocion\data\audio\raw\ses_sd\24_TSI_FEA_SPA.wav,fear,ses_sd,sessd_24_TSI,all,24_TSI_FEA_SPA,,SPA
C:\Users\Rafa\Downloads\proyecto-ia-20260212T103152Z-3-001\proyecto-ia\multimodal-emocion\data\audio\raw\ses_sd\24_TSI_HAP_SPA.wav,joy,ses_sd,sessd_24_TSI,all,24_TSI_HAP_SPA,,SPA
C:\Users\Rafa\Downloads\proyecto-ia-20260212T103152Z-3-001\proyecto-ia\multimodal-emocion\data\audio\raw\ses_sd\24_TSI_NEU_SPA.wav,neutral,ses_sd,sessd_24_TSI,all,24_TSI_NEU_SPA,,SPA
C:\Users\Rafa\Downloads\proyecto-ia-20260212T103152Z-3-001\proyecto-ia\multimodal-emocion\data\audio\raw\ses_sd\24_TSI_SAD_SPA.wav,sadness,ses_sd,sessd_24_TSI,all,24_TSI_SAD_SPA,,SPA
C:\Users\Rafa\Downloads\proyecto-ia-20260212T103152Z-3-001\proyecto-ia\multimodal-emocion\data\audio\raw\ses_sd\25_DFA_ANG_SPA.wav,anger,ses_sd,sessd_25_DFA,all,25_DFA_ANG_SPA,,SPA
C:\Users\Rafa\Downloads\proyecto-ia-20260212T103152Z-3-001\proyecto-ia\multimodal-emocion\data\audio\raw\ses_sd\25_DFA_DIS_SPA.wav,disgust,ses_sd,sessd_25_DFA,all,25_DFA_DIS_SPA,,SPA
C:\Users\Rafa\Downloads\proyecto-ia-20260212T103152Z-3-001\proyecto-ia\multimodal-emocion\data\audio\raw\ses_sd\25_DFA_FEA_SPA.wav,fear,ses_sd,sessd_25_DFA,all,25_DFA_FEA_SPA,,SPA
C:\Users\Rafa\Downloads\proyecto-ia-20260212T103152Z-3-001\proyecto-ia\multimodal-emocion\data\audio\raw\ses_sd\25_DFA_HAP_SPA.wav,joy,ses_sd,sessd_25_DFA,all,25_DFA_HAP_SPA,,SPA
C:\Users\Rafa\Downloads\proyecto-ia-20260212T103152Z-3-001\proyecto-ia\multimodal-emocion\data\audio\raw\ses_sd\25_DFA_NEU_SPA.wav,neutral,ses_sd,sessd_25_DFA,all,25_DFA_NEU_SPA,,SPA
C:\Users\Rafa\Downloads\proyecto-ia-20260212T103152Z-3-001\proyecto-ia\multimodal-emocion\data\audio\raw\ses_sd\25_DFA_SAD_SPA.wav,sadness,ses_sd,sessd_25_DFA,all,25_DFA_SAD_SPA,,SPA
C:\Users\Rafa\Downloads\proyecto-ia-20260212T103152Z-3-001\proyecto-ia\multimodal-emocion\data\audio\raw\ses_sd\25_IEO_ANG_SPA.wav,anger,ses_sd,sessd_25_IEO,all,25_IEO_ANG_SPA,,SPA
C:\Users\Rafa\Downloads\proyecto-ia-20260212T103152Z-3-001\proyecto-ia\multimodal-emocion\data\audio\raw\ses_sd\25_IEO_DIS_SPA.wav,disgust,ses_sd,sessd_25_IEO,all,25_IEO_DIS_SPA,,SPA
C:\Users\Rafa\Downloads\proyecto-ia-20260212T103152Z-3-001\proyecto-ia\multimodal-emocion\data\audio\raw\ses_sd\25_IEO_FEA_SPA.wav,fear,ses_sd,sessd_25_IEO,all,25_IEO_FEA_SPA,,SPA
C:\Users\Rafa\Downloads\proyecto-ia-20260212T103152Z-3-001\proyecto-ia\multimodal-emocion\data\audio\raw\ses_sd\25_IEO_HAP_SPA.wav,joy,ses_sd,sessd_25_IEO,all,25_IEO_HAP_SPA,,SPA
C:\Users\Rafa\Downloads\proyecto-ia-20260212T103152Z-3-001\proyecto-ia\multimodal-emocion\data\audio\raw\ses_sd\25_IEO_NEU_SPA.wav,neutral,ses_sd,sessd_25_IEO,all,25_IEO_NEU_SPA,,SPA
C:\Users\Rafa\Downloads\proyecto-ia-20260212T103152Z-3-001\proyecto-ia\multimodal-emocion\data\audio\raw\ses_sd\25_IEO_SAD_SPA.wav,sadness,ses_sd,sessd_25_IEO,all,25_IEO_SAD_SPA,,SPA
C:\Users\Rafa\Downloads\proyecto-ia-20260212T103152Z-3-001\proyecto-ia\multimodal-emocion\data\audio\raw\ses_sd\25_IWW_ANG_SPA.wav,anger,ses_sd,sessd_25_IWW,all,25_IWW_ANG_SPA,,SPA
C:\Users\Rafa\Downloads\proyecto-ia-20260212T103152Z-3-001\proyecto-ia\multimodal-emocion\data\audio\raw\ses_sd\25_IWW_DIS_SPA.wav,disgust,ses_sd,sessd_25_IWW,all,25_IWW_DIS_SPA,,SPA
C:\Users\Rafa\Downloads\proyecto-ia-20260212T103152Z-3-001\proyecto-ia\multimodal-emocion\data\audio\raw\ses_sd\25_IWW_FEA_SPA.wav,fear,ses_sd,sessd_25_IWW,all,25_IWW_FEA_SPA,,SPA
C:\Users\Rafa\Downloads\proyecto-ia-20260212T103152Z-3-001\proyecto-ia\multimodal-emocion\data\audio\raw\ses_sd\25_IWW_HAP_SPA.wav,joy,ses_sd,sessd_25_IWW,all,25_IWW_HAP_SPA,,SPA
C:\Users\Rafa\Downloads\proyecto-ia-20260212T103152Z-3-001\proyecto-ia\multimodal-emocion\data\audio\raw\ses_sd\25_IWW_NEU_SPA.wav,neutral,ses_sd,sessd_25_IWW,all,25_IWW_NEU_SPA,,SPA
C:\Users\Rafa\Downloads\proyecto-ia-20260212T103152Z-3-001\proyecto-ia\multimodal-emocion\data\audio\raw\ses_sd\25_IWW_SAD_SPA.wav,sadness,ses_sd,sessd_25_IWW,all,25_IWW_SAD_SPA,,SPA
C:\Users\Rafa\Downloads\proyecto-ia-20260212T103152Z-3-001\proyecto-ia\multimodal-emocion\data\audio\raw\ses_sd\25_TAI_ANG_SPA.wav,anger,ses_sd,sessd_25_TAI,all,25_TAI_ANG_SPA,,SPA
C:\Users\Rafa\Downloads\proyecto-ia-20260212T103152Z-3-001\proyecto-ia\multimodal-emocion\data\audio\raw\ses_sd\25_TAI_DIS_SPA.wav,disgust,ses_sd,sessd_25_TAI,all,25_TAI_DIS_SPA,,SPA
C:\Users\Rafa\Downloads\proyecto-ia-20260212T103152Z-3-001\proyecto-ia\multimodal-emocion\data\audio\raw\ses_sd\25_TAI_FEA_SPA.wav,fear,ses_sd,sessd_25_TAI,all,25_TAI_FEA_SPA,,SPA
C:\Users\Rafa\Downloads\proyecto-ia-20260212T103152Z-3-001\proyecto-ia\multimodal-emocion\data\audio\raw\ses_sd\25_TAI_HAP_SPA.wav,joy,ses_sd,sessd_25_TAI,all,25_TAI_HAP_SPA,,SPA
C:\Users\Rafa\Downloads\proyecto-ia-20260212T103152Z-3-001\proyecto-ia\multimodal-emocion\data\audio\raw\ses_sd\25_TAI_NEU_SPA.wav,neutral,ses_sd,sessd_25_TAI,all,25_TAI_NEU_SPA,,SPA
C:\Users\Rafa\Downloads\proyecto-ia-20260212T103152Z-3-001\proyecto-ia\multimodal-emocion\data\audio\raw\ses_sd\25_TAI_SAD_SPA.wav,sadness,ses_sd,sessd_25_TAI,all,25_TAI_SAD_SPA,,SPA
C:\Users\Rafa\Downloads\proyecto-ia-20260212T103152Z-3-001\proyecto-ia\multimodal-emocion\data\audio\raw\ses_sd\25_TSI_ANG_SPA.wav,anger,ses_sd,sessd_25_TSI,all,25_TSI_ANG_SPA,,SPA
C:\Users\Rafa\Downloads\proyecto-ia-20260212T103152Z-3-001\proyecto-ia\multimodal-emocion\data\audio\raw\ses_sd\25_TSI_DIS_SPA.wav,disgust,ses_sd,sessd_25_TSI,all,25_TSI_DIS_SPA,,SPA
C:\Users\Rafa\Downloads\proyecto-ia-20260212T103152Z-3-001\proyecto-ia\multimodal-emocion\data\audio\raw\ses_sd\25_TSI_FEA_SPA.wav,fear,ses_sd,sessd_25_TSI,all,25_TSI_FEA_SPA,,SPA
C:\Users\Rafa\Downloads\proyecto-ia-20260212T103152Z-3-001\proyecto-ia\multimodal-emocion\data\audio\raw\ses_sd\25_TSI_NEU_SPA.wav,neutral,ses_sd,sessd_25_TSI,all,25_TSI_NEU_SPA,,SPA
C:\Users\Rafa\Downloads\proyecto-ia-20260212T103152Z-3-001\proyecto-ia\multimodal-emocion\data\audio\raw\ses_sd\25_TSI_SAD_SPA.wav,sadness,ses_sd,sessd_25_TSI,all,25_TSI_SAD_SPA,,SPA
C:\Users\Rafa\Downloads\proyecto-ia-20260212T103152Z-3-001\proyecto-ia\multimodal-emocion\data\audio\raw\ses_sd\26_DFA_ANG_SPA.wav,anger,ses_sd,sessd_26_DFA,all,26_DFA_ANG_SPA,,SPA
C:\Users\Rafa\Downloads\proyecto-ia-20260212T103152Z-3-001\proyecto-ia\multimodal-emocion\data\audio\raw\ses_sd\26_DFA_DIS_SPA.wav,disgust,ses_sd,sessd_26_DFA,all,26_DFA_DIS_SPA,,SPA
C:\Users\Rafa\Downloads\proyecto-ia-20260212T103152Z-3-001\proyecto-ia\multimodal-emocion\data\audio\raw\ses_sd\26_DFA_FEA_SPA.wav,fear,ses_sd,sessd_26_DFA,all,26_DFA_FEA_SPA,,SPA
C:\Users\Rafa\Downloads\proyecto-ia-20260212T103152Z-3-001\proyecto-ia\multimodal-emocion\data\audio\raw\ses_sd\26_DFA_HAP_SPA.wav,joy,ses_sd,sessd_26_DFA,all,26_DFA_HAP_SPA,,SPA
C:\Users\Rafa\Downloads\proyecto-ia-20260212T103152Z-3-001\proyecto-ia\multimodal-emocion\data\audio\raw\ses_sd\26_DFA_NEU_SPA.wav,neutral,ses_sd,sessd_26_DFA,all,26_DFA_NEU_SPA,,SPA
C:\Users\Rafa\Downloads\proyecto-ia-20260212T103152Z-3-001\proyecto-ia\multimodal-emocion\data\audio\raw\ses_sd\26_DFA_SAD_SPA.wav,sadness,ses_sd,sessd_26_DFA,all,26_DFA_SAD_SPA,,SPA
C:\Users\Rafa\Downloads\proyecto-ia-20260212T103152Z-3-001\proyecto-ia\multimodal-emocion\data\audio\raw\ses_sd\26_IEO_ANG_SPA.wav,anger,ses_sd,sessd_26_IEO,all,26_IEO_ANG_SPA,,SPA
C:\Users\Rafa\Downloads\proyecto-ia-20260212T103152Z-3-001\proyecto-ia\multimodal-emocion\data\audio\raw\ses_sd\26_IEO_DIS_SPA.wav,disgust,ses_sd,sessd_26_IEO,all,26_IEO_DIS_SPA,,SPA
C:\Users\Rafa\Downloads\proyecto-ia-20260212T103152Z-3-001\proyecto-ia\multimodal-emocion\data\audio\raw\ses_sd\26_IEO_FEA_SPA.wav,fear,ses_sd,sessd_26_IEO,all,26_IEO_FEA_SPA,,SPA
C:\Users\Rafa\Downloads\proyecto-ia-20260212T103152Z-3-001\proyecto-ia\multimodal-emocion\data\audio\raw\ses_sd\26_IEO_HAP_SPA.wav,joy,ses_sd,sessd_26_IEO,all,26_IEO_HAP_SPA,,SPA
C:\Users\Rafa\Downloads\proyecto-ia-20260212T103152Z-3-001\proyecto-ia\multimodal-emocion\data\audio\raw\ses_sd\26_IEO_NEU_SPA.wav,neutral,ses_sd,sessd_26_IEO,all,26_IEO_NEU_SPA,,SPA
C:\Users\Rafa\Downloads\proyecto-ia-20260212T103152Z-3-001\proyecto-ia\multimodal-emocion\data\audio\raw\ses_sd\26_IEO_SAD_SPA.wav,sadness,ses_sd,sessd_26_IEO,all,26_IEO_SAD_SPA,,SPA
C:\Users\Rafa\Downloads\proyecto-ia-20260212T103152Z-3-001\proyecto-ia\multimodal-emocion\data\audio\raw\ses_sd\26_IWW_ANG_SPA.wav,anger,ses_sd,sessd_26_IWW,all,26_IWW_ANG_SPA,,SPA
C:\Users\Rafa\Downloads\proyecto-ia-20260212T103152Z-3-001\proyecto-ia\multimodal-emocion\data\audio\raw\ses_sd\26_IWW_DIS_SPA.wav,disgust,ses_sd,sessd_26_IWW,all,26_IWW_DIS_SPA,,SPA
C:\Users\Rafa\Downloads\proyecto-ia-20260212T103152Z-3-001\proyecto-ia\multimodal-emocion\data\audio\raw\ses_sd\26_IWW_FEA_SPA.wav,fear,ses_sd,sessd_26_IWW,all,26_IWW_FEA_SPA,,SPA
C:\Users\Rafa\Downloads\proyecto-ia-20260212T103152Z-3-001\proyecto-ia\multimodal-emocion\data\audio\raw\ses_sd\26_IWW_HAP_SPA.wav,joy,ses_sd,sessd_26_IWW,all,26_IWW_HAP_SPA,,SPA
C:\Users\Rafa\Downloads\proyecto-ia-20260212T103152Z-3-001\proyecto-ia\multimodal-emocion\data\audio\raw\ses_sd\26_IWW_NEU_SPA.wav,neutral,ses_sd,sessd_26_IWW,all,26_IWW_NEU_SPA,,SPA
C:\Users\Rafa\Downloads\proyecto-ia-20260212T103152Z-3-001\proyecto-ia\multimodal-emocion\data\audio\raw\ses_sd\26_IWW_SAD_SPA.wav,sadness,ses_sd,sessd_26_IWW,all,26_IWW_SAD_SPA,,SPA
C:\Users\Rafa\Downloads\proyecto-ia-20260212T103152Z-3-001\proyecto-ia\multimodal-emocion\data\audio\raw\ses_sd\26_TAI_ANG_SPA.wav,anger,ses_sd,sessd_26_TAI,all,26_TAI_ANG_SPA,,SPA
C:\Users\Rafa\Downloads\proyecto-ia-20260212T103152Z-3-001\proyecto-ia\multimodal-emocion\data\audio\raw\ses_sd\26_TAI_DIS_SPA.wav,disgust,ses_sd,sessd_26_TAI,all,26_TAI_DIS_SPA,,SPA
C:\Users\Rafa\Downloads\proyecto-ia-20260212T103152Z-3-001\proyecto-ia\multimodal-emocion\data\audio\raw\ses_sd\26_TAI_FEA_SPA.wav,fear,ses_sd,sessd_26_TAI,all,26_TAI_FEA_SPA,,SPA
C:\Users\Rafa\Downloads\proyecto-ia-20260212T103152Z-3-001\proyecto-ia\multimodal-emocion\data\audio\raw\ses_sd\26_TAI_HAP_SPA.wav,joy,ses_sd,sessd_26_TAI,all,26_TAI_HAP_SPA,,SPA
C:\Users\Rafa\Downloads\proyecto-ia-20260212T103152Z-3-001\proyecto-ia\multimodal-emocion\data\audio\raw\ses_sd\26_TAI_NEU_SPA.wav,neutral,ses_sd,sessd_26_TAI,all,26_TAI_NEU_SPA,,SPA
C:\Users\Rafa\Downloads\proyecto-ia-20260212T103152Z-3-001\proyecto-ia\multimodal-emocion\data\audio\raw\ses_sd\26_TAI_SAD_SPA.wav,sadness,ses_sd,sessd_26_TAI,all,26_TAI_SAD_SPA,,SPA
C:\Users\Rafa\Downloads\proyecto-ia-20260212T103152Z-3-001\proyecto-ia\multimodal-emocion\data\audio\raw\ses_sd\26_TSI_ANG_SPA.wav,anger,ses_sd,sessd_26_TSI,all,26_TSI_ANG_SPA,,SPA
C:\Users\Rafa\Downloads\proyecto-ia-20260212T103152Z-3-001\proyecto-ia\multimodal-emocion\data\audio\raw\ses_sd\26_TSI_DIS_SPA.wav,disgust,ses_sd,sessd_26_TSI,all,26_TSI_DIS_SPA,,SPA
C:\Users\Rafa\Downloads\proyecto-ia-20260212T103152Z-3-001\proyecto-ia\multimodal-emocion\data\audio\raw\ses_sd\26_TSI_FEA_SPA.wav,fear,ses_sd,sessd_26_TSI,all,26_TSI_FEA_SPA,,SPA
C:\Users\Rafa\Downloads\proyecto-ia-20260212T103152Z-3-001\proyecto-ia\multimodal-emocion\data\audio\raw\ses_sd\26_TSI_HAP_SPA.wav,joy,ses_sd,sessd_26_TSI,all,26_TSI_HAP_SPA,,SPA
C:\Users\Rafa\Downloads\proyecto-ia-20260212T103152Z-3-001\proyecto-ia\multimodal-emocion\data\audio\raw\ses_sd\26_TSI_NEU_SPA.wav,neutral,ses_sd,sessd_26_TSI,all,26_TSI_NEU_SPA,,SPA
C:\Users\Rafa\Downloads\proyecto-ia-20260212T103152Z-3-001\proyecto-ia\multimodal-emocion\data\audio\raw\ses_sd\26_TSI_SAD_SPA.wav,sadness,ses_sd,sessd_26_TSI,all,26_TSI_SAD_SPA,,SPA
C:\Users\Rafa\Downloads\proyecto-ia-20260212T103152Z-3-001\proyecto-ia\multimodal-emocion\data\audio\raw\ses_sd\27_DFA_ANG_SPA.wav,anger,ses_sd,sessd_27_DFA,all,27_DFA_ANG_SPA,,SPA
C:\Users\Rafa\Downloads\proyecto-ia-20260212T103152Z-3-001\proyecto-ia\multimodal-emocion\data\audio\raw\ses_sd\27_DFA_DIS_SPA.wav,disgust,ses_sd,sessd_27_DFA,all,27_DFA_DIS_SPA,,SPA
C:\Users\Rafa\Downloads\proyecto-ia-20260212T103152Z-3-001\proyecto-ia\multimodal-emocion\data\audio\raw\ses_sd\27_DFA_FEA_SPA.wav,fear,ses_sd,sessd_27_DFA,all,27_DFA_FEA_SPA,,SPA
C:\Users\Rafa\Downloads\proyecto-ia-20260212T103152Z-3-001\proyecto-ia\multimodal-emocion\data\audio\raw\ses_sd\27_DFA_HAP_SPA.wav,joy,ses_sd,sessd_27_DFA,all,27_DFA_HAP_SPA,,SPA
C:\Users\Rafa\Downloads\proyecto-ia-20260212T103152Z-3-001\proyecto-ia\multimodal-emocion\data\audio\raw\ses_sd\27_DFA_NEU_SPA.wav,neutral,ses_sd,sessd_27_DFA,all,27_DFA_NEU_SPA,,SPA
C:\Users\Rafa\Downloads\proyecto-ia-20260212T103152Z-3-001\proyecto-ia\multimodal-emocion\data\audio\raw\ses_sd\27_DFA_SAD_SPA.wav,sadness,ses_sd,sessd_27_DFA,all,27_DFA_SAD_SPA,,SPA
C:\Users\Rafa\Downloads\proyecto-ia-20260212T103152Z-3-001\proyecto-ia\multimodal-emocion\data\audio\raw\ses_sd\27_IEO_ANG_SPA.wav,anger,ses_sd,sessd_27_IEO,all,27_IEO_ANG_SPA,,SPA
C:\Users\Rafa\Downloads\proyecto-ia-20260212T103152Z-3-001\proyecto-ia\multimodal-emocion\data\audio\raw\ses_sd\27_IEO_DIS_SPA.wav,disgust,ses_sd,sessd_27_IEO,all,27_IEO_DIS_SPA,,SPA
C:\Users\Rafa\Downloads\proyecto-ia-20260212T103152Z-3-001\proyecto-ia\multimodal-emocion\data\audio\raw\ses_sd\27_IEO_FEA_SPA.wav,fear,ses_sd,sessd_27_IEO,all,27_IEO_FEA_SPA,,SPA
C:\Users\Rafa\Downloads\proyecto-ia-20260212T103152Z-3-001\proyecto-ia\multimodal-emocion\data\audio\raw\ses_sd\27_IEO_HAP_SPA.wav,joy,ses_sd,sessd_27_IEO,all,27_IEO_HAP_SPA,,SPA
C:\Users\Rafa\Downloads\proyecto-ia-20260212T103152Z-3-001\proyecto-ia\multimodal-emocion\data\audio\raw\ses_sd\27_IEO_NEU_SPA.wav,neutral,ses_sd,sessd_27_IEO,all,27_IEO_NEU_SPA,,SPA
C:\Users\Rafa\Downloads\proyecto-ia-20260212T103152Z-3-001\proyecto-ia\multimodal-emocion\data\audio\raw\ses_sd\27_IEO_SAD_SPA.wav,sadness,ses_sd,sessd_27_IEO,all,27_IEO_SAD_SPA,,SPA
C:\Users\Rafa\Downloads\proyecto-ia-20260212T103152Z-3-001\proyecto-ia\multimodal-emocion\data\audio\raw\ses_sd\27_IWW_ANG_SPA.wav,anger,ses_sd,sessd_27_IWW,all,27_IWW_ANG_SPA,,SPA
C:\Users\Rafa\Downloads\proyecto-ia-20260212T103152Z-3-001\proyecto-ia\multimodal-emocion\data\audio\raw\ses_sd\27_IWW_DIS_SPA.wav,disgust,ses_sd,sessd_27_IWW,all,27_IWW_DIS_SPA,,SPA
C:\Users\Rafa\Downloads\proyecto-ia-20260212T103152Z-3-001\proyecto-ia\multimodal-emocion\data\audio\raw\ses_sd\27_IWW_FEA_SPA.wav,fear,ses_sd,sessd_27_IWW,all,27_IWW_FEA_SPA,,SPA
C:\Users\Rafa\Downloads\proyecto-ia-20260212T103152Z-3-001\proyecto-ia\multimodal-emocion\data\audio\raw\ses_sd\27_IWW_HAP_SPA.wav,joy,ses_sd,sessd_27_IWW,all,27_IWW_HAP_SPA,,SPA
C:\Users\Rafa\Downloads\proyecto-ia-20260212T103152Z-3-001\proyecto-ia\multimodal-emocion\data\audio\raw\ses_sd\27_IWW_NEU_SPA.wav,neutral,ses_sd,sessd_27_IWW,all,27_IWW_NEU_SPA,,SPA
C:\Users\Rafa\Downloads\proyecto-ia-20260212T103152Z-3-001\proyecto-ia\multimodal-emocion\data\audio\raw\ses_sd\27_IWW_SAD_SPA.wav,sadness,ses_sd,sessd_27_IWW,all,27_IWW_SAD_SPA,,SPA
C:\Users\Rafa\Downloads\proyecto-ia-20260212T103152Z-3-001\proyecto-ia\multimodal-emocion\data\audio\raw\ses_sd\27_TAI_ANG_SPA.wav,anger,ses_sd,sessd_27_TAI,all,27_TAI_ANG_SPA,,SPA
C:\Users\Rafa\Downloads\proyecto-ia-20260212T103152Z-3-001\proyecto-ia\multimodal-emocion\data\audio\raw\ses_sd\27_TAI_DIS_SPA.wav,disgust,ses_sd,sessd_27_TAI,all,27_TAI_DIS_SPA,,SPA
C:\Users\Rafa\Downloads\proyecto-ia-20260212T103152Z-3-001\proyecto-ia\multimodal-emocion\data\audio\raw\ses_sd\27_TAI_FEA_SPA.wav,fear,ses_sd,sessd_27_TAI,all,27_TAI_FEA_SPA,,SPA
C:\Users\Rafa\Downloads\proyecto-ia-20260212T103152Z-3-001\proyecto-ia\multimodal-emocion\data\audio\raw\ses_sd\27_TAI_HAP_SPA.wav,joy,ses_sd,sessd_27_TAI,all,27_TAI_HAP_SPA,,SPA
C:\Users\Rafa\Downloads\proyecto-ia-20260212T103152Z-3-001\proyecto-ia\multimodal-emocion\data\audio\raw\ses_sd\27_TAI_NEU_SPA.wav,neutral,ses_sd,sessd_27_TAI,all,27_TAI_NEU_SPA,,SPA
C:\Users\Rafa\Downloads\proyecto-ia-20260212T103152Z-3-001\proyecto-ia\multimodal-emocion\data\audio\raw\ses_sd\27_TAI_SAD_SPA.wav,sadness,ses_sd,sessd_27_TAI,all,27_TAI_SAD_SPA,,SPA
C:\Users\Rafa\Downloads\proyecto-ia-20260212T103152Z-3-001\proyecto-ia\multimodal-emocion\data\audio\raw\ses_sd\27_TSI_ANG_SPA.wav,anger,ses_sd,sessd_27_TSI,all,27_TSI_ANG_SPA,,SPA
C:\Users\Rafa\Downloads\proyecto-ia-20260212T103152Z-3-001\proyecto-ia\multimodal-emocion\data\audio\raw\ses_sd\27_TSI_DIS_SPA.wav,disgust,ses_sd,sessd_27_TSI,all,27_TSI_DIS_SPA,,SPA
C:\Users\Rafa\Downloads\proyecto-ia-20260212T103152Z-3-001\proyecto-ia\multimodal-emocion\data\audio\raw\ses_sd\27_TSI_FEA_SPA.wav,fear,ses_sd,sessd_27_TSI,all,27_TSI_FEA_SPA,,SPA
C:\Users\Rafa\Downloads\proyecto-ia-20260212T103152Z-3-001\proyecto-ia\multimodal-emocion\data\audio\raw\ses_sd\27_TSI_HAP_SPA.wav,joy,ses_sd,sessd_27_TSI,all,27_TSI_HAP_SPA,,SPA
C:\Users\Rafa\Downloads\proyecto-ia-20260212T103152Z-3-001\proyecto-ia\multimodal-emocion\data\audio\raw\ses_sd\27_TSI_NEU_SPA.wav,neutral,ses_sd,sessd_27_TSI,all,27_TSI_NEU_SPA,,SPA
C:\Users\Rafa\Downloads\proyecto-ia-20260212T103152Z-3-001\proyecto-ia\multimodal-emocion\data\audio\raw\ses_sd\27_TSI_SAD_SPA.wav,sadness,ses_sd,sessd_27_TSI,all,27_TSI_SAD_SPA,,SPA
C:\Users\Rafa\Downloads\proyecto-ia-20260212T103152Z-3-001\proyecto-ia\multimodal-emocion\data\audio\raw\ses_sd\28_DFA_ANG_SPA.wav,anger,ses_sd,sessd_28_DFA,all,28_DFA_ANG_SPA,,SPA
C:\Users\Rafa\Downloads\proyecto-ia-20260212T103152Z-3-001\proyecto-ia\multimodal-emocion\data\audio\raw\ses_sd\28_DFA_DIS_SPA.wav,disgust,ses_sd,sessd_28_DFA,all,28_DFA_DIS_SPA,,SPA
C:\Users\Rafa\Downloads\proyecto-ia-20260212T103152Z-3-001\proyecto-ia\multimodal-emocion\data\audio\raw\ses_sd\28_DFA_FEA_SPA.wav,fear,ses_sd,sessd_28_DFA,all,28_DFA_FEA_SPA,,SPA
C:\Users\Rafa\Downloads\proyecto-ia-20260212T103152Z-3-001\proyecto-ia\multimodal-emocion\data\audio\raw\ses_sd\28_DFA_HAP_SPA.wav,joy,ses_sd,sessd_28_DFA,all,28_DFA_HAP_SPA,,SPA
C:\Users\Rafa\Downloads\proyecto-ia-20260212T103152Z-3-001\proyecto-ia\multimodal-emocion\data\audio\raw\ses_sd\28_DFA_NEU_SPA.wav,neutral,ses_sd,sessd_28_DFA,all,28_DFA_NEU_SPA,,SPA
C:\Users\Rafa\Downloads\proyecto-ia-20260212T103152Z-3-001\proyecto-ia\multimodal-emocion\data\audio\raw\ses_sd\28_DFA_SAD_SPA.wav,sadness,ses_sd,sessd_28_DFA,all,28_DFA_SAD_SPA,,SPA
C:\Users\Rafa\Downloads\proyecto-ia-20260212T103152Z-3-001\proyecto-ia\multimodal-emocion\data\audio\raw\ses_sd\28_IEO_ANG_SPA.wav,anger,ses_sd,sessd_28_IEO,all,28_IEO_ANG_SPA,,SPA
C:\Users\Rafa\Downloads\proyecto-ia-20260212T103152Z-3-001\proyecto-ia\multimodal-emocion\data\audio\raw\ses_sd\28_IEO_DIS_SPA.wav,disgust,ses_sd,sessd_28_IEO,all,28_IEO_DIS_SPA,,SPA
C:\Users\Rafa\Downloads\proyecto-ia-20260212T103152Z-3-001\proyecto-ia\multimodal-emocion\data\audio\raw\ses_sd\28_IEO_FEA_SPA.wav,fear,ses_sd,sessd_28_IEO,all,28_IEO_FEA_SPA,,SPA
C:\Users\Rafa\Downloads\proyecto-ia-20260212T103152Z-3-001\proyecto-ia\multimodal-emocion\data\audio\raw\ses_sd\28_IEO_HAP_SPA.wav,joy,ses_sd,sessd_28_IEO,all,28_IEO_HAP_SPA,,SPA
C:\Users\Rafa\Downloads\proyecto-ia-20260212T103152Z-3-001\proyecto-ia\multimodal-emocion\data\audio\raw\ses_sd\28_IEO_NEU_SPA.wav,neutral,ses_sd,sessd_28_IEO,all,28_IEO_NEU_SPA,,SPA
C:\Users\Rafa\Downloads\proyecto-ia-20260212T103152Z-3-001\proyecto-ia\multimodal-emocion\data\audio\raw\ses_sd\28_IEO_SAD_SPA.wav,sadness,ses_sd,sessd_28_IEO,all,28_IEO_SAD_SPA,,SPA
C:\Users\Rafa\Downloads\proyecto-ia-20260212T103152Z-3-001\proyecto-ia\multimodal-emocion\data\audio\raw\ses_sd\28_IWW_ANG_SPA.wav,anger,ses_sd,sessd_28_IWW,all,28_IWW_ANG_SPA,,SPA
C:\Users\Rafa\Downloads\proyecto-ia-20260212T103152Z-3-001\proyecto-ia\multimodal-emocion\data\audio\raw\ses_sd\28_IWW_DIS_SPA.wav,disgust,ses_sd,sessd_28_IWW,all,28_IWW_DIS_SPA,,SPA
C:\Users\Rafa\Downloads\proyecto-ia-20260212T103152Z-3-001\proyecto-ia\multimodal-emocion\data\audio\raw\ses_sd\28_IWW_FEA_SPA.wav,fear,ses_sd,sessd_28_IWW,all,28_IWW_FEA_SPA,,SPA
C:\Users\Rafa\Downloads\proyecto-ia-20260212T103152Z-3-001\proyecto-ia\multimodal-emocion\data\audio\raw\ses_sd\28_IWW_HAP_SPA.wav,joy,ses_sd,sessd_28_IWW,all,28_IWW_HAP_SPA,,SPA
C:\Users\Rafa\Downloads\proyecto-ia-20260212T103152Z-3-001\proyecto-ia\multimodal-emocion\data\audio\raw\ses_sd\28_IWW_NEU_SPA.wav,neutral,ses_sd,sessd_28_IWW,all,28_IWW_NEU_SPA,,SPA
C:\Users\Rafa\Downloads\proyecto-ia-20260212T103152Z-3-001\proyecto-ia\multimodal-emocion\data\audio\raw\ses_sd\28_IWW_SAD_SPA.wav,sadness,ses_sd,sessd_28_IWW,all,28_IWW_SAD_SPA,,SPA
C:\Users\Rafa\Downloads\proyecto-ia-20260212T103152Z-3-001\proyecto-ia\multimodal-emocion\data\audio\raw\ses_sd\28_TAI_ANG_SPA.wav,anger,ses_sd,sessd_28_TAI,all,28_TAI_ANG_SPA,,SPA
C:\Users\Rafa\Downloads\proyecto-ia-20260212T103152Z-3-001\proyecto-ia\multimodal-emocion\data\audio\raw\ses_sd\28_TAI_DIS_SPA.wav,disgust,ses_sd,sessd_28_TAI,all,28_TAI_DIS_SPA,,SPA
C:\Users\Rafa\Downloads\proyecto-ia-20260212T103152Z-3-001\proyecto-ia\multimodal-emocion\data\audio\raw\ses_sd\28_TAI_FEA_SPA.wav,fear,ses_sd,sessd_28_TAI,all,28_TAI_FEA_SPA,,SPA
C:\Users\Rafa\Downloads\proyecto-ia-20260212T103152Z-3-001\proyecto-ia\multimodal-emocion\data\audio\raw\ses_sd\28_TAI_HAP_SPA.wav,joy,ses_sd,sessd_28_TAI,all,28_TAI_HAP_SPA,,SPA
C:\Users\Rafa\Downloads\proyecto-ia-20260212T103152Z-3-001\proyecto-ia\multimodal-emocion\data\audio\raw\ses_sd\28_TAI_NEU_SPA.wav,neutral,ses_sd,sessd_28_TAI,all,28_TAI_NEU_SPA,,SPA
C:\Users\Rafa\Downloads\proyecto-ia-20260212T103152Z-3-001\proyecto-ia\multimodal-emocion\data\audio\raw\ses_sd\28_TAI_SAD_SPA.wav,sadness,ses_sd,sessd_28_TAI,all,28_TAI_SAD_SPA,,SPA
C:\Users\Rafa\Downloads\proyecto-ia-20260212T103152Z-3-001\proyecto-ia\multimodal-emocion\data\audio\raw\ses_sd\28_TSI_ANG_SPA.wav,anger,ses_sd,sessd_28_TSI,all,28_TSI_ANG_SPA,,SPA
C:\Users\Rafa\Downloads\proyecto-ia-20260212T103152Z-3-001\proyecto-ia\multimodal-emocion\data\audio\raw\ses_sd\28_TSI_DIS_SPA.wav,disgust,ses_sd,sessd_28_TSI,all,28_TSI_DIS_SPA,,SPA
C:\Users\Rafa\Downloads\proyecto-ia-20260212T103152Z-3-001\proyecto-ia\multimodal-emocion\data\audio\raw\ses_sd\28_TSI_FEA_SPA.wav,fear,ses_sd,sessd_28_TSI,all,28_TSI_FEA_SPA,,SPA
C:\Users\Rafa\Downloads\proyecto-ia-20260212T103152Z-3-001\proyecto-ia\multimodal-emocion\data\audio\raw\ses_sd\28_TSI_HAP_SPA.wav,joy,ses_sd,sessd_28_TSI,all,28_TSI_HAP_SPA,,SPA
C:\Users\Rafa\Downloads\proyecto-ia-20260212T103152Z-3-001\proyecto-ia\multimodal-emocion\data\audio\raw\ses_sd\28_TSI_NEU_SPA.wav,neutral,ses_sd,sessd_28_TSI,all,28_TSI_NEU_SPA,,SPA
C:\Users\Rafa\Downloads\proyecto-ia-20260212T103152Z-3-001\proyecto-ia\multimodal-emocion\data\audio\raw\ses_sd\28_TSI_SAD_SPA.wav,sadness,ses_sd,sessd_28_TSI,all,28_TSI_SAD_SPA,,SPA
C:\Users\Rafa\Downloads\proyecto-ia-20260212T103152Z-3-001\proyecto-ia\multimodal-emocion\data\audio\raw\ses_sd\29_DFA_ANG_SPA.wav,anger,ses_sd,sessd_29_DFA,all,29_DFA_ANG_SPA,,SPA
C:\Users\Rafa\Downloads\proyecto-ia-20260212T103152Z-3-001\proyecto-ia\multimodal-emocion\data\audio\raw\ses_sd\29_DFA_DIS_SPA.wav,disgust,ses_sd,sessd_29_DFA,all,29_DFA_DIS_SPA,,SPA
C:\Users\Rafa\Downloads\proyecto-ia-20260212T103152Z-3-001\proyecto-ia\multimodal-emocion\data\audio\raw\ses_sd\29_DFA_FEA_SPA.wav,fear,ses_sd,sessd_29_DFA,all,29_DFA_FEA_SPA,,SPA
C:\Users\Rafa\Downloads\proyecto-ia-20260212T103152Z-3-001\proyecto-ia\multimodal-emocion\data\audio\raw\ses_sd\29_DFA_HAP_SPA.wav,joy,ses_sd,sessd_29_DFA,all,29_DFA_HAP_SPA,,SPA
C:\Users\Rafa\Downloads\proyecto-ia-20260212T103152Z-3-001\proyecto-ia\multimodal-emocion\data\audio\raw\ses_sd\29_DFA_NEU_SPA.wav,neutral,ses_sd,sessd_29_DFA,all,29_DFA_NEU_SPA,,SPA
C:\Users\Rafa\Downloads\proyecto-ia-20260212T103152Z-3-001\proyecto-ia\multimodal-emocion\data\audio\raw\ses_sd\29_DFA_SAD_SPA.wav,sadness,ses_sd,sessd_29_DFA,all,29_DFA_SAD_SPA,,SPA
C:\Users\Rafa\Downloads\proyecto-ia-20260212T103152Z-3-001\proyecto-ia\multimodal-emocion\data\audio\raw\ses_sd\29_IEO_ANG_SPA.wav,anger,ses_sd,sessd_29_IEO,all,29_IEO_ANG_SPA,,SPA
C:\Users\Rafa\Downloads\proyecto-ia-20260212T103152Z-3-001\proyecto-ia\multimodal-emocion\data\audio\raw\ses_sd\29_IEO_DIS_SPA.wav,disgust,ses_sd,sessd_29_IEO,all,29_IEO_DIS_SPA,,SPA
C:\Users\Rafa\Downloads\proyecto-ia-20260212T103152Z-3-001\proyecto-ia\multimodal-emocion\data\audio\raw\ses_sd\29_IEO_FEA_SPA.wav,fear,ses_sd,sessd_29_IEO,all,29_IEO_FEA_SPA,,SPA
C:\Users\Rafa\Downloads\proyecto-ia-20260212T103152Z-3-001\proyecto-ia\multimodal-emocion\data\audio\raw\ses_sd\29_IEO_HAP_SPA.wav,joy,ses_sd,sessd_29_IEO,all,29_IEO_HAP_SPA,,SPA
C:\Users\Rafa\Downloads\proyecto-ia-20260212T103152Z-3-001\proyecto-ia\multimodal-emocion\data\audio\raw\ses_sd\29_IEO_NEU_SPA.wav,neutral,ses_sd,sessd_29_IEO,all,29_IEO_NEU_SPA,,SPA
C:\Users\Rafa\Downloads\proyecto-ia-20260212T103152Z-3-001\proyecto-ia\multimodal-emocion\data\audio\raw\ses_sd\29_IEO_SAD_SPA.wav,sadness,ses_sd,sessd_29_IEO,all,29_IEO_SAD_SPA,,SPA
C:\Users\Rafa\Downloads\proyecto-ia-20260212T103152Z-3-001\proyecto-ia\multimodal-emocion\data\audio\raw\ses_sd\29_IWW_ANG_SPA.wav,anger,ses_sd,sessd_29_IWW,all,29_IWW_ANG_SPA,,SPA
C:\Users\Rafa\Downloads\proyecto-ia-20260212T103152Z-3-001\proyecto-ia\multimodal-emocion\data\audio\raw\ses_sd\29_IWW_DIS_SPA.wav,disgust,ses_sd,sessd_29_IWW,all,29_IWW_DIS_SPA,,SPA
C:\Users\Rafa\Downloads\proyecto-ia-20260212T103152Z-3-001\proyecto-ia\multimodal-emocion\data\audio\raw\ses_sd\29_IWW_FEA_SPA.wav,fear,ses_sd,sessd_29_IWW,all,29_IWW_FEA_SPA,,SPA
C:\Users\Rafa\Downloads\proyecto-ia-20260212T103152Z-3-001\proyecto-ia\multimodal-emocion\data\audio\raw\ses_sd\29_IWW_HAP_SPA.wav,joy,ses_sd,sessd_29_IWW,all,29_IWW_HAP_SPA,,SPA
C:\Users\Rafa\Downloads\proyecto-ia-20260212T103152Z-3-001\proyecto-ia\multimodal-emocion\data\audio\raw\ses_sd\29_IWW_NEU_SPA.wav,neutral,ses_sd,sessd_29_IWW,all,29_IWW_NEU_SPA,,SPA
C:\Users\Rafa\Downloads\proyecto-ia-20260212T103152Z-3-001\proyecto-ia\multimodal-emocion\data\audio\raw\ses_sd\29_IWW_SAD_SPA.wav,sadness,ses_sd,sessd_29_IWW,all,29_IWW_SAD_SPA,,SPA
C:\Users\Rafa\Downloads\proyecto-ia-20260212T103152Z-3-001\proyecto-ia\multimodal-emocion\data\audio\raw\ses_sd\29_TAI_ANG_SPA.wav,anger,ses_sd,sessd_29_TAI,all,29_TAI_ANG_SPA,,SPA
C:\Users\Rafa\Downloads\proyecto-ia-20260212T103152Z-3-001\proyecto-ia\multimodal-emocion\data\audio\raw\ses_sd\29_TAI_DIS_SPA.wav,disgust,ses_sd,sessd_29_TAI,all,29_TAI_DIS_SPA,,SPA
C:\Users\Rafa\Downloads\proyecto-ia-20260212T103152Z-3-001\proyecto-ia\multimodal-emocion\data\audio\raw\ses_sd\29_TAI_FEA_SPA.wav,fear,ses_sd,sessd_29_TAI,all,29_TAI_FEA_SPA,,SPA
C:\Users\Rafa\Downloads\proyecto-ia-20260212T103152Z-3-001\proyecto-ia\multimodal-emocion\data\audio\raw\ses_sd\29_TAI_HAP_SPA.wav,joy,ses_sd,sessd_29_TAI,all,29_TAI_HAP_SPA,,SPA
C:\Users\Rafa\Downloads\proyecto-ia-20260212T103152Z-3-001\proyecto-ia\multimodal-emocion\data\audio\raw\ses_sd\29_TAI_NEU_SPA.wav,neutral,ses_sd,sessd_29_TAI,all,29_TAI_NEU_SPA,,SPA
C:\Users\Rafa\Downloads\proyecto-ia-20260212T103152Z-3-001\proyecto-ia\multimodal-emocion\data\audio\raw\ses_sd\29_TAI_SAD_SPA.wav,sadness,ses_sd,sessd_29_TAI,all,29_TAI_SAD_SPA,,SPA
C:\Users\Rafa\Downloads\proyecto-ia-20260212T103152Z-3-001\proyecto-ia\multimodal-emocion\data\audio\raw\ses_sd\29_TSI_ANG_SPA.wav,anger,ses_sd,sessd_29_TSI,all,29_TSI_ANG_SPA,,SPA
C:\Users\Rafa\Downloads\proyecto-ia-20260212T103152Z-3-001\proyecto-ia\multimodal-emocion\data\audio\raw\ses_sd\29_TSI_DIS_SPA.wav,disgust,ses_sd,sessd_29_TSI,all,29_TSI_DIS_SPA,,SPA
C:\Users\Rafa\Downloads\proyecto-ia-20260212T103152Z-3-001\proyecto-ia\multimodal-emocion\data\audio\raw\ses_sd\29_TSI_FEA_SPA.wav,fear,ses_sd,sessd_29_TSI,all,29_TSI_FEA_SPA,,SPA
C:\Users\Rafa\Downloads\proyecto-ia-20260212T103152Z-3-001\proyecto-ia\multimodal-emocion\data\audio\raw\ses_sd\29_TSI_HAP_SPA.wav,joy,ses_sd,sessd_29_TSI,all,29_TSI_HAP_SPA,,SPA
C:\Users\Rafa\Downloads\proyecto-ia-20260212T103152Z-3-001\proyecto-ia\multimodal-emocion\data\audio\raw\ses_sd\29_TSI_NEU_SPA.wav,neutral,ses_sd,sessd_29_TSI,all,29_TSI_NEU_SPA,,SPA
C:\Users\Rafa\Downloads\proyecto-ia-20260212T103152Z-3-001\proyecto-ia\multimodal-emocion\data\audio\raw\ses_sd\29_TSI_SAD_SPA.wav,sadness,ses_sd,sessd_29_TSI,all,29_TSI_SAD_SPA,,SPA
C:\Users\Rafa\Downloads\proyecto-ia-20260212T103152Z-3-001\proyecto-ia\multimodal-emocion\data\audio\raw\ses_sd\2_DFA_ANG_SPA.wav,anger,ses_sd,sessd_2_DFA,all,2_DFA_ANG_SPA,,SPA
C:\Users\Rafa\Downloads\proyecto-ia-20260212T103152Z-3-001\proyecto-ia\multimodal-emocion\data\audio\raw\ses_sd\2_DFA_DIS_SPA.wav,disgust,ses_sd,sessd_2_DFA,all,2_DFA_DIS_SPA,,SPA
C:\Users\Rafa\Downloads\proyecto-ia-20260212T103152Z-3-001\proyecto-ia\multimodal-emocion\data\audio\raw\ses_sd\2_DFA_FEA_SPA.wav,fear,ses_sd,sessd_2_DFA,all,2_DFA_FEA_SPA,,SPA
C:\Users\Rafa\Downloads\proyecto-ia-20260212T103152Z-3-001\proyecto-ia\multimodal-emocion\data\audio\raw\ses_sd\2_DFA_HAP_SPA.wav,joy,ses_sd,sessd_2_DFA,all,2_DFA_HAP_SPA,,SPA
C:\Users\Rafa\Downloads\proyecto-ia-20260212T103152Z-3-001\proyecto-ia\multimodal-emocion\data\audio\raw\ses_sd\2_DFA_NEU_SPA.wav,neutral,ses_sd,sessd_2_DFA,all,2_DFA_NEU_SPA,,SPA
C:\Users\Rafa\Downloads\proyecto-ia-20260212T103152Z-3-001\proyecto-ia\multimodal-emocion\data\audio\raw\ses_sd\2_DFA_SAD_SPA.wav,sadness,ses_sd,sessd_2_DFA,all,2_DFA_SAD_SPA,,SPA
C:\Users\Rafa\Downloads\proyecto-ia-20260212T103152Z-3-001\proyecto-ia\multimodal-emocion\data\audio\raw\ses_sd\2_IEO_ANG_SPA.wav,anger,ses_sd,sessd_2_IEO,all,2_IEO_ANG_SPA,,SPA
C:\Users\Rafa\Downloads\proyecto-ia-20260212T103152Z-3-001\proyecto-ia\multimodal-emocion\data\audio\raw\ses_sd\2_IEO_DIS_SPA.wav,disgust,ses_sd,sessd_2_IEO,all,2_IEO_DIS_SPA,,SPA
C:\Users\Rafa\Downloads\proyecto-ia-20260212T103152Z-3-001\proyecto-ia\multimodal-emocion\data\audio\raw\ses_sd\2_IEO_FEA_SPA.wav,fear,ses_sd,sessd_2_IEO,all,2_IEO_FEA_SPA,,SPA
C:\Users\Rafa\Downloads\proyecto-ia-20260212T103152Z-3-001\proyecto-ia\multimodal-emocion\data\audio\raw\ses_sd\2_IEO_HAP_SPA.wav,joy,ses_sd,sessd_2_IEO,all,2_IEO_HAP_SPA,,SPA
C:\Users\Rafa\Downloads\proyecto-ia-20260212T103152Z-3-001\proyecto-ia\multimodal-emocion\data\audio\raw\ses_sd\2_IEO_NEU_SPA.wav,neutral,ses_sd,sessd_2_IEO,all,2_IEO_NEU_SPA,,SPA
C:\Users\Rafa\Downloads\proyecto-ia-20260212T103152Z-3-001\proyecto-ia\multimodal-emocion\data\audio\raw\ses_sd\2_IEO_SAD_SPA.wav,sadness,ses_sd,sessd_2_IEO,all,2_IEO_SAD_SPA,,SPA
C:\Users\Rafa\Downloads\proyecto-ia-20260212T103152Z-3-001\proyecto-ia\multimodal-emocion\data\audio\raw\ses_sd\2_IWW_ANG_SPA.wav,anger,ses_sd,sessd_2_IWW,all,2_IWW_ANG_SPA,,SPA
C:\Users\Rafa\Downloads\proyecto-ia-20260212T103152Z-3-001\proyecto-ia\multimodal-emocion\data\audio\raw\ses_sd\2_IWW_DIS_SPA.wav,disgust,ses_sd,sessd_2_IWW,all,2_IWW_DIS_SPA,,SPA
C:\Users\Rafa\Downloads\proyecto-ia-20260212T103152Z-3-001\proyecto-ia\multimodal-emocion\data\audio\raw\ses_sd\2_IWW_FEA_SPA.wav,fear,ses_sd,sessd_2_IWW,all,2_IWW_FEA_SPA,,SPA
C:\Users\Rafa\Downloads\proyecto-ia-20260212T103152Z-3-001\proyecto-ia\multimodal-emocion\data\audio\raw\ses_sd\2_IWW_HAP_SPA.wav,joy,ses_sd,sessd_2_IWW,all,2_IWW_HAP_SPA,,SPA
C:\Users\Rafa\Downloads\proyecto-ia-20260212T103152Z-3-001\proyecto-ia\multimodal-emocion\data\audio\raw\ses_sd\2_IWW_NEU_SPA.wav,neutral,ses_sd,sessd_2_IWW,all,2_IWW_NEU_SPA,,SPA
C:\Users\Rafa\Downloads\proyecto-ia-20260212T103152Z-3-001\proyecto-ia\multimodal-emocion\data\audio\raw\ses_sd\2_IWW_SAD_SPA.wav,sadness,ses_sd,sessd_2_IWW,all,2_IWW_SAD_SPA,,SPA
C:\Users\Rafa\Downloads\proyecto-ia-20260212T103152Z-3-001\proyecto-ia\multimodal-emocion\data\audio\raw\ses_sd\2_TAI_ANG_SPA.wav,anger,ses_sd,sessd_2_TAI,all,2_TAI_ANG_SPA,,SPA
C:\Users\Rafa\Downloads\proyecto-ia-20260212T103152Z-3-001\proyecto-ia\multimodal-emocion\data\audio\raw\ses_sd\2_TAI_DIS_SPA.wav,disgust,ses_sd,sessd_2_TAI,all,2_TAI_DIS_SPA,,SPA
C:\Users\Rafa\Downloads\proyecto-ia-20260212T103152Z-3-001\proyecto-ia\multimodal-emocion\data\audio\raw\ses_sd\2_TAI_FEA_SPA.wav,fear,ses_sd,sessd_2_TAI,all,2_TAI_FEA_SPA,,SPA
C:\Users\Rafa\Downloads\proyecto-ia-20260212T103152Z-3-001\proyecto-ia\multimodal-emocion\data\audio\raw\ses_sd\2_TAI_HAP_SPA.wav,joy,ses_sd,sessd_2_TAI,all,2_TAI_HAP_SPA,,SPA
C:\Users\Rafa\Downloads\proyecto-ia-20260212T103152Z-3-001\proyecto-ia\multimodal-emocion\data\audio\raw\ses_sd\2_TAI_NEU_SPA.wav,neutral,ses_sd,sessd_2_TAI,all,2_TAI_NEU_SPA,,SPA
C:\Users\Rafa\Downloads\proyecto-ia-20260212T103152Z-3-001\proyecto-ia\multimodal-emocion\data\audio\raw\ses_sd\2_TAI_SAD_SPA.wav,sadness,ses_sd,sessd_2_TAI,all,2_TAI_SAD_SPA,,SPA
C:\Users\Rafa\Downloads\proyecto-ia-20260212T103152Z-3-001\proyecto-ia\multimodal-emocion\data\audio\raw\ses_sd\2_TSI_ANG_SPA.wav,anger,ses_sd,sessd_2_TSI,all,2_TSI_ANG_SPA,,SPA
C:\Users\Rafa\Downloads\proyecto-ia-20260212T103152Z-3-001\proyecto-ia\multimodal-emocion\data\audio\raw\ses_sd\2_TSI_DIS_SPA.wav,disgust,ses_sd,sessd_2_TSI,all,2_TSI_DIS_SPA,,SPA
C:\Users\Rafa\Downloads\proyecto-ia-20260212T103152Z-3-001\proyecto-ia\multimodal-emocion\data\audio\raw\ses_sd\2_TSI_FEA_SPA.wav,fear,ses_sd,sessd_2_TSI,all,2_TSI_FEA_SPA,,SPA
C:\Users\Rafa\Downloads\proyecto-ia-20260212T103152Z-3-001\proyecto-ia\multimodal-emocion\data\audio\raw\ses_sd\2_TSI_HAP_SPA.wav,joy,ses_sd,sessd_2_TSI,all,2_TSI_HAP_SPA,,SPA
C:\Users\Rafa\Downloads\proyecto-ia-20260212T103152Z-3-001\proyecto-ia\multimodal-emocion\data\audio\raw\ses_sd\2_TSI_NEU_SPA.wav,neutral,ses_sd,sessd_2_TSI,all,2_TSI_NEU_SPA,,SPA
C:\Users\Rafa\Downloads\proyecto-ia-20260212T103152Z-3-001\proyecto-ia\multimodal-emocion\data\audio\raw\ses_sd\2_TSI_SAD_SPA.wav,sadness,ses_sd,sessd_2_TSI,all,2_TSI_SAD_SPA,,SPA
C:\Users\Rafa\Downloads\proyecto-ia-20260212T103152Z-3-001\proyecto-ia\multimodal-emocion\data\audio\raw\ses_sd\30_DFA_ANG_SPA.wav,anger,ses_sd,sessd_30_DFA,all,30_DFA_ANG_SPA,,SPA
C:\Users\Rafa\Downloads\proyecto-ia-20260212T103152Z-3-001\proyecto-ia\multimodal-emocion\data\audio\raw\ses_sd\30_DFA_DIS_SPA.wav,disgust,ses_sd,sessd_30_DFA,all,30_DFA_DIS_SPA,,SPA
C:\Users\Rafa\Downloads\proyecto-ia-20260212T103152Z-3-001\proyecto-ia\multimodal-emocion\data\audio\raw\ses_sd\30_DFA_FEA_SPA.wav,fear,ses_sd,sessd_30_DFA,all,30_DFA_FEA_SPA,,SPA
C:\Users\Rafa\Downloads\proyecto-ia-20260212T103152Z-3-001\proyecto-ia\multimodal-emocion\data\audio\raw\ses_sd\30_DFA_HAP_SPA.wav,joy,ses_sd,sessd_30_DFA,all,30_DFA_HAP_SPA,,SPA
C:\Users\Rafa\Downloads\proyecto-ia-20260212T103152Z-3-001\proyecto-ia\multimodal-emocion\data\audio\raw\ses_sd\30_DFA_NEU_SPA.wav,neutral,ses_sd,sessd_30_DFA,all,30_DFA_NEU_SPA,,SPA
C:\Users\Rafa\Downloads\proyecto-ia-20260212T103152Z-3-001\proyecto-ia\multimodal-emocion\data\audio\raw\ses_sd\30_DFA_SAD_SPA.wav,sadness,ses_sd,sessd_30_DFA,all,30_DFA_SAD_SPA,,SPA
C:\Users\Rafa\Downloads\proyecto-ia-20260212T103152Z-3-001\proyecto-ia\multimodal-emocion\data\audio\raw\ses_sd\30_IEO_ANG_SPA.wav,anger,ses_sd,sessd_30_IEO,all,30_IEO_ANG_SPA,,SPA
C:\Users\Rafa\Downloads\proyecto-ia-20260212T103152Z-3-001\proyecto-ia\multimodal-emocion\data\audio\raw\ses_sd\30_IEO_DIS_SPA.wav,disgust,ses_sd,sessd_30_IEO,all,30_IEO_DIS_SPA,,SPA
C:\Users\Rafa\Downloads\proyecto-ia-20260212T103152Z-3-001\proyecto-ia\multimodal-emocion\data\audio\raw\ses_sd\30_IEO_FEA_SPA.wav,fear,ses_sd,sessd_30_IEO,all,30_IEO_FEA_SPA,,SPA
C:\Users\Rafa\Downloads\proyecto-ia-20260212T103152Z-3-001\proyecto-ia\multimodal-emocion\data\audio\raw\ses_sd\30_IEO_HAP_SPA.wav,joy,ses_sd,sessd_30_IEO,all,30_IEO_HAP_SPA,,SPA
C:\Users\Rafa\Downloads\proyecto-ia-20260212T103152Z-3-001\proyecto-ia\multimodal-emocion\data\audio\raw\ses_sd\30_IEO_NEU_SPA.wav,neutral,ses_sd,sessd_30_IEO,all,30_IEO_NEU_SPA,,SPA
C:\Users\Rafa\Downloads\proyecto-ia-20260212T103152Z-3-001\proyecto-ia\multimodal-emocion\data\audio\raw\ses_sd\30_IEO_SAD_SPA.wav,sadness,ses_sd,sessd_30_IEO,all,30_IEO_SAD_SPA,,SPA
C:\Users\Rafa\Downloads\proyecto-ia-20260212T103152Z-3-001\proyecto-ia\multimodal-emocion\data\audio\raw\ses_sd\30_IWW_ANG_SPA.wav,anger,ses_sd,sessd_30_IWW,all,30_IWW_ANG_SPA,,SPA
C:\Users\Rafa\Downloads\proyecto-ia-20260212T103152Z-3-001\proyecto-ia\multimodal-emocion\data\audio\raw\ses_sd\30_IWW_DIS_SPA.wav,disgust,ses_sd,sessd_30_IWW,all,30_IWW_DIS_SPA,,SPA
C:\Users\Rafa\Downloads\proyecto-ia-20260212T103152Z-3-001\proyecto-ia\multimodal-emocion\data\audio\raw\ses_sd\30_IWW_FEA_SPA.wav,fear,ses_sd,sessd_30_IWW,all,30_IWW_FEA_SPA,,SPA
C:\Users\Rafa\Downloads\proyecto-ia-20260212T103152Z-3-001\proyecto-ia\multimodal-emocion\data\audio\raw\ses_sd\30_IWW_HAP_SPA.wav,joy,ses_sd,sessd_30_IWW,all,30_IWW_HAP_SPA,,SPA
C:\Users\Rafa\Downloads\proyecto-ia-20260212T103152Z-3-001\proyecto-ia\multimodal-emocion\data\audio\raw\ses_sd\30_IWW_NEU_SPA.wav,neutral,ses_sd,sessd_30_IWW,all,30_IWW_NEU_SPA,,SPA
C:\Users\Rafa\Downloads\proyecto-ia-20260212T103152Z-3-001\proyecto-ia\multimodal-emocion\data\audio\raw\ses_sd\30_IWW_SAD_SPA.wav,sadness,ses_sd,sessd_30_IWW,all,30_IWW_SAD_SPA,,SPA
C:\Users\Rafa\Downloads\proyecto-ia-20260212T103152Z-3-001\proyecto-ia\multimodal-emocion\data\audio\raw\ses_sd\30_TAI_ANG_SPA.wav,anger,ses_sd,sessd_30_TAI,all,30_TAI_ANG_SPA,,SPA
C:\Users\Rafa\Downloads\proyecto-ia-20260212T103152Z-3-001\proyecto-ia\multimodal-emocion\data\audio\raw\ses_sd\30_TAI_DIS_SPA.wav,disgust,ses_sd,sessd_30_TAI,all,30_TAI_DIS_SPA,,SPA
C:\Users\Rafa\Downloads\proyecto-ia-20260212T103152Z-3-001\proyecto-ia\multimodal-emocion\data\audio\raw\ses_sd\30_TAI_FEA_SPA.wav,fear,ses_sd,sessd_30_TAI,all,30_TAI_FEA_SPA,,SPA
C:\Users\Rafa\Downloads\proyecto-ia-20260212T103152Z-3-001\proyecto-ia\multimodal-emocion\data\audio\raw\ses_sd\30_TAI_HAP_SPA.wav,joy,ses_sd,sessd_30_TAI,all,30_TAI_HAP_SPA,,SPA
C:\Users\Rafa\Downloads\proyecto-ia-20260212T103152Z-3-001\proyecto-ia\multimodal-emocion\data\audio\raw\ses_sd\30_TAI_NEU_SPA.wav,neutral,ses_sd,sessd_30_TAI,all,30_TAI_NEU_SPA,,SPA
C:\Users\Rafa\Downloads\proyecto-ia-20260212T103152Z-3-001\proyecto-ia\multimodal-emocion\data\audio\raw\ses_sd\30_TAI_SAD_SPA.wav,sadness,ses_sd,sessd_30_TAI,all,30_TAI_SAD_SPA,,SPA
C:\Users\Rafa\Downloads\proyecto-ia-20260212T103152Z-3-001\proyecto-ia\multimodal-emocion\data\audio\raw\ses_sd\30_TSI_ANG_SPA.wav,anger,ses_sd,sessd_30_TSI,all,30_TSI_ANG_SPA,,SPA
C:\Users\Rafa\Downloads\proyecto-ia-20260212T103152Z-3-001\proyecto-ia\multimodal-emocion\data\audio\raw\ses_sd\30_TSI_DIS_SPA.wav,disgust,ses_sd,sessd_30_TSI,all,30_TSI_DIS_SPA,,SPA
C:\Users\Rafa\Downloads\proyecto-ia-20260212T103152Z-3-001\proyecto-ia\multimodal-emocion\data\audio\raw\ses_sd\30_TSI_FEA_SPA.wav,fear,ses_sd,sessd_30_TSI,all,30_TSI_FEA_SPA,,SPA
C:\Users\Rafa\Downloads\proyecto-ia-20260212T103152Z-3-001\proyecto-ia\multimodal-emocion\data\audio\raw\ses_sd\30_TSI_HAP_SPA.wav,joy,ses_sd,sessd_30_TSI,all,30_TSI_HAP_SPA,,SPA
C:\Users\Rafa\Downloads\proyecto-ia-20260212T103152Z-3-001\proyecto-ia\multimodal-emocion\data\audio\raw\ses_sd\30_TSI_NEU_SPA.wav,neutral,ses_sd,sessd_30_TSI,all,30_TSI_NEU_SPA,,SPA
C:\Users\Rafa\Downloads\proyecto-ia-20260212T103152Z-3-001\proyecto-ia\multimodal-emocion\data\audio\raw\ses_sd\30_TSI_SAD_SPA.wav,sadness,ses_sd,sessd_30_TSI,all,30_TSI_SAD_SPA,,SPA
C:\Users\Rafa\Downloads\proyecto-ia-20260212T103152Z-3-001\proyecto-ia\multimodal-emocion\data\audio\raw\ses_sd\31_DFA_ANG_SPA.wav,anger,ses_sd,sessd_31_DFA,all,31_DFA_ANG_SPA,,SPA
C:\Users\Rafa\Downloads\proyecto-ia-20260212T103152Z-3-001\proyecto-ia\multimodal-emocion\data\audio\raw\ses_sd\31_DFA_DIS_SPA.wav,disgust,ses_sd,sessd_31_DFA,all,31_DFA_DIS_SPA,,SPA
C:\Users\Rafa\Downloads\proyecto-ia-20260212T103152Z-3-001\proyecto-ia\multimodal-emocion\data\audio\raw\ses_sd\31_DFA_FEA_SPA.wav,fear,ses_sd,sessd_31_DFA,all,31_DFA_FEA_SPA,,SPA
C:\Users\Rafa\Downloads\proyecto-ia-20260212T103152Z-3-001\proyecto-ia\multimodal-emocion\data\audio\raw\ses_sd\31_DFA_HAP_SPA.wav,joy,ses_sd,sessd_31_DFA,all,31_DFA_HAP_SPA,,SPA
C:\Users\Rafa\Downloads\proyecto-ia-20260212T103152Z-3-001\proyecto-ia\multimodal-emocion\data\audio\raw\ses_sd\31_DFA_NEU_SPA.wav,neutral,ses_sd,sessd_31_DFA,all,31_DFA_NEU_SPA,,SPA
C:\Users\Rafa\Downloads\proyecto-ia-20260212T103152Z-3-001\proyecto-ia\multimodal-emocion\data\audio\raw\ses_sd\31_DFA_SAD_SPA.wav,sadness,ses_sd,sessd_31_DFA,all,31_DFA_SAD_SPA,,SPA
C:\Users\Rafa\Downloads\proyecto-ia-20260212T103152Z-3-001\proyecto-ia\multimodal-emocion\data\audio\raw\ses_sd\31_IEO_ANG_SPA.wav,anger,ses_sd,sessd_31_IEO,all,31_IEO_ANG_SPA,,SPA
C:\Users\Rafa\Downloads\proyecto-ia-20260212T103152Z-3-001\proyecto-ia\multimodal-emocion\data\audio\raw\ses_sd\31_IEO_DIS_SPA.wav,disgust,ses_sd,sessd_31_IEO,all,31_IEO_DIS_SPA,,SPA
C:\Users\Rafa\Downloads\proyecto-ia-20260212T103152Z-3-001\proyecto-ia\multimodal-emocion\data\audio\raw\ses_sd\31_IEO_FEA_SPA.wav,fear,ses_sd,sessd_31_IEO,all,31_IEO_FEA_SPA,,SPA
C:\Users\Rafa\Downloads\proyecto-ia-20260212T103152Z-3-001\proyecto-ia\multimodal-emocion\data\audio\raw\ses_sd\31_IEO_HAP_SPA.wav,joy,ses_sd,sessd_31_IEO,all,31_IEO_HAP_SPA,,SPA
C:\Users\Rafa\Downloads\proyecto-ia-20260212T103152Z-3-001\proyecto-ia\multimodal-emocion\data\audio\raw\ses_sd\31_IEO_NEU_SPA.wav,neutral,ses_sd,sessd_31_IEO,all,31_IEO_NEU_SPA,,SPA
C:\Users\Rafa\Downloads\proyecto-ia-20260212T103152Z-3-001\proyecto-ia\multimodal-emocion\data\audio\raw\ses_sd\31_IEO_SAD_SPA.wav,sadness,ses_sd,sessd_31_IEO,all,31_IEO_SAD_SPA,,SPA
C:\Users\Rafa\Downloads\proyecto-ia-20260212T103152Z-3-001\proyecto-ia\multimodal-emocion\data\audio\raw\ses_sd\31_IWW_ANG_SPA.wav,anger,ses_sd,sessd_31_IWW,all,31_IWW_ANG_SPA,,SPA
C:\Users\Rafa\Downloads\proyecto-ia-20260212T103152Z-3-001\proyecto-ia\multimodal-emocion\data\audio\raw\ses_sd\31_IWW_DIS_SPA.wav,disgust,ses_sd,sessd_31_IWW,all,31_IWW_DIS_SPA,,SPA
C:\Users\Rafa\Downloads\proyecto-ia-20260212T103152Z-3-001\proyecto-ia\multimodal-emocion\data\audio\raw\ses_sd\31_IWW_FEA_SPA.wav,fear,ses_sd,sessd_31_IWW,all,31_IWW_FEA_SPA,,SPA
C:\Users\Rafa\Downloads\proyecto-ia-20260212T103152Z-3-001\proyecto-ia\multimodal-emocion\data\audio\raw\ses_sd\31_IWW_HAP_SPA.wav,joy,ses_sd,sessd_31_IWW,all,31_IWW_HAP_SPA,,SPA
C:\Users\Rafa\Downloads\proyecto-ia-20260212T103152Z-3-001\proyecto-ia\multimodal-emocion\data\audio\raw\ses_sd\31_IWW_NEU_SPA.wav,neutral,ses_sd,sessd_31_IWW,all,31_IWW_NEU_SPA,,SPA
C:\Users\Rafa\Downloads\proyecto-ia-20260212T103152Z-3-001\proyecto-ia\multimodal-emocion\data\audio\raw\ses_sd\31_IWW_SAD_SPA.wav,sadness,ses_sd,sessd_31_IWW,all,31_IWW_SAD_SPA,,SPA
C:\Users\Rafa\Downloads\proyecto-ia-20260212T103152Z-3-001\proyecto-ia\multimodal-emocion\data\audio\raw\ses_sd\31_TAI_ANG_SPA.wav,anger,ses_sd,sessd_31_TAI,all,31_TAI_ANG_SPA,,SPA
C:\Users\Rafa\Downloads\proyecto-ia-20260212T103152Z-3-001\proyecto-ia\multimodal-emocion\data\audio\raw\ses_sd\31_TAI_DIS_SPA.wav,disgust,ses_sd,sessd_31_TAI,all,31_TAI_DIS_SPA,,SPA
C:\Users\Rafa\Downloads\proyecto-ia-20260212T103152Z-3-001\proyecto-ia\multimodal-emocion\data\audio\raw\ses_sd\31_TAI_FEA_SPA.wav,fear,ses_sd,sessd_31_TAI,all,31_TAI_FEA_SPA,,SPA
C:\Users\Rafa\Downloads\proyecto-ia-20260212T103152Z-3-001\proyecto-ia\multimodal-emocion\data\audio\raw\ses_sd\31_TAI_HAP_SPA.wav,joy,ses_sd,sessd_31_TAI,all,31_TAI_HAP_SPA,,SPA
C:\Users\Rafa\Downloads\proyecto-ia-20260212T103152Z-3-001\proyecto-ia\multimodal-emocion\data\audio\raw\ses_sd\31_TAI_NEU_SPA.wav,neutral,ses_sd,sessd_31_TAI,all,31_TAI_NEU_SPA,,SPA
C:\Users\Rafa\Downloads\proyecto-ia-20260212T103152Z-3-001\proyecto-ia\multimodal-emocion\data\audio\raw\ses_sd\31_TAI_SAD_SPA.wav,sadness,ses_sd,sessd_31_TAI,all,31_TAI_SAD_SPA,,SPA
C:\Users\Rafa\Downloads\proyecto-ia-20260212T103152Z-3-001\proyecto-ia\multimodal-emocion\data\audio\raw\ses_sd\31_TSI_ANG_SPA.wav,anger,ses_sd,sessd_31_TSI,all,31_TSI_ANG_SPA,,SPA
C:\Users\Rafa\Downloads\proyecto-ia-20260212T103152Z-3-001\proyecto-ia\multimodal-emocion\data\audio\raw\ses_sd\31_TSI_DIS_SPA.wav,disgust,ses_sd,sessd_31_TSI,all,31_TSI_DIS_SPA,,SPA
C:\Users\Rafa\Downloads\proyecto-ia-20260212T103152Z-3-001\proyecto-ia\multimodal-emocion\data\audio\raw\ses_sd\31_TSI_FEA_SPA.wav,fear,ses_sd,sessd_31_TSI,all,31_TSI_FEA_SPA,,SPA
C:\Users\Rafa\Downloads\proyecto-ia-20260212T103152Z-3-001\proyecto-ia\multimodal-emocion\data\audio\raw\ses_sd\31_TSI_HAP_SPA.wav,joy,ses_sd,sessd_31_TSI,all,31_TSI_HAP_SPA,,SPA
C:\Users\Rafa\Downloads\proyecto-ia-20260212T103152Z-3-001\proyecto-ia\multimodal-emocion\data\audio\raw\ses_sd\31_TSI_NEU_SPA.wav,neutral,ses_sd,sessd_31_TSI,all,31_TSI_NEU_SPA,,SPA
C:\Users\Rafa\Downloads\proyecto-ia-20260212T103152Z-3-001\proyecto-ia\multimodal-emocion\data\audio\raw\ses_sd\31_TSI_SAD_SPA.wav,sadness,ses_sd,sessd_31_TSI,all,31_TSI_SAD_SPA,,SPA
C:\Users\Rafa\Downloads\proyecto-ia-20260212T103152Z-3-001\proyecto-ia\multimodal-emocion\data\audio\raw\ses_sd\32_DFA_ANG_SPA.wav,anger,ses_sd,sessd_32_DFA,all,32_DFA_ANG_SPA,,SPA
C:\Users\Rafa\Downloads\proyecto-ia-20260212T103152Z-3-001\proyecto-ia\multimodal-emocion\data\audio\raw\ses_sd\32_DFA_DIS_SPA.wav,disgust,ses_sd,sessd_32_DFA,all,32_DFA_DIS_SPA,,SPA
C:\Users\Rafa\Downloads\proyecto-ia-20260212T103152Z-3-001\proyecto-ia\multimodal-emocion\data\audio\raw\ses_sd\32_DFA_FEA_SPA.wav,fear,ses_sd,sessd_32_DFA,all,32_DFA_FEA_SPA,,SPA
C:\Users\Rafa\Downloads\proyecto-ia-20260212T103152Z-3-001\proyecto-ia\multimodal-emocion\data\audio\raw\ses_sd\32_DFA_HAP_SPA.wav,joy,ses_sd,sessd_32_DFA,all,32_DFA_HAP_SPA,,SPA
C:\Users\Rafa\Downloads\proyecto-ia-20260212T103152Z-3-001\proyecto-ia\multimodal-emocion\data\audio\raw\ses_sd\32_DFA_NEU_SPA.wav,neutral,ses_sd,sessd_32_DFA,all,32_DFA_NEU_SPA,,SPA
C:\Users\Rafa\Downloads\proyecto-ia-20260212T103152Z-3-001\proyecto-ia\multimodal-emocion\data\audio\raw\ses_sd\32_DFA_SAD_SPA.wav,sadness,ses_sd,sessd_32_DFA,all,32_DFA_SAD_SPA,,SPA
C:\Users\Rafa\Downloads\proyecto-ia-20260212T103152Z-3-001\proyecto-ia\multimodal-emocion\data\audio\raw\ses_sd\32_IEO_ANG_SPA.wav,anger,ses_sd,sessd_32_IEO,all,32_IEO_ANG_SPA,,SPA
C:\Users\Rafa\Downloads\proyecto-ia-20260212T103152Z-3-001\proyecto-ia\multimodal-emocion\data\audio\raw\ses_sd\32_IEO_DIS_SPA.wav,disgust,ses_sd,sessd_32_IEO,all,32_IEO_DIS_SPA,,SPA
C:\Users\Rafa\Downloads\proyecto-ia-20260212T103152Z-3-001\proyecto-ia\multimodal-emocion\data\audio\raw\ses_sd\32_IEO_FEA_SPA.wav,fear,ses_sd,sessd_32_IEO,all,32_IEO_FEA_SPA,,SPA
C:\Users\Rafa\Downloads\proyecto-ia-20260212T103152Z-3-001\proyecto-ia\multimodal-emocion\data\audio\raw\ses_sd\32_IEO_HAP_SPA.wav,joy,ses_sd,sessd_32_IEO,all,32_IEO_HAP_SPA,,SPA
C:\Users\Rafa\Downloads\proyecto-ia-20260212T103152Z-3-001\proyecto-ia\multimodal-emocion\data\audio\raw\ses_sd\32_IEO_NEU_SPA.wav,neutral,ses_sd,sessd_32_IEO,all,32_IEO_NEU_SPA,,SPA
C:\Users\Rafa\Downloads\proyecto-ia-20260212T103152Z-3-001\proyecto-ia\multimodal-emocion\data\audio\raw\ses_sd\32_IEO_SAD_SPA.wav,sadness,ses_sd,sessd_32_IEO,all,32_IEO_SAD_SPA,,SPA
C:\Users\Rafa\Downloads\proyecto-ia-20260212T103152Z-3-001\proyecto-ia\multimodal-emocion\data\audio\raw\ses_sd\32_IWW_ANG_SPA.wav,anger,ses_sd,sessd_32_IWW,all,32_IWW_ANG_SPA,,SPA
C:\Users\Rafa\Downloads\proyecto-ia-20260212T103152Z-3-001\proyecto-ia\multimodal-emocion\data\audio\raw\ses_sd\32_IWW_DIS_SPA.wav,disgust,ses_sd,sessd_32_IWW,all,32_IWW_DIS_SPA,,SPA
C:\Users\Rafa\Downloads\proyecto-ia-20260212T103152Z-3-001\proyecto-ia\multimodal-emocion\data\audio\raw\ses_sd\32_IWW_FEA_SPA.wav,fear,ses_sd,sessd_32_IWW,all,32_IWW_FEA_SPA,,SPA
C:\Users\Rafa\Downloads\proyecto-ia-20260212T103152Z-3-001\proyecto-ia\multimodal-emocion\data\audio\raw\ses_sd\32_IWW_HAP_SPA.wav,joy,ses_sd,sessd_32_IWW,all,32_IWW_HAP_SPA,,SPA
C:\Users\Rafa\Downloads\proyecto-ia-20260212T103152Z-3-001\proyecto-ia\multimodal-emocion\data\audio\raw\ses_sd\32_IWW_NEU_SPA.wav,neutral,ses_sd,sessd_32_IWW,all,32_IWW_NEU_SPA,,SPA
C:\Users\Rafa\Downloads\proyecto-ia-20260212T103152Z-3-001\proyecto-ia\multimodal-emocion\data\audio\raw\ses_sd\32_IWW_SAD_SPA.wav,sadness,ses_sd,sessd_32_IWW,all,32_IWW_SAD_SPA,,SPA
C:\Users\Rafa\Downloads\proyecto-ia-20260212T103152Z-3-001\proyecto-ia\multimodal-emocion\data\audio\raw\ses_sd\32_TAI_ANG_SPA.wav,anger,ses_sd,sessd_32_TAI,all,32_TAI_ANG_SPA,,SPA
C:\Users\Rafa\Downloads\proyecto-ia-20260212T103152Z-3-001\proyecto-ia\multimodal-emocion\data\audio\raw\ses_sd\32_TAI_DIS_SPA.wav,disgust,ses_sd,sessd_32_TAI,all,32_TAI_DIS_SPA,,SPA
C:\Users\Rafa\Downloads\proyecto-ia-20260212T103152Z-3-001\proyecto-ia\multimodal-emocion\data\audio\raw\ses_sd\32_TAI_FEA_SPA.wav,fear,ses_sd,sessd_32_TAI,all,32_TAI_FEA_SPA,,SPA
C:\Users\Rafa\Downloads\proyecto-ia-20260212T103152Z-3-001\proyecto-ia\multimodal-emocion\data\audio\raw\ses_sd\32_TAI_HAP_SPA.wav,joy,ses_sd,sessd_32_TAI,all,32_TAI_HAP_SPA,,SPA
C:\Users\Rafa\Downloads\proyecto-ia-20260212T103152Z-3-001\proyecto-ia\multimodal-emocion\data\audio\raw\ses_sd\32_TAI_NEU_SPA.wav,neutral,ses_sd,sessd_32_TAI,all,32_TAI_NEU_SPA,,SPA
C:\Users\Rafa\Downloads\proyecto-ia-20260212T103152Z-3-001\proyecto-ia\multimodal-emocion\data\audio\raw\ses_sd\32_TAI_SAD_SPA.wav,sadness,ses_sd,sessd_32_TAI,all,32_TAI_SAD_SPA,,SPA
C:\Users\Rafa\Downloads\proyecto-ia-20260212T103152Z-3-001\proyecto-ia\multimodal-emocion\data\audio\raw\ses_sd\32_TSI_ANG_SPA.wav,anger,ses_sd,sessd_32_TSI,all,32_TSI_ANG_SPA,,SPA
C:\Users\Rafa\Downloads\proyecto-ia-20260212T103152Z-3-001\proyecto-ia\multimodal-emocion\data\audio\raw\ses_sd\32_TSI_DIS_SPA.wav,disgust,ses_sd,sessd_32_TSI,all,32_TSI_DIS_SPA,,SPA
C:\Users\Rafa\Downloads\proyecto-ia-20260212T103152Z-3-001\proyecto-ia\multimodal-emocion\data\audio\raw\ses_sd\32_TSI_FEA_SPA.wav,fear,ses_sd,sessd_32_TSI,all,32_TSI_FEA_SPA,,SPA
C:\Users\Rafa\Downloads\proyecto-ia-20260212T103152Z-3-001\proyecto-ia\multimodal-emocion\data\audio\raw\ses_sd\32_TSI_HAP_SPA.wav,joy,ses_sd,sessd_32_TSI,all,32_TSI_HAP_SPA,,SPA
C:\Users\Rafa\Downloads\proyecto-ia-20260212T103152Z-3-001\proyecto-ia\multimodal-emocion\data\audio\raw\ses_sd\32_TSI_NEU_SPA.wav,neutral,ses_sd,sessd_32_TSI,all,32_TSI_NEU_SPA,,SPA
C:\Users\Rafa\Downloads\proyecto-ia-20260212T103152Z-3-001\proyecto-ia\multimodal-emocion\data\audio\raw\ses_sd\32_TSI_SAD_SPA.wav,sadness,ses_sd,sessd_32_TSI,all,32_TSI_SAD_SPA,,SPA
C:\Users\Rafa\Downloads\proyecto-ia-20260212T103152Z-3-001\proyecto-ia\multimodal-emocion\data\audio\raw\ses_sd\33_DFA_ANG_SPA.wav,anger,ses_sd,sessd_33_DFA,all,33_DFA_ANG_SPA,,SPA
C:\Users\Rafa\Downloads\proyecto-ia-20260212T103152Z-3-001\proyecto-ia\multimodal-emocion\data\audio\raw\ses_sd\33_DFA_DIS_SPA.wav,disgust,ses_sd,sessd_33_DFA,all,33_DFA_DIS_SPA,,SPA
C:\Users\Rafa\Downloads\proyecto-ia-20260212T103152Z-3-001\proyecto-ia\multimodal-emocion\data\audio\raw\ses_sd\33_DFA_FEA_SPA.wav,fear,ses_sd,sessd_33_DFA,all,33_DFA_FEA_SPA,,SPA
C:\Users\Rafa\Downloads\proyecto-ia-20260212T103152Z-3-001\proyecto-ia\multimodal-emocion\data\audio\raw\ses_sd\33_DFA_HAP_SPA.wav,joy,ses_sd,sessd_33_DFA,all,33_DFA_HAP_SPA,,SPA
C:\Users\Rafa\Downloads\proyecto-ia-20260212T103152Z-3-001\proyecto-ia\multimodal-emocion\data\audio\raw\ses_sd\33_DFA_NEU_SPA.wav,neutral,ses_sd,sessd_33_DFA,all,33_DFA_NEU_SPA,,SPA
C:\Users\Rafa\Downloads\proyecto-ia-20260212T103152Z-3-001\proyecto-ia\multimodal-emocion\data\audio\raw\ses_sd\33_DFA_SAD_SPA.wav,sadness,ses_sd,sessd_33_DFA,all,33_DFA_SAD_SPA,,SPA
C:\Users\Rafa\Downloads\proyecto-ia-20260212T103152Z-3-001\proyecto-ia\multimodal-emocion\data\audio\raw\ses_sd\33_IEO_ANG_SPA.wav,anger,ses_sd,sessd_33_IEO,all,33_IEO_ANG_SPA,,SPA
C:\Users\Rafa\Downloads\proyecto-ia-20260212T103152Z-3-001\proyecto-ia\multimodal-emocion\data\audio\raw\ses_sd\33_IEO_DIS_SPA.wav,disgust,ses_sd,sessd_33_IEO,all,33_IEO_DIS_SPA,,SPA
C:\Users\Rafa\Downloads\proyecto-ia-20260212T103152Z-3-001\proyecto-ia\multimodal-emocion\data\audio\raw\ses_sd\33_IEO_FEA_SPA.wav,fear,ses_sd,sessd_33_IEO,all,33_IEO_FEA_SPA,,SPA
C:\Users\Rafa\Downloads\proyecto-ia-20260212T103152Z-3-001\proyecto-ia\multimodal-emocion\data\audio\raw\ses_sd\33_IEO_HAP_SPA.wav,joy,ses_sd,sessd_33_IEO,all,33_IEO_HAP_SPA,,SPA
C:\Users\Rafa\Downloads\proyecto-ia-20260212T103152Z-3-001\proyecto-ia\multimodal-emocion\data\audio\raw\ses_sd\33_IEO_NEU_SPA.wav,neutral,ses_sd,sessd_33_IEO,all,33_IEO_NEU_SPA,,SPA
C:\Users\Rafa\Downloads\proyecto-ia-20260212T103152Z-3-001\proyecto-ia\multimodal-emocion\data\audio\raw\ses_sd\33_IEO_SAD_SPA.wav,sadness,ses_sd,sessd_33_IEO,all,33_IEO_SAD_SPA,,SPA
C:\Users\Rafa\Downloads\proyecto-ia-20260212T103152Z-3-001\proyecto-ia\multimodal-emocion\data\audio\raw\ses_sd\33_IWW_ANG_SPA.wav,anger,ses_sd,sessd_33_IWW,all,33_IWW_ANG_SPA,,SPA
C:\Users\Rafa\Downloads\proyecto-ia-20260212T103152Z-3-001\proyecto-ia\multimodal-emocion\data\audio\raw\ses_sd\33_IWW_DIS_SPA.wav,disgust,ses_sd,sessd_33_IWW,all,33_IWW_DIS_SPA,,SPA
C:\Users\Rafa\Downloads\proyecto-ia-20260212T103152Z-3-001\proyecto-ia\multimodal-emocion\data\audio\raw\ses_sd\33_IWW_FEA_SPA.wav,fear,ses_sd,sessd_33_IWW,all,33_IWW_FEA_SPA,,SPA
C:\Users\Rafa\Downloads\proyecto-ia-20260212T103152Z-3-001\proyecto-ia\multimodal-emocion\data\audio\raw\ses_sd\33_IWW_HAP_SPA.wav,joy,ses_sd,sessd_33_IWW,all,33_IWW_HAP_SPA,,SPA
C:\Users\Rafa\Downloads\proyecto-ia-20260212T103152Z-3-001\proyecto-ia\multimodal-emocion\data\audio\raw\ses_sd\33_IWW_NEU_SPA.wav,neutral,ses_sd,sessd_33_IWW,all,33_IWW_NEU_SPA,,SPA
C:\Users\Rafa\Downloads\proyecto-ia-20260212T103152Z-3-001\proyecto-ia\multimodal-emocion\data\audio\raw\ses_sd\33_IWW_SAD_SPA.wav,sadness,ses_sd,sessd_33_IWW,all,33_IWW_SAD_SPA,,SPA
C:\Users\Rafa\Downloads\proyecto-ia-20260212T103152Z-3-001\proyecto-ia\multimodal-emocion\data\audio\raw\ses_sd\33_TAI_ANG_SPA.wav,anger,ses_sd,sessd_33_TAI,all,33_TAI_ANG_SPA,,SPA
C:\Users\Rafa\Downloads\proyecto-ia-20260212T103152Z-3-001\proyecto-ia\multimodal-emocion\data\audio\raw\ses_sd\33_TAI_DIS_SPA.wav,disgust,ses_sd,sessd_33_TAI,all,33_TAI_DIS_SPA,,SPA
C:\Users\Rafa\Downloads\proyecto-ia-20260212T103152Z-3-001\proyecto-ia\multimodal-emocion\data\audio\raw\ses_sd\33_TAI_FEA_SPA.wav,fear,ses_sd,sessd_33_TAI,all,33_TAI_FEA_SPA,,SPA
C:\Users\Rafa\Downloads\proyecto-ia-20260212T103152Z-3-001\proyecto-ia\multimodal-emocion\data\audio\raw\ses_sd\33_TAI_HAP_SPA.wav,joy,ses_sd,sessd_33_TAI,all,33_TAI_HAP_SPA,,SPA
C:\Users\Rafa\Downloads\proyecto-ia-20260212T103152Z-3-001\proyecto-ia\multimodal-emocion\data\audio\raw\ses_sd\33_TAI_NEU_SPA.wav,neutral,ses_sd,sessd_33_TAI,all,33_TAI_NEU_SPA,,SPA
C:\Users\Rafa\Downloads\proyecto-ia-20260212T103152Z-3-001\proyecto-ia\multimodal-emocion\data\audio\raw\ses_sd\33_TAI_SAD_SPA.wav,sadness,ses_sd,sessd_33_TAI,all,33_TAI_SAD_SPA,,SPA
C:\Users\Rafa\Downloads\proyecto-ia-20260212T103152Z-3-001\proyecto-ia\multimodal-emocion\data\audio\raw\ses_sd\33_TSI_ANG_SPA.wav,anger,ses_sd,sessd_33_TSI,all,33_TSI_ANG_SPA,,SPA
C:\Users\Rafa\Downloads\proyecto-ia-20260212T103152Z-3-001\proyecto-ia\multimodal-emocion\data\audio\raw\ses_sd\33_TSI_DIS_SPA.wav,disgust,ses_sd,sessd_33_TSI,all,33_TSI_DIS_SPA,,SPA
C:\Users\Rafa\Downloads\proyecto-ia-20260212T103152Z-3-001\proyecto-ia\multimodal-emocion\data\audio\raw\ses_sd\33_TSI_FEA_SPA.wav,fear,ses_sd,sessd_33_TSI,all,33_TSI_FEA_SPA,,SPA
C:\Users\Rafa\Downloads\proyecto-ia-20260212T103152Z-3-001\proyecto-ia\multimodal-emocion\data\audio\raw\ses_sd\33_TSI_HAP_SPA.wav,joy,ses_sd,sessd_33_TSI,all,33_TSI_HAP_SPA,,SPA
C:\Users\Rafa\Downloads\proyecto-ia-20260212T103152Z-3-001\proyecto-ia\multimodal-emocion\data\audio\raw\ses_sd\33_TSI_NEU_SPA.wav,neutral,ses_sd,sessd_33_TSI,all,33_TSI_NEU_SPA,,SPA
C:\Users\Rafa\Downloads\proyecto-ia-20260212T103152Z-3-001\proyecto-ia\multimodal-emocion\data\audio\raw\ses_sd\33_TSI_SAD_SPA.wav,sadness,ses_sd,sessd_33_TSI,all,33_TSI_SAD_SPA,,SPA
C:\Users\Rafa\Downloads\proyecto-ia-20260212T103152Z-3-001\proyecto-ia\multimodal-emocion\data\audio\raw\ses_sd\34_DFA_ANG_SPA.wav,anger,ses_sd,sessd_34_DFA,all,34_DFA_ANG_SPA,,SPA
C:\Users\Rafa\Downloads\proyecto-ia-20260212T103152Z-3-001\proyecto-ia\multimodal-emocion\data\audio\raw\ses_sd\34_DFA_DIS_SPA.wav,disgust,ses_sd,sessd_34_DFA,all,34_DFA_DIS_SPA,,SPA
C:\Users\Rafa\Downloads\proyecto-ia-20260212T103152Z-3-001\proyecto-ia\multimodal-emocion\data\audio\raw\ses_sd\34_DFA_FEA_SPA.wav,fear,ses_sd,sessd_34_DFA,all,34_DFA_FEA_SPA,,SPA
C:\Users\Rafa\Downloads\proyecto-ia-20260212T103152Z-3-001\proyecto-ia\multimodal-emocion\data\audio\raw\ses_sd\34_DFA_HAP_SPA.wav,joy,ses_sd,sessd_34_DFA,all,34_DFA_HAP_SPA,,SPA
C:\Users\Rafa\Downloads\proyecto-ia-20260212T103152Z-3-001\proyecto-ia\multimodal-emocion\data\audio\raw\ses_sd\34_DFA_NEU_SPA.wav,neutral,ses_sd,sessd_34_DFA,all,34_DFA_NEU_SPA,,SPA
C:\Users\Rafa\Downloads\proyecto-ia-20260212T103152Z-3-001\proyecto-ia\multimodal-emocion\data\audio\raw\ses_sd\34_DFA_SAD_SPA.wav,sadness,ses_sd,sessd_34_DFA,all,34_DFA_SAD_SPA,,SPA
C:\Users\Rafa\Downloads\proyecto-ia-20260212T103152Z-3-001\proyecto-ia\multimodal-emocion\data\audio\raw\ses_sd\34_IEO_ANG_SPA.wav,anger,ses_sd,sessd_34_IEO,all,34_IEO_ANG_SPA,,SPA
C:\Users\Rafa\Downloads\proyecto-ia-20260212T103152Z-3-001\proyecto-ia\multimodal-emocion\data\audio\raw\ses_sd\34_IEO_DIS_SPA.wav,disgust,ses_sd,sessd_34_IEO,all,34_IEO_DIS_SPA,,SPA
C:\Users\Rafa\Downloads\proyecto-ia-20260212T103152Z-3-001\proyecto-ia\multimodal-emocion\data\audio\raw\ses_sd\34_IEO_FEA_SPA.wav,fear,ses_sd,sessd_34_IEO,all,34_IEO_FEA_SPA,,SPA
C:\Users\Rafa\Downloads\proyecto-ia-20260212T103152Z-3-001\proyecto-ia\multimodal-emocion\data\audio\raw\ses_sd\34_IEO_HAP_SPA.wav,joy,ses_sd,sessd_34_IEO,all,34_IEO_HAP_SPA,,SPA
C:\Users\Rafa\Downloads\proyecto-ia-20260212T103152Z-3-001\proyecto-ia\multimodal-emocion\data\audio\raw\ses_sd\34_IEO_NEU_SPA.wav,neutral,ses_sd,sessd_34_IEO,all,34_IEO_NEU_SPA,,SPA
C:\Users\Rafa\Downloads\proyecto-ia-20260212T103152Z-3-001\proyecto-ia\multimodal-emocion\data\audio\raw\ses_sd\34_IEO_SAD_SPA.wav,sadness,ses_sd,sessd_34_IEO,all,34_IEO_SAD_SPA,,SPA
C:\Users\Rafa\Downloads\proyecto-ia-20260212T103152Z-3-001\proyecto-ia\multimodal-emocion\data\audio\raw\ses_sd\34_IWW_ANG_SPA.wav,anger,ses_sd,sessd_34_IWW,all,34_IWW_ANG_SPA,,SPA
C:\Users\Rafa\Downloads\proyecto-ia-20260212T103152Z-3-001\proyecto-ia\multimodal-emocion\data\audio\raw\ses_sd\34_IWW_DIS_SPA.wav,disgust,ses_sd,sessd_34_IWW,all,34_IWW_DIS_SPA,,SPA
C:\Users\Rafa\Downloads\proyecto-ia-20260212T103152Z-3-001\proyecto-ia\multimodal-emocion\data\audio\raw\ses_sd\34_IWW_FEA_SPA.wav,fear,ses_sd,sessd_34_IWW,all,34_IWW_FEA_SPA,,SPA
C:\Users\Rafa\Downloads\proyecto-ia-20260212T103152Z-3-001\proyecto-ia\multimodal-emocion\data\audio\raw\ses_sd\34_IWW_HAP_SPA.wav,joy,ses_sd,sessd_34_IWW,all,34_IWW_HAP_SPA,,SPA
C:\Users\Rafa\Downloads\proyecto-ia-20260212T103152Z-3-001\proyecto-ia\multimodal-emocion\data\audio\raw\ses_sd\34_IWW_NEU_SPA.wav,neutral,ses_sd,sessd_34_IWW,all,34_IWW_NEU_SPA,,SPA
C:\Users\Rafa\Downloads\proyecto-ia-20260212T103152Z-3-001\proyecto-ia\multimodal-emocion\data\audio\raw\ses_sd\34_IWW_SAD_SPA.wav,sadness,ses_sd,sessd_34_IWW,all,34_IWW_SAD_SPA,,SPA
C:\Users\Rafa\Downloads\proyecto-ia-20260212T103152Z-3-001\proyecto-ia\multimodal-emocion\data\audio\raw\ses_sd\34_TAI_ANG_SPA.wav,anger,ses_sd,sessd_34_TAI,all,34_TAI_ANG_SPA,,SPA
C:\Users\Rafa\Downloads\proyecto-ia-20260212T103152Z-3-001\proyecto-ia\multimodal-emocion\data\audio\raw\ses_sd\34_TAI_DIS_SPA.wav,disgust,ses_sd,sessd_34_TAI,all,34_TAI_DIS_SPA,,SPA
C:\Users\Rafa\Downloads\proyecto-ia-20260212T103152Z-3-001\proyecto-ia\multimodal-emocion\data\audio\raw\ses_sd\34_TAI_FEA_SPA.wav,fear,ses_sd,sessd_34_TAI,all,34_TAI_FEA_SPA,,SPA
C:\Users\Rafa\Downloads\proyecto-ia-20260212T103152Z-3-001\proyecto-ia\multimodal-emocion\data\audio\raw\ses_sd\34_TAI_HAP_SPA.wav,joy,ses_sd,sessd_34_TAI,all,34_TAI_HAP_SPA,,SPA
C:\Users\Rafa\Downloads\proyecto-ia-20260212T103152Z-3-001\proyecto-ia\multimodal-emocion\data\audio\raw\ses_sd\34_TAI_NEU_SPA.wav,neutral,ses_sd,sessd_34_TAI,all,34_TAI_NEU_SPA,,SPA
C:\Users\Rafa\Downloads\proyecto-ia-20260212T103152Z-3-001\proyecto-ia\multimodal-emocion\data\audio\raw\ses_sd\34_TAI_SAD_SPA.wav,sadness,ses_sd,sessd_34_TAI,all,34_TAI_SAD_SPA,,SPA
C:\Users\Rafa\Downloads\proyecto-ia-20260212T103152Z-3-001\proyecto-ia\multimodal-emocion\data\audio\raw\ses_sd\34_TSI_ANG_SPA.wav,anger,ses_sd,sessd_34_TSI,all,34_TSI_ANG_SPA,,SPA
C:\Users\Rafa\Downloads\proyecto-ia-20260212T103152Z-3-001\proyecto-ia\multimodal-emocion\data\audio\raw\ses_sd\34_TSI_DIS_SPA.wav,disgust,ses_sd,sessd_34_TSI,all,34_TSI_DIS_SPA,,SPA
C:\Users\Rafa\Downloads\proyecto-ia-20260212T103152Z-3-001\proyecto-ia\multimodal-emocion\data\audio\raw\ses_sd\34_TSI_FEA_SPA.wav,fear,ses_sd,sessd_34_TSI,all,34_TSI_FEA_SPA,,SPA
C:\Users\Rafa\Downloads\proyecto-ia-20260212T103152Z-3-001\proyecto-ia\multimodal-emocion\data\audio\raw\ses_sd\34_TSI_HAP_SPA.wav,joy,ses_sd,sessd_34_TSI,all,34_TSI_HAP_SPA,,SPA
C:\Users\Rafa\Downloads\proyecto-ia-20260212T103152Z-3-001\proyecto-ia\multimodal-emocion\data\audio\raw\ses_sd\34_TSI_NEU_SPA.wav,neutral,ses_sd,sessd_34_TSI,all,34_TSI_NEU_SPA,,SPA
C:\Users\Rafa\Downloads\proyecto-ia-20260212T103152Z-3-001\proyecto-ia\multimodal-emocion\data\audio\raw\ses_sd\34_TSI_SAD_SPA.wav,sadness,ses_sd,sessd_34_TSI,all,34_TSI_SAD_SPA,,SPA
C:\Users\Rafa\Downloads\proyecto-ia-20260212T103152Z-3-001\proyecto-ia\multimodal-emocion\data\audio\raw\ses_sd\35_DFA_ANG_SPA.wav,anger,ses_sd,sessd_35_DFA,all,35_DFA_ANG_SPA,,SPA
C:\Users\Rafa\Downloads\proyecto-ia-20260212T103152Z-3-001\proyecto-ia\multimodal-emocion\data\audio\raw\ses_sd\35_DFA_DIS_SPA.wav,disgust,ses_sd,sessd_35_DFA,all,35_DFA_DIS_SPA,,SPA
C:\Users\Rafa\Downloads\proyecto-ia-20260212T103152Z-3-001\proyecto-ia\multimodal-emocion\data\audio\raw\ses_sd\35_DFA_FEA_SPA.wav,fear,ses_sd,sessd_35_DFA,all,35_DFA_FEA_SPA,,SPA
C:\Users\Rafa\Downloads\proyecto-ia-20260212T103152Z-3-001\proyecto-ia\multimodal-emocion\data\audio\raw\ses_sd\35_DFA_HAP_SPA.wav,joy,ses_sd,sessd_35_DFA,all,35_DFA_HAP_SPA,,SPA
C:\Users\Rafa\Downloads\proyecto-ia-20260212T103152Z-3-001\proyecto-ia\multimodal-emocion\data\audio\raw\ses_sd\35_DFA_NEU_SPA.wav,neutral,ses_sd,sessd_35_DFA,all,35_DFA_NEU_SPA,,SPA
C:\Users\Rafa\Downloads\proyecto-ia-20260212T103152Z-3-001\proyecto-ia\multimodal-emocion\data\audio\raw\ses_sd\35_DFA_SAD_SPA.wav,sadness,ses_sd,sessd_35_DFA,all,35_DFA_SAD_SPA,,SPA
C:\Users\Rafa\Downloads\proyecto-ia-20260212T103152Z-3-001\proyecto-ia\multimodal-emocion\data\audio\raw\ses_sd\35_IEO_ANG_SPA.wav,anger,ses_sd,sessd_35_IEO,all,35_IEO_ANG_SPA,,SPA
C:\Users\Rafa\Downloads\proyecto-ia-20260212T103152Z-3-001\proyecto-ia\multimodal-emocion\data\audio\raw\ses_sd\35_IEO_DIS_SPA.wav,disgust,ses_sd,sessd_35_IEO,all,35_IEO_DIS_SPA,,SPA
C:\Users\Rafa\Downloads\proyecto-ia-20260212T103152Z-3-001\proyecto-ia\multimodal-emocion\data\audio\raw\ses_sd\35_IEO_FEA_SPA.wav,fear,ses_sd,sessd_35_IEO,all,35_IEO_FEA_SPA,,SPA
C:\Users\Rafa\Downloads\proyecto-ia-20260212T103152Z-3-001\proyecto-ia\multimodal-emocion\data\audio\raw\ses_sd\35_IEO_HAP_SPA.wav,joy,ses_sd,sessd_35_IEO,all,35_IEO_HAP_SPA,,SPA
C:\Users\Rafa\Downloads\proyecto-ia-20260212T103152Z-3-001\proyecto-ia\multimodal-emocion\data\audio\raw\ses_sd\35_IEO_NEU_SPA.wav,neutral,ses_sd,sessd_35_IEO,all,35_IEO_NEU_SPA,,SPA
C:\Users\Rafa\Downloads\proyecto-ia-20260212T103152Z-3-001\proyecto-ia\multimodal-emocion\data\audio\raw\ses_sd\35_IEO_SAD_SPA.wav,sadness,ses_sd,sessd_35_IEO,all,35_IEO_SAD_SPA,,SPA
C:\Users\Rafa\Downloads\proyecto-ia-20260212T103152Z-3-001\proyecto-ia\multimodal-emocion\data\audio\raw\ses_sd\35_IWW_ANG_SPA.wav,anger,ses_sd,sessd_35_IWW,all,35_IWW_ANG_SPA,,SPA
C:\Users\Rafa\Downloads\proyecto-ia-20260212T103152Z-3-001\proyecto-ia\multimodal-emocion\data\audio\raw\ses_sd\35_IWW_DIS_SPA.wav,disgust,ses_sd,sessd_35_IWW,all,35_IWW_DIS_SPA,,SPA
C:\Users\Rafa\Downloads\proyecto-ia-20260212T103152Z-3-001\proyecto-ia\multimodal-emocion\data\audio\raw\ses_sd\35_IWW_FEA_SPA.wav,fear,ses_sd,sessd_35_IWW,all,35_IWW_FEA_SPA,,SPA
C:\Users\Rafa\Downloads\proyecto-ia-20260212T103152Z-3-001\proyecto-ia\multimodal-emocion\data\audio\raw\ses_sd\35_IWW_HAP_SPA.wav,joy,ses_sd,sessd_35_IWW,all,35_IWW_HAP_SPA,,SPA
C:\Users\Rafa\Downloads\proyecto-ia-20260212T103152Z-3-001\proyecto-ia\multimodal-emocion\data\audio\raw\ses_sd\35_IWW_NEU_SPA.wav,neutral,ses_sd,sessd_35_IWW,all,35_IWW_NEU_SPA,,SPA
C:\Users\Rafa\Downloads\proyecto-ia-20260212T103152Z-3-001\proyecto-ia\multimodal-emocion\data\audio\raw\ses_sd\35_IWW_SAD_SPA.wav,sadness,ses_sd,sessd_35_IWW,all,35_IWW_SAD_SPA,,SPA
C:\Users\Rafa\Downloads\proyecto-ia-20260212T103152Z-3-001\proyecto-ia\multimodal-emocion\data\audio\raw\ses_sd\35_TAI_ANG_SPA.wav,anger,ses_sd,sessd_35_TAI,all,35_TAI_ANG_SPA,,SPA
C:\Users\Rafa\Downloads\proyecto-ia-20260212T103152Z-3-001\proyecto-ia\multimodal-emocion\data\audio\raw\ses_sd\35_TAI_DIS_SPA.wav,disgust,ses_sd,sessd_35_TAI,all,35_TAI_DIS_SPA,,SPA
C:\Users\Rafa\Downloads\proyecto-ia-20260212T103152Z-3-001\proyecto-ia\multimodal-emocion\data\audio\raw\ses_sd\35_TAI_FEA_SPA.wav,fear,ses_sd,sessd_35_TAI,all,35_TAI_FEA_SPA,,SPA
C:\Users\Rafa\Downloads\proyecto-ia-20260212T103152Z-3-001\proyecto-ia\multimodal-emocion\data\audio\raw\ses_sd\35_TAI_HAP_SPA.wav,joy,ses_sd,sessd_35_TAI,all,35_TAI_HAP_SPA,,SPA
C:\Users\Rafa\Downloads\proyecto-ia-20260212T103152Z-3-001\proyecto-ia\multimodal-emocion\data\audio\raw\ses_sd\35_TAI_NEU_SPA.wav,neutral,ses_sd,sessd_35_TAI,all,35_TAI_NEU_SPA,,SPA
C:\Users\Rafa\Downloads\proyecto-ia-20260212T103152Z-3-001\proyecto-ia\multimodal-emocion\data\audio\raw\ses_sd\35_TAI_SAD_SPA.wav,sadness,ses_sd,sessd_35_TAI,all,35_TAI_SAD_SPA,,SPA
C:\Users\Rafa\Downloads\proyecto-ia-20260212T103152Z-3-001\proyecto-ia\multimodal-emocion\data\audio\raw\ses_sd\35_TSI_ANG_SPA.wav,anger,ses_sd,sessd_35_TSI,all,35_TSI_ANG_SPA,,SPA
C:\Users\Rafa\Downloads\proyecto-ia-20260212T103152Z-3-001\proyecto-ia\multimodal-emocion\data\audio\raw\ses_sd\35_TSI_DIS_SPA.wav,disgust,ses_sd,sessd_35_TSI,all,35_TSI_DIS_SPA,,SPA
C:\Users\Rafa\Downloads\proyecto-ia-20260212T103152Z-3-001\proyecto-ia\multimodal-emocion\data\audio\raw\ses_sd\35_TSI_FEA_SPA.wav,fear,ses_sd,sessd_35_TSI,all,35_TSI_FEA_SPA,,SPA
C:\Users\Rafa\Downloads\proyecto-ia-20260212T103152Z-3-001\proyecto-ia\multimodal-emocion\data\audio\raw\ses_sd\35_TSI_HAP_SPA.wav,joy,ses_sd,sessd_35_TSI,all,35_TSI_HAP_SPA,,SPA
C:\Users\Rafa\Downloads\proyecto-ia-20260212T103152Z-3-001\proyecto-ia\multimodal-emocion\data\audio\raw\ses_sd\35_TSI_NEU_SPA.wav,neutral,ses_sd,sessd_35_TSI,all,35_TSI_NEU_SPA,,SPA
C:\Users\Rafa\Downloads\proyecto-ia-20260212T103152Z-3-001\proyecto-ia\multimodal-emocion\data\audio\raw\ses_sd\35_TSI_SAD_SPA.wav,sadness,ses_sd,sessd_35_TSI,all,35_TSI_SAD_SPA,,SPA
C:\Users\Rafa\Downloads\proyecto-ia-20260212T103152Z-3-001\proyecto-ia\multimodal-emocion\data\audio\raw\ses_sd\36_DFA_ANG_SPA.wav,anger,ses_sd,sessd_36_DFA,all,36_DFA_ANG_SPA,,SPA
C:\Users\Rafa\Downloads\proyecto-ia-20260212T103152Z-3-001\proyecto-ia\multimodal-emocion\data\audio\raw\ses_sd\36_DFA_DIS_SPA.wav,disgust,ses_sd,sessd_36_DFA,all,36_DFA_DIS_SPA,,SPA
C:\Users\Rafa\Downloads\proyecto-ia-20260212T103152Z-3-001\proyecto-ia\multimodal-emocion\data\audio\raw\ses_sd\36_DFA_FEA_SPA.wav,fear,ses_sd,sessd_36_DFA,all,36_DFA_FEA_SPA,,SPA
C:\Users\Rafa\Downloads\proyecto-ia-20260212T103152Z-3-001\proyecto-ia\multimodal-emocion\data\audio\raw\ses_sd\36_DFA_HAP_SPA.wav,joy,ses_sd,sessd_36_DFA,all,36_DFA_HAP_SPA,,SPA
C:\Users\Rafa\Downloads\proyecto-ia-20260212T103152Z-3-001\proyecto-ia\multimodal-emocion\data\audio\raw\ses_sd\36_DFA_NEU_SPA.wav,neutral,ses_sd,sessd_36_DFA,all,36_DFA_NEU_SPA,,SPA
C:\Users\Rafa\Downloads\proyecto-ia-20260212T103152Z-3-001\proyecto-ia\multimodal-emocion\data\audio\raw\ses_sd\36_DFA_SAD_SPA.wav,sadness,ses_sd,sessd_36_DFA,all,36_DFA_SAD_SPA,,SPA
C:\Users\Rafa\Downloads\proyecto-ia-20260212T103152Z-3-001\proyecto-ia\multimodal-emocion\data\audio\raw\ses_sd\36_IEO_ANG_SPA.wav,anger,ses_sd,sessd_36_IEO,all,36_IEO_ANG_SPA,,SPA
C:\Users\Rafa\Downloads\proyecto-ia-20260212T103152Z-3-001\proyecto-ia\multimodal-emocion\data\audio\raw\ses_sd\36_IEO_DIS_SPA.wav,disgust,ses_sd,sessd_36_IEO,all,36_IEO_DIS_SPA,,SPA
C:\Users\Rafa\Downloads\proyecto-ia-20260212T103152Z-3-001\proyecto-ia\multimodal-emocion\data\audio\raw\ses_sd\36_IEO_FEA_SPA.wav,fear,ses_sd,sessd_36_IEO,all,36_IEO_FEA_SPA,,SPA
C:\Users\Rafa\Downloads\proyecto-ia-20260212T103152Z-3-001\proyecto-ia\multimodal-emocion\data\audio\raw\ses_sd\36_IEO_HAP_SPA.wav,joy,ses_sd,sessd_36_IEO,all,36_IEO_HAP_SPA,,SPA
C:\Users\Rafa\Downloads\proyecto-ia-20260212T103152Z-3-001\proyecto-ia\multimodal-emocion\data\audio\raw\ses_sd\36_IEO_NEU_SPA.wav,neutral,ses_sd,sessd_36_IEO,all,36_IEO_NEU_SPA,,SPA
C:\Users\Rafa\Downloads\proyecto-ia-20260212T103152Z-3-001\proyecto-ia\multimodal-emocion\data\audio\raw\ses_sd\36_IEO_SAD_SPA.wav,sadness,ses_sd,sessd_36_IEO,all,36_IEO_SAD_SPA,,SPA
C:\Users\Rafa\Downloads\proyecto-ia-20260212T103152Z-3-001\proyecto-ia\multimodal-emocion\data\audio\raw\ses_sd\36_IWW_ANG_SPA.wav,anger,ses_sd,sessd_36_IWW,all,36_IWW_ANG_SPA,,SPA
C:\Users\Rafa\Downloads\proyecto-ia-20260212T103152Z-3-001\proyecto-ia\multimodal-emocion\data\audio\raw\ses_sd\36_IWW_DIS_SPA.wav,disgust,ses_sd,sessd_36_IWW,all,36_IWW_DIS_SPA,,SPA
C:\Users\Rafa\Downloads\proyecto-ia-20260212T103152Z-3-001\proyecto-ia\multimodal-emocion\data\audio\raw\ses_sd\36_IWW_FEA_SPA.wav,fear,ses_sd,sessd_36_IWW,all,36_IWW_FEA_SPA,,SPA
C:\Users\Rafa\Downloads\proyecto-ia-20260212T103152Z-3-001\proyecto-ia\multimodal-emocion\data\audio\raw\ses_sd\36_IWW_HAP_SPA.wav,joy,ses_sd,sessd_36_IWW,all,36_IWW_HAP_SPA,,SPA
C:\Users\Rafa\Downloads\proyecto-ia-20260212T103152Z-3-001\proyecto-ia\multimodal-emocion\data\audio\raw\ses_sd\36_IWW_NEU_SPA.wav,neutral,ses_sd,sessd_36_IWW,all,36_IWW_NEU_SPA,,SPA
C:\Users\Rafa\Downloads\proyecto-ia-20260212T103152Z-3-001\proyecto-ia\multimodal-emocion\data\audio\raw\ses_sd\36_IWW_SAD_SPA.wav,sadness,ses_sd,sessd_36_IWW,all,36_IWW_SAD_SPA,,SPA
C:\Users\Rafa\Downloads\proyecto-ia-20260212T103152Z-3-001\proyecto-ia\multimodal-emocion\data\audio\raw\ses_sd\36_TAI_ANG_SPA.wav,anger,ses_sd,sessd_36_TAI,all,36_TAI_ANG_SPA,,SPA
C:\Users\Rafa\Downloads\proyecto-ia-20260212T103152Z-3-001\proyecto-ia\multimodal-emocion\data\audio\raw\ses_sd\36_TAI_DIS_SPA.wav,disgust,ses_sd,sessd_36_TAI,all,36_TAI_DIS_SPA,,SPA
C:\Users\Rafa\Downloads\proyecto-ia-20260212T103152Z-3-001\proyecto-ia\multimodal-emocion\data\audio\raw\ses_sd\36_TAI_FEA_SPA.wav,fear,ses_sd,sessd_36_TAI,all,36_TAI_FEA_SPA,,SPA
C:\Users\Rafa\Downloads\proyecto-ia-20260212T103152Z-3-001\proyecto-ia\multimodal-emocion\data\audio\raw\ses_sd\36_TAI_HAP_SPA.wav,joy,ses_sd,sessd_36_TAI,all,36_TAI_HAP_SPA,,SPA
C:\Users\Rafa\Downloads\proyecto-ia-20260212T103152Z-3-001\proyecto-ia\multimodal-emocion\data\audio\raw\ses_sd\36_TAI_NEU_SPA.wav,neutral,ses_sd,sessd_36_TAI,all,36_TAI_NEU_SPA,,SPA
C:\Users\Rafa\Downloads\proyecto-ia-20260212T103152Z-3-001\proyecto-ia\multimodal-emocion\data\audio\raw\ses_sd\36_TAI_SAD_SPA.wav,sadness,ses_sd,sessd_36_TAI,all,36_TAI_SAD_SPA,,SPA
C:\Users\Rafa\Downloads\proyecto-ia-20260212T103152Z-3-001\proyecto-ia\multimodal-emocion\data\audio\raw\ses_sd\36_TSI_ANG_SPA.wav,anger,ses_sd,sessd_36_TSI,all,36_TSI_ANG_SPA,,SPA
C:\Users\Rafa\Downloads\proyecto-ia-20260212T103152Z-3-001\proyecto-ia\multimodal-emocion\data\audio\raw\ses_sd\36_TSI_DIS_SPA.wav,disgust,ses_sd,sessd_36_TSI,all,36_TSI_DIS_SPA,,SPA
C:\Users\Rafa\Downloads\proyecto-ia-20260212T103152Z-3-001\proyecto-ia\multimodal-emocion\data\audio\raw\ses_sd\36_TSI_FEA_SPA.wav,fear,ses_sd,sessd_36_TSI,all,36_TSI_FEA_SPA,,SPA
C:\Users\Rafa\Downloads\proyecto-ia-20260212T103152Z-3-001\proyecto-ia\multimodal-emocion\data\audio\raw\ses_sd\36_TSI_HAP_SPA.wav,joy,ses_sd,sessd_36_TSI,all,36_TSI_HAP_SPA,,SPA
C:\Users\Rafa\Downloads\proyecto-ia-20260212T103152Z-3-001\proyecto-ia\multimodal-emocion\data\audio\raw\ses_sd\36_TSI_NEU_SPA.wav,neutral,ses_sd,sessd_36_TSI,all,36_TSI_NEU_SPA,,SPA
C:\Users\Rafa\Downloads\proyecto-ia-20260212T103152Z-3-001\proyecto-ia\multimodal-emocion\data\audio\raw\ses_sd\36_TSI_SAD_SPA.wav,sadness,ses_sd,sessd_36_TSI,all,36_TSI_SAD_SPA,,SPA
C:\Users\Rafa\Downloads\proyecto-ia-20260212T103152Z-3-001\proyecto-ia\multimodal-emocion\data\audio\raw\ses_sd\37_DFA_ANG_SPA.wav,anger,ses_sd,sessd_37_DFA,all,37_DFA_ANG_SPA,,SPA
C:\Users\Rafa\Downloads\proyecto-ia-20260212T103152Z-3-001\proyecto-ia\multimodal-emocion\data\audio\raw\ses_sd\37_DFA_DIS_SPA.wav,disgust,ses_sd,sessd_37_DFA,all,37_DFA_DIS_SPA,,SPA
C:\Users\Rafa\Downloads\proyecto-ia-20260212T103152Z-3-001\proyecto-ia\multimodal-emocion\data\audio\raw\ses_sd\37_DFA_FEA_SPA.wav,fear,ses_sd,sessd_37_DFA,all,37_DFA_FEA_SPA,,SPA
C:\Users\Rafa\Downloads\proyecto-ia-20260212T103152Z-3-001\proyecto-ia\multimodal-emocion\data\audio\raw\ses_sd\37_DFA_HAP_SPA.wav,joy,ses_sd,sessd_37_DFA,all,37_DFA_HAP_SPA,,SPA
C:\Users\Rafa\Downloads\proyecto-ia-20260212T103152Z-3-001\proyecto-ia\multimodal-emocion\data\audio\raw\ses_sd\37_DFA_NEU_SPA.wav,neutral,ses_sd,sessd_37_DFA,all,37_DFA_NEU_SPA,,SPA
C:\Users\Rafa\Downloads\proyecto-ia-20260212T103152Z-3-001\proyecto-ia\multimodal-emocion\data\audio\raw\ses_sd\37_DFA_SAD_SPA.wav,sadness,ses_sd,sessd_37_DFA,all,37_DFA_SAD_SPA,,SPA
C:\Users\Rafa\Downloads\proyecto-ia-20260212T103152Z-3-001\proyecto-ia\multimodal-emocion\data\audio\raw\ses_sd\37_IEO_ANG_SPA.wav,anger,ses_sd,sessd_37_IEO,all,37_IEO_ANG_SPA,,SPA
C:\Users\Rafa\Downloads\proyecto-ia-20260212T103152Z-3-001\proyecto-ia\multimodal-emocion\data\audio\raw\ses_sd\37_IEO_DIS_SPA.wav,disgust,ses_sd,sessd_37_IEO,all,37_IEO_DIS_SPA,,SPA
C:\Users\Rafa\Downloads\proyecto-ia-20260212T103152Z-3-001\proyecto-ia\multimodal-emocion\data\audio\raw\ses_sd\37_IEO_FEA_SPA.wav,fear,ses_sd,sessd_37_IEO,all,37_IEO_FEA_SPA,,SPA
C:\Users\Rafa\Downloads\proyecto-ia-20260212T103152Z-3-001\proyecto-ia\multimodal-emocion\data\audio\raw\ses_sd\37_IEO_HAP_SPA.wav,joy,ses_sd,sessd_37_IEO,all,37_IEO_HAP_SPA,,SPA
C:\Users\Rafa\Downloads\proyecto-ia-20260212T103152Z-3-001\proyecto-ia\multimodal-emocion\data\audio\raw\ses_sd\37_IEO_NEU_SPA.wav,neutral,ses_sd,sessd_37_IEO,all,37_IEO_NEU_SPA,,SPA
C:\Users\Rafa\Downloads\proyecto-ia-20260212T103152Z-3-001\proyecto-ia\multimodal-emocion\data\audio\raw\ses_sd\37_IEO_SAD_SPA.wav,sadness,ses_sd,sessd_37_IEO,all,37_IEO_SAD_SPA,,SPA
C:\Users\Rafa\Downloads\proyecto-ia-20260212T103152Z-3-001\proyecto-ia\multimodal-emocion\data\audio\raw\ses_sd\37_IWW_ANG_SPA.wav,anger,ses_sd,sessd_37_IWW,all,37_IWW_ANG_SPA,,SPA
C:\Users\Rafa\Downloads\proyecto-ia-20260212T103152Z-3-001\proyecto-ia\multimodal-emocion\data\audio\raw\ses_sd\37_IWW_DIS_SPA.wav,disgust,ses_sd,sessd_37_IWW,all,37_IWW_DIS_SPA,,SPA
C:\Users\Rafa\Downloads\proyecto-ia-20260212T103152Z-3-001\proyecto-ia\multimodal-emocion\data\audio\raw\ses_sd\37_IWW_FEA_SPA.wav,fear,ses_sd,sessd_37_IWW,all,37_IWW_FEA_SPA,,SPA
C:\Users\Rafa\Downloads\proyecto-ia-20260212T103152Z-3-001\proyecto-ia\multimodal-emocion\data\audio\raw\ses_sd\37_IWW_HAP_SPA.wav,joy,ses_sd,sessd_37_IWW,all,37_IWW_HAP_SPA,,SPA
C:\Users\Rafa\Downloads\proyecto-ia-20260212T103152Z-3-001\proyecto-ia\multimodal-emocion\data\audio\raw\ses_sd\37_IWW_NEU_SPA.wav,neutral,ses_sd,sessd_37_IWW,all,37_IWW_NEU_SPA,,SPA
C:\Users\Rafa\Downloads\proyecto-ia-20260212T103152Z-3-001\proyecto-ia\multimodal-emocion\data\audio\raw\ses_sd\37_IWW_SAD_SPA.wav,sadness,ses_sd,sessd_37_IWW,all,37_IWW_SAD_SPA,,SPA
C:\Users\Rafa\Downloads\proyecto-ia-20260212T103152Z-3-001\proyecto-ia\multimodal-emocion\data\audio\raw\ses_sd\37_TAI_ANG_SPA.wav,anger,ses_sd,sessd_37_TAI,all,37_TAI_ANG_SPA,,SPA
C:\Users\Rafa\Downloads\proyecto-ia-20260212T103152Z-3-001\proyecto-ia\multimodal-emocion\data\audio\raw\ses_sd\37_TAI_DIS_SPA.wav,disgust,ses_sd,sessd_37_TAI,all,37_TAI_DIS_SPA,,SPA
C:\Users\Rafa\Downloads\proyecto-ia-20260212T103152Z-3-001\proyecto-ia\multimodal-emocion\data\audio\raw\ses_sd\37_TAI_FEA_SPA.wav,fear,ses_sd,sessd_37_TAI,all,37_TAI_FEA_SPA,,SPA
C:\Users\Rafa\Downloads\proyecto-ia-20260212T103152Z-3-001\proyecto-ia\multimodal-emocion\data\audio\raw\ses_sd\37_TAI_HAP_SPA.wav,joy,ses_sd,sessd_37_TAI,all,37_TAI_HAP_SPA,,SPA
C:\Users\Rafa\Downloads\proyecto-ia-20260212T103152Z-3-001\proyecto-ia\multimodal-emocion\data\audio\raw\ses_sd\37_TAI_NEU_SPA.wav,neutral,ses_sd,sessd_37_TAI,all,37_TAI_NEU_SPA,,SPA
C:\Users\Rafa\Downloads\proyecto-ia-20260212T103152Z-3-001\proyecto-ia\multimodal-emocion\data\audio\raw\ses_sd\37_TAI_SAD_SPA.wav,sadness,ses_sd,sessd_37_TAI,all,37_TAI_SAD_SPA,,SPA
C:\Users\Rafa\Downloads\proyecto-ia-20260212T103152Z-3-001\proyecto-ia\multimodal-emocion\data\audio\raw\ses_sd\37_TSI_ANG_SPA.wav,anger,ses_sd,sessd_37_TSI,all,37_TSI_ANG_SPA,,SPA
C:\Users\Rafa\Downloads\proyecto-ia-20260212T103152Z-3-001\proyecto-ia\multimodal-emocion\data\audio\raw\ses_sd\37_TSI_DIS_SPA.wav,disgust,ses_sd,sessd_37_TSI,all,37_TSI_DIS_SPA,,SPA
C:\Users\Rafa\Downloads\proyecto-ia-20260212T103152Z-3-001\proyecto-ia\multimodal-emocion\data\audio\raw\ses_sd\37_TSI_FEA_SPA.wav,fear,ses_sd,sessd_37_TSI,all,37_TSI_FEA_SPA,,SPA
C:\Users\Rafa\Downloads\proyecto-ia-20260212T103152Z-3-001\proyecto-ia\multimodal-emocion\data\audio\raw\ses_sd\37_TSI_HAP_SPA.wav,joy,ses_sd,sessd_37_TSI,all,37_TSI_HAP_SPA,,SPA
C:\Users\Rafa\Downloads\proyecto-ia-20260212T103152Z-3-001\proyecto-ia\multimodal-emocion\data\audio\raw\ses_sd\37_TSI_NEU_SPA.wav,neutral,ses_sd,sessd_37_TSI,all,37_TSI_NEU_SPA,,SPA
C:\Users\Rafa\Downloads\proyecto-ia-20260212T103152Z-3-001\proyecto-ia\multimodal-emocion\data\audio\raw\ses_sd\37_TSI_SAD_SPA.wav,sadness,ses_sd,sessd_37_TSI,all,37_TSI_SAD_SPA,,SPA
C:\Users\Rafa\Downloads\proyecto-ia-20260212T103152Z-3-001\proyecto-ia\multimodal-emocion\data\audio\raw\ses_sd\38_DFA_ANG_SPA.wav,anger,ses_sd,sessd_38_DFA,all,38_DFA_ANG_SPA,,SPA
C:\Users\Rafa\Downloads\proyecto-ia-20260212T103152Z-3-001\proyecto-ia\multimodal-emocion\data\audio\raw\ses_sd\38_DFA_DIS_SPA.wav,disgust,ses_sd,sessd_38_DFA,all,38_DFA_DIS_SPA,,SPA
C:\Users\Rafa\Downloads\proyecto-ia-20260212T103152Z-3-001\proyecto-ia\multimodal-emocion\data\audio\raw\ses_sd\38_DFA_FEA_SPA.wav,fear,ses_sd,sessd_38_DFA,all,38_DFA_FEA_SPA,,SPA
C:\Users\Rafa\Downloads\proyecto-ia-20260212T103152Z-3-001\proyecto-ia\multimodal-emocion\data\audio\raw\ses_sd\38_DFA_HAP_SPA.wav,joy,ses_sd,sessd_38_DFA,all,38_DFA_HAP_SPA,,SPA
C:\Users\Rafa\Downloads\proyecto-ia-20260212T103152Z-3-001\proyecto-ia\multimodal-emocion\data\audio\raw\ses_sd\38_DFA_NEU_SPA.wav,neutral,ses_sd,sessd_38_DFA,all,38_DFA_NEU_SPA,,SPA
C:\Users\Rafa\Downloads\proyecto-ia-20260212T103152Z-3-001\proyecto-ia\multimodal-emocion\data\audio\raw\ses_sd\38_DFA_SAD_SPA.wav,sadness,ses_sd,sessd_38_DFA,all,38_DFA_SAD_SPA,,SPA
C:\Users\Rafa\Downloads\proyecto-ia-20260212T103152Z-3-001\proyecto-ia\multimodal-emocion\data\audio\raw\ses_sd\38_IEO_ANG_SPA.wav,anger,ses_sd,sessd_38_IEO,all,38_IEO_ANG_SPA,,SPA
C:\Users\Rafa\Downloads\proyecto-ia-20260212T103152Z-3-001\proyecto-ia\multimodal-emocion\data\audio\raw\ses_sd\38_IEO_DIS_SPA.wav,disgust,ses_sd,sessd_38_IEO,all,38_IEO_DIS_SPA,,SPA
C:\Users\Rafa\Downloads\proyecto-ia-20260212T103152Z-3-001\proyecto-ia\multimodal-emocion\data\audio\raw\ses_sd\38_IEO_FEA_SPA.wav,fear,ses_sd,sessd_38_IEO,all,38_IEO_FEA_SPA,,SPA
C:\Users\Rafa\Downloads\proyecto-ia-20260212T103152Z-3-001\proyecto-ia\multimodal-emocion\data\audio\raw\ses_sd\38_IEO_HAP_SPA.wav,joy,ses_sd,sessd_38_IEO,all,38_IEO_HAP_SPA,,SPA
C:\Users\Rafa\Downloads\proyecto-ia-20260212T103152Z-3-001\proyecto-ia\multimodal-emocion\data\audio\raw\ses_sd\38_IEO_NEU_SPA.wav,neutral,ses_sd,sessd_38_IEO,all,38_IEO_NEU_SPA,,SPA
C:\Users\Rafa\Downloads\proyecto-ia-20260212T103152Z-3-001\proyecto-ia\multimodal-emocion\data\audio\raw\ses_sd\38_IEO_SAD_SPA.wav,sadness,ses_sd,sessd_38_IEO,all,38_IEO_SAD_SPA,,SPA
C:\Users\Rafa\Downloads\proyecto-ia-20260212T103152Z-3-001\proyecto-ia\multimodal-emocion\data\audio\raw\ses_sd\38_IWW_ANG_SPA.wav,anger,ses_sd,sessd_38_IWW,all,38_IWW_ANG_SPA,,SPA
C:\Users\Rafa\Downloads\proyecto-ia-20260212T103152Z-3-001\proyecto-ia\multimodal-emocion\data\audio\raw\ses_sd\38_IWW_DIS_SPA.wav,disgust,ses_sd,sessd_38_IWW,all,38_IWW_DIS_SPA,,SPA
C:\Users\Rafa\Downloads\proyecto-ia-20260212T103152Z-3-001\proyecto-ia\multimodal-emocion\data\audio\raw\ses_sd\38_IWW_FEA_SPA.wav,fear,ses_sd,sessd_38_IWW,all,38_IWW_FEA_SPA,,SPA
C:\Users\Rafa\Downloads\proyecto-ia-20260212T103152Z-3-001\proyecto-ia\multimodal-emocion\data\audio\raw\ses_sd\38_IWW_HAP_SPA.wav,joy,ses_sd,sessd_38_IWW,all,38_IWW_HAP_SPA,,SPA
C:\Users\Rafa\Downloads\proyecto-ia-20260212T103152Z-3-001\proyecto-ia\multimodal-emocion\data\audio\raw\ses_sd\38_IWW_NEU_SPA.wav,neutral,ses_sd,sessd_38_IWW,all,38_IWW_NEU_SPA,,SPA
C:\Users\Rafa\Downloads\proyecto-ia-20260212T103152Z-3-001\proyecto-ia\multimodal-emocion\data\audio\raw\ses_sd\38_IWW_SAD_SPA.wav,sadness,ses_sd,sessd_38_IWW,all,38_IWW_SAD_SPA,,SPA
C:\Users\Rafa\Downloads\proyecto-ia-20260212T103152Z-3-001\proyecto-ia\multimodal-emocion\data\audio\raw\ses_sd\38_TAI_ANG_SPA.wav,anger,ses_sd,sessd_38_TAI,all,38_TAI_ANG_SPA,,SPA
C:\Users\Rafa\Downloads\proyecto-ia-20260212T103152Z-3-001\proyecto-ia\multimodal-emocion\data\audio\raw\ses_sd\38_TAI_DIS_SPA.wav,disgust,ses_sd,sessd_38_TAI,all,38_TAI_DIS_SPA,,SPA
C:\Users\Rafa\Downloads\proyecto-ia-20260212T103152Z-3-001\proyecto-ia\multimodal-emocion\data\audio\raw\ses_sd\38_TAI_FEA_SPA.wav,fear,ses_sd,sessd_38_TAI,all,38_TAI_FEA_SPA,,SPA
C:\Users\Rafa\Downloads\proyecto-ia-20260212T103152Z-3-001\proyecto-ia\multimodal-emocion\data\audio\raw\ses_sd\38_TAI_HAP_SPA.wav,joy,ses_sd,sessd_38_TAI,all,38_TAI_HAP_SPA,,SPA
C:\Users\Rafa\Downloads\proyecto-ia-20260212T103152Z-3-001\proyecto-ia\multimodal-emocion\data\audio\raw\ses_sd\38_TAI_NEU_SPA.wav,neutral,ses_sd,sessd_38_TAI,all,38_TAI_NEU_SPA,,SPA
C:\Users\Rafa\Downloads\proyecto-ia-20260212T103152Z-3-001\proyecto-ia\multimodal-emocion\data\audio\raw\ses_sd\38_TAI_SAD_SPA.wav,sadness,ses_sd,sessd_38_TAI,all,38_TAI_SAD_SPA,,SPA
C:\Users\Rafa\Downloads\proyecto-ia-20260212T103152Z-3-001\proyecto-ia\multimodal-emocion\data\audio\raw\ses_sd\38_TSI_ANG_SPA.wav,anger,ses_sd,sessd_38_TSI,all,38_TSI_ANG_SPA,,SPA
C:\Users\Rafa\Downloads\proyecto-ia-20260212T103152Z-3-001\proyecto-ia\multimodal-emocion\data\audio\raw\ses_sd\38_TSI_DIS_SPA.wav,disgust,ses_sd,sessd_38_TSI,all,38_TSI_DIS_SPA,,SPA
C:\Users\Rafa\Downloads\proyecto-ia-20260212T103152Z-3-001\proyecto-ia\multimodal-emocion\data\audio\raw\ses_sd\38_TSI_FEA_SPA.wav,fear,ses_sd,sessd_38_TSI,all,38_TSI_FEA_SPA,,SPA
C:\Users\Rafa\Downloads\proyecto-ia-20260212T103152Z-3-001\proyecto-ia\multimodal-emocion\data\audio\raw\ses_sd\38_TSI_HAP_SPA.wav,joy,ses_sd,sessd_38_TSI,all,38_TSI_HAP_SPA,,SPA
C:\Users\Rafa\Downloads\proyecto-ia-20260212T103152Z-3-001\proyecto-ia\multimodal-emocion\data\audio\raw\ses_sd\38_TSI_NEU_SPA.wav,neutral,ses_sd,sessd_38_TSI,all,38_TSI_NEU_SPA,,SPA
C:\Users\Rafa\Downloads\proyecto-ia-20260212T103152Z-3-001\proyecto-ia\multimodal-emocion\data\audio\raw\ses_sd\38_TSI_SAD_SPA.wav,sadness,ses_sd,sessd_38_TSI,all,38_TSI_SAD_SPA,,SPA
C:\Users\Rafa\Downloads\proyecto-ia-20260212T103152Z-3-001\proyecto-ia\multimodal-emocion\data\audio\raw\ses_sd\39_DFA_ANG_SPA.wav,anger,ses_sd,sessd_39_DFA,all,39_DFA_ANG_SPA,,SPA
C:\Users\Rafa\Downloads\proyecto-ia-20260212T103152Z-3-001\proyecto-ia\multimodal-emocion\data\audio\raw\ses_sd\39_DFA_DIS_SPA.wav,disgust,ses_sd,sessd_39_DFA,all,39_DFA_DIS_SPA,,SPA
C:\Users\Rafa\Downloads\proyecto-ia-20260212T103152Z-3-001\proyecto-ia\multimodal-emocion\data\audio\raw\ses_sd\39_DFA_FEA_SPA.wav,fear,ses_sd,sessd_39_DFA,all,39_DFA_FEA_SPA,,SPA
C:\Users\Rafa\Downloads\proyecto-ia-20260212T103152Z-3-001\proyecto-ia\multimodal-emocion\data\audio\raw\ses_sd\39_DFA_HAP_SPA.wav,joy,ses_sd,sessd_39_DFA,all,39_DFA_HAP_SPA,,SPA
C:\Users\Rafa\Downloads\proyecto-ia-20260212T103152Z-3-001\proyecto-ia\multimodal-emocion\data\audio\raw\ses_sd\39_DFA_NEU_SPA.wav,neutral,ses_sd,sessd_39_DFA,all,39_DFA_NEU_SPA,,SPA
C:\Users\Rafa\Downloads\proyecto-ia-20260212T103152Z-3-001\proyecto-ia\multimodal-emocion\data\audio\raw\ses_sd\39_DFA_SAD_SPA.wav,sadness,ses_sd,sessd_39_DFA,all,39_DFA_SAD_SPA,,SPA
C:\Users\Rafa\Downloads\proyecto-ia-20260212T103152Z-3-001\proyecto-ia\multimodal-emocion\data\audio\raw\ses_sd\39_IEO_ANG_SPA.wav,anger,ses_sd,sessd_39_IEO,all,39_IEO_ANG_SPA,,SPA
C:\Users\Rafa\Downloads\proyecto-ia-20260212T103152Z-3-001\proyecto-ia\multimodal-emocion\data\audio\raw\ses_sd\39_IEO_DIS_SPA.wav,disgust,ses_sd,sessd_39_IEO,all,39_IEO_DIS_SPA,,SPA
C:\Users\Rafa\Downloads\proyecto-ia-20260212T103152Z-3-001\proyecto-ia\multimodal-emocion\data\audio\raw\ses_sd\39_IEO_FEA_SPA.wav,fear,ses_sd,sessd_39_IEO,all,39_IEO_FEA_SPA,,SPA
C:\Users\Rafa\Downloads\proyecto-ia-20260212T103152Z-3-001\proyecto-ia\multimodal-emocion\data\audio\raw\ses_sd\39_IEO_HAP_SPA.wav,joy,ses_sd,sessd_39_IEO,all,39_IEO_HAP_SPA,,SPA
C:\Users\Rafa\Downloads\proyecto-ia-20260212T103152Z-3-001\proyecto-ia\multimodal-emocion\data\audio\raw\ses_sd\39_IEO_NEU_SPA.wav,neutral,ses_sd,sessd_39_IEO,all,39_IEO_NEU_SPA,,SPA
C:\Users\Rafa\Downloads\proyecto-ia-20260212T103152Z-3-001\proyecto-ia\multimodal-emocion\data\audio\raw\ses_sd\39_IEO_SAD_SPA.wav,sadness,ses_sd,sessd_39_IEO,all,39_IEO_SAD_SPA,,SPA
C:\Users\Rafa\Downloads\proyecto-ia-20260212T103152Z-3-001\proyecto-ia\multimodal-emocion\data\audio\raw\ses_sd\39_IWW_ANG_SPA.wav,anger,ses_sd,sessd_39_IWW,all,39_IWW_ANG_SPA,,SPA
C:\Users\Rafa\Downloads\proyecto-ia-20260212T103152Z-3-001\proyecto-ia\multimodal-emocion\data\audio\raw\ses_sd\39_IWW_DIS_SPA.wav,disgust,ses_sd,sessd_39_IWW,all,39_IWW_DIS_SPA,,SPA
C:\Users\Rafa\Downloads\proyecto-ia-20260212T103152Z-3-001\proyecto-ia\multimodal-emocion\data\audio\raw\ses_sd\39_IWW_FEA_SPA.wav,fear,ses_sd,sessd_39_IWW,all,39_IWW_FEA_SPA,,SPA
C:\Users\Rafa\Downloads\proyecto-ia-20260212T103152Z-3-001\proyecto-ia\multimodal-emocion\data\audio\raw\ses_sd\39_IWW_HAP_SPA.wav,joy,ses_sd,sessd_39_IWW,all,39_IWW_HAP_SPA,,SPA
C:\Users\Rafa\Downloads\proyecto-ia-20260212T103152Z-3-001\proyecto-ia\multimodal-emocion\data\audio\raw\ses_sd\39_IWW_NEU_SPA.wav,neutral,ses_sd,sessd_39_IWW,all,39_IWW_NEU_SPA,,SPA
C:\Users\Rafa\Downloads\proyecto-ia-20260212T103152Z-3-001\proyecto-ia\multimodal-emocion\data\audio\raw\ses_sd\39_IWW_SAD_SPA.wav,sadness,ses_sd,sessd_39_IWW,all,39_IWW_SAD_SPA,,SPA
C:\Users\Rafa\Downloads\proyecto-ia-20260212T103152Z-3-001\proyecto-ia\multimodal-emocion\data\audio\raw\ses_sd\39_TAI_ANG_SPA.wav,anger,ses_sd,sessd_39_TAI,all,39_TAI_ANG_SPA,,SPA
C:\Users\Rafa\Downloads\proyecto-ia-20260212T103152Z-3-001\proyecto-ia\multimodal-emocion\data\audio\raw\ses_sd\39_TAI_DIS_SPA.wav,disgust,ses_sd,sessd_39_TAI,all,39_TAI_DIS_SPA,,SPA
C:\Users\Rafa\Downloads\proyecto-ia-20260212T103152Z-3-001\proyecto-ia\multimodal-emocion\data\audio\raw\ses_sd\39_TAI_FEA_SPA.wav,fear,ses_sd,sessd_39_TAI,all,39_TAI_FEA_SPA,,SPA
C:\Users\Rafa\Downloads\proyecto-ia-20260212T103152Z-3-001\proyecto-ia\multimodal-emocion\data\audio\raw\ses_sd\39_TAI_HAP_SPA.wav,joy,ses_sd,sessd_39_TAI,all,39_TAI_HAP_SPA,,SPA
C:\Users\Rafa\Downloads\proyecto-ia-20260212T103152Z-3-001\proyecto-ia\multimodal-emocion\data\audio\raw\ses_sd\39_TAI_NEU_SPA.wav,neutral,ses_sd,sessd_39_TAI,all,39_TAI_NEU_SPA,,SPA
C:\Users\Rafa\Downloads\proyecto-ia-20260212T103152Z-3-001\proyecto-ia\multimodal-emocion\data\audio\raw\ses_sd\39_TAI_SAD_SPA.wav,sadness,ses_sd,sessd_39_TAI,all,39_TAI_SAD_SPA,,SPA
C:\Users\Rafa\Downloads\proyecto-ia-20260212T103152Z-3-001\proyecto-ia\multimodal-emocion\data\audio\raw\ses_sd\39_TSI_ANG_SPA.wav,anger,ses_sd,sessd_39_TSI,all,39_TSI_ANG_SPA,,SPA
C:\Users\Rafa\Downloads\proyecto-ia-20260212T103152Z-3-001\proyecto-ia\multimodal-emocion\data\audio\raw\ses_sd\39_TSI_DIS_SPA.wav,disgust,ses_sd,sessd_39_TSI,all,39_TSI_DIS_SPA,,SPA
C:\Users\Rafa\Downloads\proyecto-ia-20260212T103152Z-3-001\proyecto-ia\multimodal-emocion\data\audio\raw\ses_sd\39_TSI_FEA_SPA.wav,fear,ses_sd,sessd_39_TSI,all,39_TSI_FEA_SPA,,SPA
C:\Users\Rafa\Downloads\proyecto-ia-20260212T103152Z-3-001\proyecto-ia\multimodal-emocion\data\audio\raw\ses_sd\39_TSI_HAP_SPA.wav,joy,ses_sd,sessd_39_TSI,all,39_TSI_HAP_SPA,,SPA
C:\Users\Rafa\Downloads\proyecto-ia-20260212T103152Z-3-001\proyecto-ia\multimodal-emocion\data\audio\raw\ses_sd\39_TSI_SAD_SPA.wav,sadness,ses_sd,sessd_39_TSI,all,39_TSI_SAD_SPA,,SPA
C:\Users\Rafa\Downloads\proyecto-ia-20260212T103152Z-3-001\proyecto-ia\multimodal-emocion\data\audio\raw\ses_sd\3_DFA_ANG_SPA.wav,anger,ses_sd,sessd_3_DFA,all,3_DFA_ANG_SPA,,SPA
C:\Users\Rafa\Downloads\proyecto-ia-20260212T103152Z-3-001\proyecto-ia\multimodal-emocion\data\audio\raw\ses_sd\3_DFA_DIS_SPA.wav,disgust,ses_sd,sessd_3_DFA,all,3_DFA_DIS_SPA,,SPA
C:\Users\Rafa\Downloads\proyecto-ia-20260212T103152Z-3-001\proyecto-ia\multimodal-emocion\data\audio\raw\ses_sd\3_DFA_FEA_SPA.wav,fear,ses_sd,sessd_3_DFA,all,3_DFA_FEA_SPA,,SPA
C:\Users\Rafa\Downloads\proyecto-ia-20260212T103152Z-3-001\proyecto-ia\multimodal-emocion\data\audio\raw\ses_sd\3_DFA_HAP_SPA.wav,joy,ses_sd,sessd_3_DFA,all,3_DFA_HAP_SPA,,SPA
C:\Users\Rafa\Downloads\proyecto-ia-20260212T103152Z-3-001\proyecto-ia\multimodal-emocion\data\audio\raw\ses_sd\3_DFA_NEU_SPA.wav,neutral,ses_sd,sessd_3_DFA,all,3_DFA_NEU_SPA,,SPA
C:\Users\Rafa\Downloads\proyecto-ia-20260212T103152Z-3-001\proyecto-ia\multimodal-emocion\data\audio\raw\ses_sd\3_DFA_SAD_SPA.wav,sadness,ses_sd,sessd_3_DFA,all,3_DFA_SAD_SPA,,SPA
C:\Users\Rafa\Downloads\proyecto-ia-20260212T103152Z-3-001\proyecto-ia\multimodal-emocion\data\audio\raw\ses_sd\3_IEO_ANG_SPA.wav,anger,ses_sd,sessd_3_IEO,all,3_IEO_ANG_SPA,,SPA
C:\Users\Rafa\Downloads\proyecto-ia-20260212T103152Z-3-001\proyecto-ia\multimodal-emocion\data\audio\raw\ses_sd\3_IEO_DIS_SPA.wav,disgust,ses_sd,sessd_3_IEO,all,3_IEO_DIS_SPA,,SPA
C:\Users\Rafa\Downloads\proyecto-ia-20260212T103152Z-3-001\proyecto-ia\multimodal-emocion\data\audio\raw\ses_sd\3_IEO_FEA_SPA.wav,fear,ses_sd,sessd_3_IEO,all,3_IEO_FEA_SPA,,SPA
C:\Users\Rafa\Downloads\proyecto-ia-20260212T103152Z-3-001\proyecto-ia\multimodal-emocion\data\audio\raw\ses_sd\3_IEO_HAP_SPA.wav,joy,ses_sd,sessd_3_IEO,all,3_IEO_HAP_SPA,,SPA
C:\Users\Rafa\Downloads\proyecto-ia-20260212T103152Z-3-001\proyecto-ia\multimodal-emocion\data\audio\raw\ses_sd\3_IEO_NEU_SPA.wav,neutral,ses_sd,sessd_3_IEO,all,3_IEO_NEU_SPA,,SPA
C:\Users\Rafa\Downloads\proyecto-ia-20260212T103152Z-3-001\proyecto-ia\multimodal-emocion\data\audio\raw\ses_sd\3_IEO_SAD_SPA.wav,sadness,ses_sd,sessd_3_IEO,all,3_IEO_SAD_SPA,,SPA
C:\Users\Rafa\Downloads\proyecto-ia-20260212T103152Z-3-001\proyecto-ia\multimodal-emocion\data\audio\raw\ses_sd\3_IWW_ANG_SPA.wav,anger,ses_sd,sessd_3_IWW,all,3_IWW_ANG_SPA,,SPA
C:\Users\Rafa\Downloads\proyecto-ia-20260212T103152Z-3-001\proyecto-ia\multimodal-emocion\data\audio\raw\ses_sd\3_IWW_DIS_SPA.wav,disgust,ses_sd,sessd_3_IWW,all,3_IWW_DIS_SPA,,SPA
C:\Users\Rafa\Downloads\proyecto-ia-20260212T103152Z-3-001\proyecto-ia\multimodal-emocion\data\audio\raw\ses_sd\3_IWW_FEA_SPA.wav,fear,ses_sd,sessd_3_IWW,all,3_IWW_FEA_SPA,,SPA
C:\Users\Rafa\Downloads\proyecto-ia-20260212T103152Z-3-001\proyecto-ia\multimodal-emocion\data\audio\raw\ses_sd\3_IWW_HAP_SPA.wav,joy,ses_sd,sessd_3_IWW,all,3_IWW_HAP_SPA,,SPA
C:\Users\Rafa\Downloads\proyecto-ia-20260212T103152Z-3-001\proyecto-ia\multimodal-emocion\data\audio\raw\ses_sd\3_IWW_NEU_SPA.wav,neutral,ses_sd,sessd_3_IWW,all,3_IWW_NEU_SPA,,SPA
C:\Users\Rafa\Downloads\proyecto-ia-20260212T103152Z-3-001\proyecto-ia\multimodal-emocion\data\audio\raw\ses_sd\3_IWW_SAD_SPA.wav,sadness,ses_sd,sessd_3_IWW,all,3_IWW_SAD_SPA,,SPA
C:\Users\Rafa\Downloads\proyecto-ia-20260212T103152Z-3-001\proyecto-ia\multimodal-emocion\data\audio\raw\ses_sd\3_TAI_ANG_SPA.wav,anger,ses_sd,sessd_3_TAI,all,3_TAI_ANG_SPA,,SPA
C:\Users\Rafa\Downloads\proyecto-ia-20260212T103152Z-3-001\proyecto-ia\multimodal-emocion\data\audio\raw\ses_sd\3_TAI_DIS_SPA.wav,disgust,ses_sd,sessd_3_TAI,all,3_TAI_DIS_SPA,,SPA
C:\Users\Rafa\Downloads\proyecto-ia-20260212T103152Z-3-001\proyecto-ia\multimodal-emocion\data\audio\raw\ses_sd\3_TAI_FEA_SPA.wav,fear,ses_sd,sessd_3_TAI,all,3_TAI_FEA_SPA,,SPA
C:\Users\Rafa\Downloads\proyecto-ia-20260212T103152Z-3-001\proyecto-ia\multimodal-emocion\data\audio\raw\ses_sd\3_TAI_HAP_SPA.wav,joy,ses_sd,sessd_3_TAI,all,3_TAI_HAP_SPA,,SPA
C:\Users\Rafa\Downloads\proyecto-ia-20260212T103152Z-3-001\proyecto-ia\multimodal-emocion\data\audio\raw\ses_sd\3_TAI_NEU_SPA.wav,neutral,ses_sd,sessd_3_TAI,all,3_TAI_NEU_SPA,,SPA
C:\Users\Rafa\Downloads\proyecto-ia-20260212T103152Z-3-001\proyecto-ia\multimodal-emocion\data\audio\raw\ses_sd\3_TAI_SAD_SPA.wav,sadness,ses_sd,sessd_3_TAI,all,3_TAI_SAD_SPA,,SPA
C:\Users\Rafa\Downloads\proyecto-ia-20260212T103152Z-3-001\proyecto-ia\multimodal-emocion\data\audio\raw\ses_sd\3_TSI_ANG_SPA.wav,anger,ses_sd,sessd_3_TSI,all,3_TSI_ANG_SPA,,SPA
C:\Users\Rafa\Downloads\proyecto-ia-20260212T103152Z-3-001\proyecto-ia\multimodal-emocion\data\audio\raw\ses_sd\3_TSI_DIS_SPA.wav,disgust,ses_sd,sessd_3_TSI,all,3_TSI_DIS_SPA,,SPA
C:\Users\Rafa\Downloads\proyecto-ia-20260212T103152Z-3-001\proyecto-ia\multimodal-emocion\data\audio\raw\ses_sd\3_TSI_FEA_SPA.wav,fear,ses_sd,sessd_3_TSI,all,3_TSI_FEA_SPA,,SPA
C:\Users\Rafa\Downloads\proyecto-ia-20260212T103152Z-3-001\proyecto-ia\multimodal-emocion\data\audio\raw\ses_sd\3_TSI_HAP_SPA.wav,joy,ses_sd,sessd_3_TSI,all,3_TSI_HAP_SPA,,SPA
C:\Users\Rafa\Downloads\proyecto-ia-20260212T103152Z-3-001\proyecto-ia\multimodal-emocion\data\audio\raw\ses_sd\3_TSI_NEU_SPA.wav,neutral,ses_sd,sessd_3_TSI,all,3_TSI_NEU_SPA,,SPA
C:\Users\Rafa\Downloads\proyecto-ia-20260212T103152Z-3-001\proyecto-ia\multimodal-emocion\data\audio\raw\ses_sd\3_TSI_SAD_SPA.wav,sadness,ses_sd,sessd_3_TSI,all,3_TSI_SAD_SPA,,SPA
C:\Users\Rafa\Downloads\proyecto-ia-20260212T103152Z-3-001\proyecto-ia\multimodal-emocion\data\audio\raw\ses_sd\40_DFA_ANG_SPA.wav,anger,ses_sd,sessd_40_DFA,all,40_DFA_ANG_SPA,,SPA
C:\Users\Rafa\Downloads\proyecto-ia-20260212T103152Z-3-001\proyecto-ia\multimodal-emocion\data\audio\raw\ses_sd\40_DFA_DIS_SPA.wav,disgust,ses_sd,sessd_40_DFA,all,40_DFA_DIS_SPA,,SPA
C:\Users\Rafa\Downloads\proyecto-ia-20260212T103152Z-3-001\proyecto-ia\multimodal-emocion\data\audio\raw\ses_sd\40_DFA_FEA_SPA.wav,fear,ses_sd,sessd_40_DFA,all,40_DFA_FEA_SPA,,SPA
C:\Users\Rafa\Downloads\proyecto-ia-20260212T103152Z-3-001\proyecto-ia\multimodal-emocion\data\audio\raw\ses_sd\40_DFA_HAP_SPA.wav,joy,ses_sd,sessd_40_DFA,all,40_DFA_HAP_SPA,,SPA
C:\Users\Rafa\Downloads\proyecto-ia-20260212T103152Z-3-001\proyecto-ia\multimodal-emocion\data\audio\raw\ses_sd\40_DFA_NEU_SPA.wav,neutral,ses_sd,sessd_40_DFA,all,40_DFA_NEU_SPA,,SPA
C:\Users\Rafa\Downloads\proyecto-ia-20260212T103152Z-3-001\proyecto-ia\multimodal-emocion\data\audio\raw\ses_sd\40_DFA_SAD_SPA.wav,sadness,ses_sd,sessd_40_DFA,all,40_DFA_SAD_SPA,,SPA
C:\Users\Rafa\Downloads\proyecto-ia-20260212T103152Z-3-001\proyecto-ia\multimodal-emocion\data\audio\raw\ses_sd\40_IEO_ANG_SPA.wav,anger,ses_sd,sessd_40_IEO,all,40_IEO_ANG_SPA,,SPA
C:\Users\Rafa\Downloads\proyecto-ia-20260212T103152Z-3-001\proyecto-ia\multimodal-emocion\data\audio\raw\ses_sd\40_IEO_DIS_SPA.wav,disgust,ses_sd,sessd_40_IEO,all,40_IEO_DIS_SPA,,SPA
C:\Users\Rafa\Downloads\proyecto-ia-20260212T103152Z-3-001\proyecto-ia\multimodal-emocion\data\audio\raw\ses_sd\40_IEO_FEA_SPA.wav,fear,ses_sd,sessd_40_IEO,all,40_IEO_FEA_SPA,,SPA
C:\Users\Rafa\Downloads\proyecto-ia-20260212T103152Z-3-001\proyecto-ia\multimodal-emocion\data\audio\raw\ses_sd\40_IEO_HAP_SPA.wav,joy,ses_sd,sessd_40_IEO,all,40_IEO_HAP_SPA,,SPA
C:\Users\Rafa\Downloads\proyecto-ia-20260212T103152Z-3-001\proyecto-ia\multimodal-emocion\data\audio\raw\ses_sd\40_IEO_NEU_SPA.wav,neutral,ses_sd,sessd_40_IEO,all,40_IEO_NEU_SPA,,SPA
C:\Users\Rafa\Downloads\proyecto-ia-20260212T103152Z-3-001\proyecto-ia\multimodal-emocion\data\audio\raw\ses_sd\40_IEO_SAD_SPA.wav,sadness,ses_sd,sessd_40_IEO,all,40_IEO_SAD_SPA,,SPA
C:\Users\Rafa\Downloads\proyecto-ia-20260212T103152Z-3-001\proyecto-ia\multimodal-emocion\data\audio\raw\ses_sd\40_IWW_ANG_SPA.wav,anger,ses_sd,sessd_40_IWW,all,40_IWW_ANG_SPA,,SPA
C:\Users\Rafa\Downloads\proyecto-ia-20260212T103152Z-3-001\proyecto-ia\multimodal-emocion\data\audio\raw\ses_sd\40_IWW_DIS_SPA.wav,disgust,ses_sd,sessd_40_IWW,all,40_IWW_DIS_SPA,,SPA
C:\Users\Rafa\Downloads\proyecto-ia-20260212T103152Z-3-001\proyecto-ia\multimodal-emocion\data\audio\raw\ses_sd\40_IWW_FEA_SPA.wav,fear,ses_sd,sessd_40_IWW,all,40_IWW_FEA_SPA,,SPA
C:\Users\Rafa\Downloads\proyecto-ia-20260212T103152Z-3-001\proyecto-ia\multimodal-emocion\data\audio\raw\ses_sd\40_IWW_HAP_SPA.wav,joy,ses_sd,sessd_40_IWW,all,40_IWW_HAP_SPA,,SPA
C:\Users\Rafa\Downloads\proyecto-ia-20260212T103152Z-3-001\proyecto-ia\multimodal-emocion\data\audio\raw\ses_sd\40_IWW_NEU_SPA.wav,neutral,ses_sd,sessd_40_IWW,all,40_IWW_NEU_SPA,,SPA
C:\Users\Rafa\Downloads\proyecto-ia-20260212T103152Z-3-001\proyecto-ia\multimodal-emocion\data\audio\raw\ses_sd\40_IWW_SAD_SPA.wav,sadness,ses_sd,sessd_40_IWW,all,40_IWW_SAD_SPA,,SPA
C:\Users\Rafa\Downloads\proyecto-ia-20260212T103152Z-3-001\proyecto-ia\multimodal-emocion\data\audio\raw\ses_sd\40_TAI_ANG_SPA.wav,anger,ses_sd,sessd_40_TAI,all,40_TAI_ANG_SPA,,SPA
C:\Users\Rafa\Downloads\proyecto-ia-20260212T103152Z-3-001\proyecto-ia\multimodal-emocion\data\audio\raw\ses_sd\40_TAI_DIS_SPA.wav,disgust,ses_sd,sessd_40_TAI,all,40_TAI_DIS_SPA,,SPA
C:\Users\Rafa\Downloads\proyecto-ia-20260212T103152Z-3-001\proyecto-ia\multimodal-emocion\data\audio\raw\ses_sd\40_TAI_FEA_SPA.wav,fear,ses_sd,sessd_40_TAI,all,40_TAI_FEA_SPA,,SPA
C:\Users\Rafa\Downloads\proyecto-ia-20260212T103152Z-3-001\proyecto-ia\multimodal-emocion\data\audio\raw\ses_sd\40_TAI_HAP_SPA.wav,joy,ses_sd,sessd_40_TAI,all,40_TAI_HAP_SPA,,SPA
C:\Users\Rafa\Downloads\proyecto-ia-20260212T103152Z-3-001\proyecto-ia\multimodal-emocion\data\audio\raw\ses_sd\40_TAI_NEU_SPA.wav,neutral,ses_sd,sessd_40_TAI,all,40_TAI_NEU_SPA,,SPA
C:\Users\Rafa\Downloads\proyecto-ia-20260212T103152Z-3-001\proyecto-ia\multimodal-emocion\data\audio\raw\ses_sd\40_TAI_SAD_SPA.wav,sadness,ses_sd,sessd_40_TAI,all,40_TAI_SAD_SPA,,SPA
C:\Users\Rafa\Downloads\proyecto-ia-20260212T103152Z-3-001\proyecto-ia\multimodal-emocion\data\audio\raw\ses_sd\40_TSI_ANG_SPA.wav,anger,ses_sd,sessd_40_TSI,all,40_TSI_ANG_SPA,,SPA
C:\Users\Rafa\Downloads\proyecto-ia-20260212T103152Z-3-001\proyecto-ia\multimodal-emocion\data\audio\raw\ses_sd\40_TSI_DIS_SPA.wav,disgust,ses_sd,sessd_40_TSI,all,40_TSI_DIS_SPA,,SPA
C:\Users\Rafa\Downloads\proyecto-ia-20260212T103152Z-3-001\proyecto-ia\multimodal-emocion\data\audio\raw\ses_sd\40_TSI_FEA_SPA.wav,fear,ses_sd,sessd_40_TSI,all,40_TSI_FEA_SPA,,SPA
C:\Users\Rafa\Downloads\proyecto-ia-20260212T103152Z-3-001\proyecto-ia\multimodal-emocion\data\audio\raw\ses_sd\40_TSI_HAP_SPA.wav,joy,ses_sd,sessd_40_TSI,all,40_TSI_HAP_SPA,,SPA
C:\Users\Rafa\Downloads\proyecto-ia-20260212T103152Z-3-001\proyecto-ia\multimodal-emocion\data\audio\raw\ses_sd\40_TSI_NEU_SPA.wav,neutral,ses_sd,sessd_40_TSI,all,40_TSI_NEU_SPA,,SPA
C:\Users\Rafa\Downloads\proyecto-ia-20260212T103152Z-3-001\proyecto-ia\multimodal-emocion\data\audio\raw\ses_sd\40_TSI_SAD_SPA.wav,sadness,ses_sd,sessd_40_TSI,all,40_TSI_SAD_SPA,,SPA
C:\Users\Rafa\Downloads\proyecto-ia-20260212T103152Z-3-001\proyecto-ia\multimodal-emocion\data\audio\raw\ses_sd\41_DFA_ANG_SPA.wav,anger,ses_sd,sessd_41_DFA,all,41_DFA_ANG_SPA,,SPA
C:\Users\Rafa\Downloads\proyecto-ia-20260212T103152Z-3-001\proyecto-ia\multimodal-emocion\data\audio\raw\ses_sd\41_DFA_DIS_SPA.wav,disgust,ses_sd,sessd_41_DFA,all,41_DFA_DIS_SPA,,SPA
C:\Users\Rafa\Downloads\proyecto-ia-20260212T103152Z-3-001\proyecto-ia\multimodal-emocion\data\audio\raw\ses_sd\41_DFA_FEA_SPA.wav,fear,ses_sd,sessd_41_DFA,all,41_DFA_FEA_SPA,,SPA
C:\Users\Rafa\Downloads\proyecto-ia-20260212T103152Z-3-001\proyecto-ia\multimodal-emocion\data\audio\raw\ses_sd\41_DFA_HAP_SPA.wav,joy,ses_sd,sessd_41_DFA,all,41_DFA_HAP_SPA,,SPA
C:\Users\Rafa\Downloads\proyecto-ia-20260212T103152Z-3-001\proyecto-ia\multimodal-emocion\data\audio\raw\ses_sd\41_DFA_NEU_SPA.wav,neutral,ses_sd,sessd_41_DFA,all,41_DFA_NEU_SPA,,SPA
C:\Users\Rafa\Downloads\proyecto-ia-20260212T103152Z-3-001\proyecto-ia\multimodal-emocion\data\audio\raw\ses_sd\41_DFA_SAD_SPA.wav,sadness,ses_sd,sessd_41_DFA,all,41_DFA_SAD_SPA,,SPA
C:\Users\Rafa\Downloads\proyecto-ia-20260212T103152Z-3-001\proyecto-ia\multimodal-emocion\data\audio\raw\ses_sd\41_IEO_ANG_SPA.wav,anger,ses_sd,sessd_41_IEO,all,41_IEO_ANG_SPA,,SPA
C:\Users\Rafa\Downloads\proyecto-ia-20260212T103152Z-3-001\proyecto-ia\multimodal-emocion\data\audio\raw\ses_sd\41_IEO_DIS_SPA.wav,disgust,ses_sd,sessd_41_IEO,all,41_IEO_DIS_SPA,,SPA
C:\Users\Rafa\Downloads\proyecto-ia-20260212T103152Z-3-001\proyecto-ia\multimodal-emocion\data\audio\raw\ses_sd\41_IEO_FEA_SPA.wav,fear,ses_sd,sessd_41_IEO,all,41_IEO_FEA_SPA,,SPA
C:\Users\Rafa\Downloads\proyecto-ia-20260212T103152Z-3-001\proyecto-ia\multimodal-emocion\data\audio\raw\ses_sd\41_IEO_HAP_SPA.wav,joy,ses_sd,sessd_41_IEO,all,41_IEO_HAP_SPA,,SPA
C:\Users\Rafa\Downloads\proyecto-ia-20260212T103152Z-3-001\proyecto-ia\multimodal-emocion\data\audio\raw\ses_sd\41_IEO_NEU_SPA.wav,neutral,ses_sd,sessd_41_IEO,all,41_IEO_NEU_SPA,,SPA
C:\Users\Rafa\Downloads\proyecto-ia-20260212T103152Z-3-001\proyecto-ia\multimodal-emocion\data\audio\raw\ses_sd\41_IEO_SAD_SPA.wav,sadness,ses_sd,sessd_41_IEO,all,41_IEO_SAD_SPA,,SPA
C:\Users\Rafa\Downloads\proyecto-ia-20260212T103152Z-3-001\proyecto-ia\multimodal-emocion\data\audio\raw\ses_sd\41_IWW_ANG_SPA.wav,anger,ses_sd,sessd_41_IWW,all,41_IWW_ANG_SPA,,SPA
C:\Users\Rafa\Downloads\proyecto-ia-20260212T103152Z-3-001\proyecto-ia\multimodal-emocion\data\audio\raw\ses_sd\41_IWW_DIS_SPA.wav,disgust,ses_sd,sessd_41_IWW,all,41_IWW_DIS_SPA,,SPA
C:\Users\Rafa\Downloads\proyecto-ia-20260212T103152Z-3-001\proyecto-ia\multimodal-emocion\data\audio\raw\ses_sd\41_IWW_FEA_SPA.wav,fear,ses_sd,sessd_41_IWW,all,41_IWW_FEA_SPA,,SPA
C:\Users\Rafa\Downloads\proyecto-ia-20260212T103152Z-3-001\proyecto-ia\multimodal-emocion\data\audio\raw\ses_sd\41_IWW_HAP_SPA.wav,joy,ses_sd,sessd_41_IWW,all,41_IWW_HAP_SPA,,SPA
C:\Users\Rafa\Downloads\proyecto-ia-20260212T103152Z-3-001\proyecto-ia\multimodal-emocion\data\audio\raw\ses_sd\41_IWW_NEU_SPA.wav,neutral,ses_sd,sessd_41_IWW,all,41_IWW_NEU_SPA,,SPA
C:\Users\Rafa\Downloads\proyecto-ia-20260212T103152Z-3-001\proyecto-ia\multimodal-emocion\data\audio\raw\ses_sd\41_IWW_SAD_SPA.wav,sadness,ses_sd,sessd_41_IWW,all,41_IWW_SAD_SPA,,SPA
C:\Users\Rafa\Downloads\proyecto-ia-20260212T103152Z-3-001\proyecto-ia\multimodal-emocion\data\audio\raw\ses_sd\41_TAI_ANG_SPA.wav,anger,ses_sd,sessd_41_TAI,all,41_TAI_ANG_SPA,,SPA
C:\Users\Rafa\Downloads\proyecto-ia-20260212T103152Z-3-001\proyecto-ia\multimodal-emocion\data\audio\raw\ses_sd\41_TAI_DIS_SPA.wav,disgust,ses_sd,sessd_41_TAI,all,41_TAI_DIS_SPA,,SPA
C:\Users\Rafa\Downloads\proyecto-ia-20260212T103152Z-3-001\proyecto-ia\multimodal-emocion\data\audio\raw\ses_sd\41_TAI_FEA_SPA.wav,fear,ses_sd,sessd_41_TAI,all,41_TAI_FEA_SPA,,SPA
C:\Users\Rafa\Downloads\proyecto-ia-20260212T103152Z-3-001\proyecto-ia\multimodal-emocion\data\audio\raw\ses_sd\41_TAI_HAP_SPA.wav,joy,ses_sd,sessd_41_TAI,all,41_TAI_HAP_SPA,,SPA
C:\Users\Rafa\Downloads\proyecto-ia-20260212T103152Z-3-001\proyecto-ia\multimodal-emocion\data\audio\raw\ses_sd\41_TAI_NEU_SPA.wav,neutral,ses_sd,sessd_41_TAI,all,41_TAI_NEU_SPA,,SPA
C:\Users\Rafa\Downloads\proyecto-ia-20260212T103152Z-3-001\proyecto-ia\multimodal-emocion\data\audio\raw\ses_sd\41_TAI_SAD_SPA.wav,sadness,ses_sd,sessd_41_TAI,all,41_TAI_SAD_SPA,,SPA
C:\Users\Rafa\Downloads\proyecto-ia-20260212T103152Z-3-001\proyecto-ia\multimodal-emocion\data\audio\raw\ses_sd\41_TSI_ANG_SPA.wav,anger,ses_sd,sessd_41_TSI,all,41_TSI_ANG_SPA,,SPA
C:\Users\Rafa\Downloads\proyecto-ia-20260212T103152Z-3-001\proyecto-ia\multimodal-emocion\data\audio\raw\ses_sd\41_TSI_DIS_SPA.wav,disgust,ses_sd,sessd_41_TSI,all,41_TSI_DIS_SPA,,SPA
C:\Users\Rafa\Downloads\proyecto-ia-20260212T103152Z-3-001\proyecto-ia\multimodal-emocion\data\audio\raw\ses_sd\41_TSI_FEA_SPA.wav,fear,ses_sd,sessd_41_TSI,all,41_TSI_FEA_SPA,,SPA
C:\Users\Rafa\Downloads\proyecto-ia-20260212T103152Z-3-001\proyecto-ia\multimodal-emocion\data\audio\raw\ses_sd\41_TSI_HAP_SPA.wav,joy,ses_sd,sessd_41_TSI,all,41_TSI_HAP_SPA,,SPA
C:\Users\Rafa\Downloads\proyecto-ia-20260212T103152Z-3-001\proyecto-ia\multimodal-emocion\data\audio\raw\ses_sd\41_TSI_NEU_SPA.wav,neutral,ses_sd,sessd_41_TSI,all,41_TSI_NEU_SPA,,SPA
C:\Users\Rafa\Downloads\proyecto-ia-20260212T103152Z-3-001\proyecto-ia\multimodal-emocion\data\audio\raw\ses_sd\41_TSI_SAD_SPA.wav,sadness,ses_sd,sessd_41_TSI,all,41_TSI_SAD_SPA,,SPA
C:\Users\Rafa\Downloads\proyecto-ia-20260212T103152Z-3-001\proyecto-ia\multimodal-emocion\data\audio\raw\ses_sd\42_DFA_ANG_SPA.wav,anger,ses_sd,sessd_42_DFA,all,42_DFA_ANG_SPA,,SPA
C:\Users\Rafa\Downloads\proyecto-ia-20260212T103152Z-3-001\proyecto-ia\multimodal-emocion\data\audio\raw\ses_sd\42_DFA_DIS_SPA.wav,disgust,ses_sd,sessd_42_DFA,all,42_DFA_DIS_SPA,,SPA
C:\Users\Rafa\Downloads\proyecto-ia-20260212T103152Z-3-001\proyecto-ia\multimodal-emocion\data\audio\raw\ses_sd\42_DFA_FEA_SPA.wav,fear,ses_sd,sessd_42_DFA,all,42_DFA_FEA_SPA,,SPA
C:\Users\Rafa\Downloads\proyecto-ia-20260212T103152Z-3-001\proyecto-ia\multimodal-emocion\data\audio\raw\ses_sd\42_DFA_HAP_SPA.wav,joy,ses_sd,sessd_42_DFA,all,42_DFA_HAP_SPA,,SPA
C:\Users\Rafa\Downloads\proyecto-ia-20260212T103152Z-3-001\proyecto-ia\multimodal-emocion\data\audio\raw\ses_sd\42_DFA_NEU_SPA.wav,neutral,ses_sd,sessd_42_DFA,all,42_DFA_NEU_SPA,,SPA
C:\Users\Rafa\Downloads\proyecto-ia-20260212T103152Z-3-001\proyecto-ia\multimodal-emocion\data\audio\raw\ses_sd\42_DFA_SAD_SPA.wav,sadness,ses_sd,sessd_42_DFA,all,42_DFA_SAD_SPA,,SPA
C:\Users\Rafa\Downloads\proyecto-ia-20260212T103152Z-3-001\proyecto-ia\multimodal-emocion\data\audio\raw\ses_sd\42_IEO_ANG_SPA.wav,anger,ses_sd,sessd_42_IEO,all,42_IEO_ANG_SPA,,SPA
C:\Users\Rafa\Downloads\proyecto-ia-20260212T103152Z-3-001\proyecto-ia\multimodal-emocion\data\audio\raw\ses_sd\42_IEO_DIS_SPA.wav,disgust,ses_sd,sessd_42_IEO,all,42_IEO_DIS_SPA,,SPA
C:\Users\Rafa\Downloads\proyecto-ia-20260212T103152Z-3-001\proyecto-ia\multimodal-emocion\data\audio\raw\ses_sd\42_IEO_FEA_SPA.wav,fear,ses_sd,sessd_42_IEO,all,42_IEO_FEA_SPA,,SPA
C:\Users\Rafa\Downloads\proyecto-ia-20260212T103152Z-3-001\proyecto-ia\multimodal-emocion\data\audio\raw\ses_sd\42_IEO_HAP_SPA.wav,joy,ses_sd,sessd_42_IEO,all,42_IEO_HAP_SPA,,SPA
C:\Users\Rafa\Downloads\proyecto-ia-20260212T103152Z-3-001\proyecto-ia\multimodal-emocion\data\audio\raw\ses_sd\42_IEO_NEU_SPA.wav,neutral,ses_sd,sessd_42_IEO,all,42_IEO_NEU_SPA,,SPA
C:\Users\Rafa\Downloads\proyecto-ia-20260212T103152Z-3-001\proyecto-ia\multimodal-emocion\data\audio\raw\ses_sd\42_IEO_SAD_SPA.wav,sadness,ses_sd,sessd_42_IEO,all,42_IEO_SAD_SPA,,SPA
C:\Users\Rafa\Downloads\proyecto-ia-20260212T103152Z-3-001\proyecto-ia\multimodal-emocion\data\audio\raw\ses_sd\42_IWW_ANG_SPA.wav,anger,ses_sd,sessd_42_IWW,all,42_IWW_ANG_SPA,,SPA
C:\Users\Rafa\Downloads\proyecto-ia-20260212T103152Z-3-001\proyecto-ia\multimodal-emocion\data\audio\raw\ses_sd\42_IWW_DIS_SPA.wav,disgust,ses_sd,sessd_42_IWW,all,42_IWW_DIS_SPA,,SPA
C:\Users\Rafa\Downloads\proyecto-ia-20260212T103152Z-3-001\proyecto-ia\multimodal-emocion\data\audio\raw\ses_sd\42_IWW_FEA_SPA.wav,fear,ses_sd,sessd_42_IWW,all,42_IWW_FEA_SPA,,SPA
C:\Users\Rafa\Downloads\proyecto-ia-20260212T103152Z-3-001\proyecto-ia\multimodal-emocion\data\audio\raw\ses_sd\42_IWW_HAP_SPA.wav,joy,ses_sd,sessd_42_IWW,all,42_IWW_HAP_SPA,,SPA
C:\Users\Rafa\Downloads\proyecto-ia-20260212T103152Z-3-001\proyecto-ia\multimodal-emocion\data\audio\raw\ses_sd\42_IWW_NEU_SPA.wav,neutral,ses_sd,sessd_42_IWW,all,42_IWW_NEU_SPA,,SPA
C:\Users\Rafa\Downloads\proyecto-ia-20260212T103152Z-3-001\proyecto-ia\multimodal-emocion\data\audio\raw\ses_sd\42_IWW_SAD_SPA.wav,sadness,ses_sd,sessd_42_IWW,all,42_IWW_SAD_SPA,,SPA
C:\Users\Rafa\Downloads\proyecto-ia-20260212T103152Z-3-001\proyecto-ia\multimodal-emocion\data\audio\raw\ses_sd\42_TAI_ANG_SPA.wav,anger,ses_sd,sessd_42_TAI,all,42_TAI_ANG_SPA,,SPA
C:\Users\Rafa\Downloads\proyecto-ia-20260212T103152Z-3-001\proyecto-ia\multimodal-emocion\data\audio\raw\ses_sd\42_TAI_DIS_SPA.wav,disgust,ses_sd,sessd_42_TAI,all,42_TAI_DIS_SPA,,SPA
C:\Users\Rafa\Downloads\proyecto-ia-20260212T103152Z-3-001\proyecto-ia\multimodal-emocion\data\audio\raw\ses_sd\42_TAI_FEA_SPA.wav,fear,ses_sd,sessd_42_TAI,all,42_TAI_FEA_SPA,,SPA
C:\Users\Rafa\Downloads\proyecto-ia-20260212T103152Z-3-001\proyecto-ia\multimodal-emocion\data\audio\raw\ses_sd\42_TAI_HAP_SPA.wav,joy,ses_sd,sessd_42_TAI,all,42_TAI_HAP_SPA,,SPA
C:\Users\Rafa\Downloads\proyecto-ia-20260212T103152Z-3-001\proyecto-ia\multimodal-emocion\data\audio\raw\ses_sd\42_TAI_NEU_SPA.wav,neutral,ses_sd,sessd_42_TAI,all,42_TAI_NEU_SPA,,SPA
C:\Users\Rafa\Downloads\proyecto-ia-20260212T103152Z-3-001\proyecto-ia\multimodal-emocion\data\audio\raw\ses_sd\42_TAI_SAD_SPA.wav,sadness,ses_sd,sessd_42_TAI,all,42_TAI_SAD_SPA,,SPA
C:\Users\Rafa\Downloads\proyecto-ia-20260212T103152Z-3-001\proyecto-ia\multimodal-emocion\data\audio\raw\ses_sd\42_TSI_ANG_SPA.wav,anger,ses_sd,sessd_42_TSI,all,42_TSI_ANG_SPA,,SPA
C:\Users\Rafa\Downloads\proyecto-ia-20260212T103152Z-3-001\proyecto-ia\multimodal-emocion\data\audio\raw\ses_sd\42_TSI_DIS_SPA.wav,disgust,ses_sd,sessd_42_TSI,all,42_TSI_DIS_SPA,,SPA
C:\Users\Rafa\Downloads\proyecto-ia-20260212T103152Z-3-001\proyecto-ia\multimodal-emocion\data\audio\raw\ses_sd\42_TSI_FEA_SPA.wav,fear,ses_sd,sessd_42_TSI,all,42_TSI_FEA_SPA,,SPA
C:\Users\Rafa\Downloads\proyecto-ia-20260212T103152Z-3-001\proyecto-ia\multimodal-emocion\data\audio\raw\ses_sd\42_TSI_HAP_SPA.wav,joy,ses_sd,sessd_42_TSI,all,42_TSI_HAP_SPA,,SPA
C:\Users\Rafa\Downloads\proyecto-ia-20260212T103152Z-3-001\proyecto-ia\multimodal-emocion\data\audio\raw\ses_sd\42_TSI_NEU_SPA.wav,neutral,ses_sd,sessd_42_TSI,all,42_TSI_NEU_SPA,,SPA
C:\Users\Rafa\Downloads\proyecto-ia-20260212T103152Z-3-001\proyecto-ia\multimodal-emocion\data\audio\raw\ses_sd\42_TSI_SAD_SPA.wav,sadness,ses_sd,sessd_42_TSI,all,42_TSI_SAD_SPA,,SPA
C:\Users\Rafa\Downloads\proyecto-ia-20260212T103152Z-3-001\proyecto-ia\multimodal-emocion\data\audio\raw\ses_sd\43_DFA_ANG_SPA.wav,anger,ses_sd,sessd_43_DFA,all,43_DFA_ANG_SPA,,SPA
C:\Users\Rafa\Downloads\proyecto-ia-20260212T103152Z-3-001\proyecto-ia\multimodal-emocion\data\audio\raw\ses_sd\43_DFA_DIS_SPA.wav,disgust,ses_sd,sessd_43_DFA,all,43_DFA_DIS_SPA,,SPA
C:\Users\Rafa\Downloads\proyecto-ia-20260212T103152Z-3-001\proyecto-ia\multimodal-emocion\data\audio\raw\ses_sd\43_DFA_FEA_SPA.wav,fear,ses_sd,sessd_43_DFA,all,43_DFA_FEA_SPA,,SPA
C:\Users\Rafa\Downloads\proyecto-ia-20260212T103152Z-3-001\proyecto-ia\multimodal-emocion\data\audio\raw\ses_sd\43_DFA_HAP_SPA.wav,joy,ses_sd,sessd_43_DFA,all,43_DFA_HAP_SPA,,SPA
C:\Users\Rafa\Downloads\proyecto-ia-20260212T103152Z-3-001\proyecto-ia\multimodal-emocion\data\audio\raw\ses_sd\43_DFA_NEU_SPA.wav,neutral,ses_sd,sessd_43_DFA,all,43_DFA_NEU_SPA,,SPA
C:\Users\Rafa\Downloads\proyecto-ia-20260212T103152Z-3-001\proyecto-ia\multimodal-emocion\data\audio\raw\ses_sd\43_DFA_SAD_SPA.wav,sadness,ses_sd,sessd_43_DFA,all,43_DFA_SAD_SPA,,SPA
C:\Users\Rafa\Downloads\proyecto-ia-20260212T103152Z-3-001\proyecto-ia\multimodal-emocion\data\audio\raw\ses_sd\43_IEO_ANG_SPA.wav,anger,ses_sd,sessd_43_IEO,all,43_IEO_ANG_SPA,,SPA
C:\Users\Rafa\Downloads\proyecto-ia-20260212T103152Z-3-001\proyecto-ia\multimodal-emocion\data\audio\raw\ses_sd\43_IEO_DIS_SPA.wav,disgust,ses_sd,sessd_43_IEO,all,43_IEO_DIS_SPA,,SPA
C:\Users\Rafa\Downloads\proyecto-ia-20260212T103152Z-3-001\proyecto-ia\multimodal-emocion\data\audio\raw\ses_sd\43_IEO_FEA_SPA.wav,fear,ses_sd,sessd_43_IEO,all,43_IEO_FEA_SPA,,SPA
C:\Users\Rafa\Downloads\proyecto-ia-20260212T103152Z-3-001\proyecto-ia\multimodal-emocion\data\audio\raw\ses_sd\43_IEO_HAP_SPA.wav,joy,ses_sd,sessd_43_IEO,all,43_IEO_HAP_SPA,,SPA
C:\Users\Rafa\Downloads\proyecto-ia-20260212T103152Z-3-001\proyecto-ia\multimodal-emocion\data\audio\raw\ses_sd\43_IEO_NEU_SPA.wav,neutral,ses_sd,sessd_43_IEO,all,43_IEO_NEU_SPA,,SPA
C:\Users\Rafa\Downloads\proyecto-ia-20260212T103152Z-3-001\proyecto-ia\multimodal-emocion\data\audio\raw\ses_sd\43_IEO_SAD_SPA.wav,sadness,ses_sd,sessd_43_IEO,all,43_IEO_SAD_SPA,,SPA
C:\Users\Rafa\Downloads\proyecto-ia-20260212T103152Z-3-001\proyecto-ia\multimodal-emocion\data\audio\raw\ses_sd\43_IWW_ANG_SPA.wav,anger,ses_sd,sessd_43_IWW,all,43_IWW_ANG_SPA,,SPA
C:\Users\Rafa\Downloads\proyecto-ia-20260212T103152Z-3-001\proyecto-ia\multimodal-emocion\data\audio\raw\ses_sd\43_IWW_DIS_SPA.wav,disgust,ses_sd,sessd_43_IWW,all,43_IWW_DIS_SPA,,SPA
C:\Users\Rafa\Downloads\proyecto-ia-20260212T103152Z-3-001\proyecto-ia\multimodal-emocion\data\audio\raw\ses_sd\43_IWW_FEA_SPA.wav,fear,ses_sd,sessd_43_IWW,all,43_IWW_FEA_SPA,,SPA
C:\Users\Rafa\Downloads\proyecto-ia-20260212T103152Z-3-001\proyecto-ia\multimodal-emocion\data\audio\raw\ses_sd\43_IWW_HAP_SPA.wav,joy,ses_sd,sessd_43_IWW,all,43_IWW_HAP_SPA,,SPA
C:\Users\Rafa\Downloads\proyecto-ia-20260212T103152Z-3-001\proyecto-ia\multimodal-emocion\data\audio\raw\ses_sd\43_IWW_NEU_SPA.wav,neutral,ses_sd,sessd_43_IWW,all,43_IWW_NEU_SPA,,SPA
C:\Users\Rafa\Downloads\proyecto-ia-20260212T103152Z-3-001\proyecto-ia\multimodal-emocion\data\audio\raw\ses_sd\43_IWW_SAD_SPA.wav,sadness,ses_sd,sessd_43_IWW,all,43_IWW_SAD_SPA,,SPA
C:\Users\Rafa\Downloads\proyecto-ia-20260212T103152Z-3-001\proyecto-ia\multimodal-emocion\data\audio\raw\ses_sd\43_TAI_ANG_SPA.wav,anger,ses_sd,sessd_43_TAI,all,43_TAI_ANG_SPA,,SPA
C:\Users\Rafa\Downloads\proyecto-ia-20260212T103152Z-3-001\proyecto-ia\multimodal-emocion\data\audio\raw\ses_sd\43_TAI_DIS_SPA.wav,disgust,ses_sd,sessd_43_TAI,all,43_TAI_DIS_SPA,,SPA
C:\Users\Rafa\Downloads\proyecto-ia-20260212T103152Z-3-001\proyecto-ia\multimodal-emocion\data\audio\raw\ses_sd\43_TAI_FEA_SPA.wav,fear,ses_sd,sessd_43_TAI,all,43_TAI_FEA_SPA,,SPA
C:\Users\Rafa\Downloads\proyecto-ia-20260212T103152Z-3-001\proyecto-ia\multimodal-emocion\data\audio\raw\ses_sd\43_TAI_HAP_SPA.wav,joy,ses_sd,sessd_43_TAI,all,43_TAI_HAP_SPA,,SPA
C:\Users\Rafa\Downloads\proyecto-ia-20260212T103152Z-3-001\proyecto-ia\multimodal-emocion\data\audio\raw\ses_sd\43_TAI_NEU_SPA.wav,neutral,ses_sd,sessd_43_TAI,all,43_TAI_NEU_SPA,,SPA
C:\Users\Rafa\Downloads\proyecto-ia-20260212T103152Z-3-001\proyecto-ia\multimodal-emocion\data\audio\raw\ses_sd\43_TAI_SAD_SPA.wav,sadness,ses_sd,sessd_43_TAI,all,43_TAI_SAD_SPA,,SPA
C:\Users\Rafa\Downloads\proyecto-ia-20260212T103152Z-3-001\proyecto-ia\multimodal-emocion\data\audio\raw\ses_sd\43_TSI_ANG_SPA.wav,anger,ses_sd,sessd_43_TSI,all,43_TSI_ANG_SPA,,SPA
C:\Users\Rafa\Downloads\proyecto-ia-20260212T103152Z-3-001\proyecto-ia\multimodal-emocion\data\audio\raw\ses_sd\43_TSI_DIS_SPA.wav,disgust,ses_sd,sessd_43_TSI,all,43_TSI_DIS_SPA,,SPA
C:\Users\Rafa\Downloads\proyecto-ia-20260212T103152Z-3-001\proyecto-ia\multimodal-emocion\data\audio\raw\ses_sd\43_TSI_FEA_SPA.wav,fear,ses_sd,sessd_43_TSI,all,43_TSI_FEA_SPA,,SPA
C:\Users\Rafa\Downloads\proyecto-ia-20260212T103152Z-3-001\proyecto-ia\multimodal-emocion\data\audio\raw\ses_sd\43_TSI_HAP_SPA.wav,joy,ses_sd,sessd_43_TSI,all,43_TSI_HAP_SPA,,SPA
C:\Users\Rafa\Downloads\proyecto-ia-20260212T103152Z-3-001\proyecto-ia\multimodal-emocion\data\audio\raw\ses_sd\43_TSI_NEU_SPA.wav,neutral,ses_sd,sessd_43_TSI,all,43_TSI_NEU_SPA,,SPA
C:\Users\Rafa\Downloads\proyecto-ia-20260212T103152Z-3-001\proyecto-ia\multimodal-emocion\data\audio\raw\ses_sd\43_TSI_SAD_SPA.wav,sadness,ses_sd,sessd_43_TSI,all,43_TSI_SAD_SPA,,SPA
C:\Users\Rafa\Downloads\proyecto-ia-20260212T103152Z-3-001\proyecto-ia\multimodal-emocion\data\audio\raw\ses_sd\44_DFA_ANG_SPA.wav,anger,ses_sd,sessd_44_DFA,all,44_DFA_ANG_SPA,,SPA
C:\Users\Rafa\Downloads\proyecto-ia-20260212T103152Z-3-001\proyecto-ia\multimodal-emocion\data\audio\raw\ses_sd\44_DFA_DIS_SPA.wav,disgust,ses_sd,sessd_44_DFA,all,44_DFA_DIS_SPA,,SPA
C:\Users\Rafa\Downloads\proyecto-ia-20260212T103152Z-3-001\proyecto-ia\multimodal-emocion\data\audio\raw\ses_sd\44_DFA_FEA_SPA.wav,fear,ses_sd,sessd_44_DFA,all,44_DFA_FEA_SPA,,SPA
C:\Users\Rafa\Downloads\proyecto-ia-20260212T103152Z-3-001\proyecto-ia\multimodal-emocion\data\audio\raw\ses_sd\44_DFA_HAP_SPA.wav,joy,ses_sd,sessd_44_DFA,all,44_DFA_HAP_SPA,,SPA
C:\Users\Rafa\Downloads\proyecto-ia-20260212T103152Z-3-001\proyecto-ia\multimodal-emocion\data\audio\raw\ses_sd\44_DFA_NEU_SPA.wav,neutral,ses_sd,sessd_44_DFA,all,44_DFA_NEU_SPA,,SPA
C:\Users\Rafa\Downloads\proyecto-ia-20260212T103152Z-3-001\proyecto-ia\multimodal-emocion\data\audio\raw\ses_sd\44_DFA_SAD_SPA.wav,sadness,ses_sd,sessd_44_DFA,all,44_DFA_SAD_SPA,,SPA
C:\Users\Rafa\Downloads\proyecto-ia-20260212T103152Z-3-001\proyecto-ia\multimodal-emocion\data\audio\raw\ses_sd\44_IEO_ANG_SPA.wav,anger,ses_sd,sessd_44_IEO,all,44_IEO_ANG_SPA,,SPA
C:\Users\Rafa\Downloads\proyecto-ia-20260212T103152Z-3-001\proyecto-ia\multimodal-emocion\data\audio\raw\ses_sd\44_IEO_DIS_SPA.wav,disgust,ses_sd,sessd_44_IEO,all,44_IEO_DIS_SPA,,SPA
C:\Users\Rafa\Downloads\proyecto-ia-20260212T103152Z-3-001\proyecto-ia\multimodal-emocion\data\audio\raw\ses_sd\44_IEO_FEA_SPA.wav,fear,ses_sd,sessd_44_IEO,all,44_IEO_FEA_SPA,,SPA
C:\Users\Rafa\Downloads\proyecto-ia-20260212T103152Z-3-001\proyecto-ia\multimodal-emocion\data\audio\raw\ses_sd\44_IEO_HAP_SPA.wav,joy,ses_sd,sessd_44_IEO,all,44_IEO_HAP_SPA,,SPA
C:\Users\Rafa\Downloads\proyecto-ia-20260212T103152Z-3-001\proyecto-ia\multimodal-emocion\data\audio\raw\ses_sd\44_IEO_NEU_SPA.wav,neutral,ses_sd,sessd_44_IEO,all,44_IEO_NEU_SPA,,SPA
C:\Users\Rafa\Downloads\proyecto-ia-20260212T103152Z-3-001\proyecto-ia\multimodal-emocion\data\audio\raw\ses_sd\44_IEO_SAD_SPA.wav,sadness,ses_sd,sessd_44_IEO,all,44_IEO_SAD_SPA,,SPA
C:\Users\Rafa\Downloads\proyecto-ia-20260212T103152Z-3-001\proyecto-ia\multimodal-emocion\data\audio\raw\ses_sd\44_IWW_ANG_SPA.wav,anger,ses_sd,sessd_44_IWW,all,44_IWW_ANG_SPA,,SPA
C:\Users\Rafa\Downloads\proyecto-ia-20260212T103152Z-3-001\proyecto-ia\multimodal-emocion\data\audio\raw\ses_sd\44_IWW_DIS_SPA.wav,disgust,ses_sd,sessd_44_IWW,all,44_IWW_DIS_SPA,,SPA
C:\Users\Rafa\Downloads\proyecto-ia-20260212T103152Z-3-001\proyecto-ia\multimodal-emocion\data\audio\raw\ses_sd\44_IWW_FEA_SPA.wav,fear,ses_sd,sessd_44_IWW,all,44_IWW_FEA_SPA,,SPA
C:\Users\Rafa\Downloads\proyecto-ia-20260212T103152Z-3-001\proyecto-ia\multimodal-emocion\data\audio\raw\ses_sd\44_IWW_HAP_SPA.wav,joy,ses_sd,sessd_44_IWW,all,44_IWW_HAP_SPA,,SPA
C:\Users\Rafa\Downloads\proyecto-ia-20260212T103152Z-3-001\proyecto-ia\multimodal-emocion\data\audio\raw\ses_sd\44_IWW_NEU_SPA.wav,neutral,ses_sd,sessd_44_IWW,all,44_IWW_NEU_SPA,,SPA
C:\Users\Rafa\Downloads\proyecto-ia-20260212T103152Z-3-001\proyecto-ia\multimodal-emocion\data\audio\raw\ses_sd\44_IWW_SAD_SPA.wav,sadness,ses_sd,sessd_44_IWW,all,44_IWW_SAD_SPA,,SPA
C:\Users\Rafa\Downloads\proyecto-ia-20260212T103152Z-3-001\proyecto-ia\multimodal-emocion\data\audio\raw\ses_sd\44_TAI_ANG_SPA.wav,anger,ses_sd,sessd_44_TAI,all,44_TAI_ANG_SPA,,SPA
C:\Users\Rafa\Downloads\proyecto-ia-20260212T103152Z-3-001\proyecto-ia\multimodal-emocion\data\audio\raw\ses_sd\44_TAI_DIS_SPA.wav,disgust,ses_sd,sessd_44_TAI,all,44_TAI_DIS_SPA,,SPA
C:\Users\Rafa\Downloads\proyecto-ia-20260212T103152Z-3-001\proyecto-ia\multimodal-emocion\data\audio\raw\ses_sd\44_TAI_FEA_SPA.wav,fear,ses_sd,sessd_44_TAI,all,44_TAI_FEA_SPA,,SPA
C:\Users\Rafa\Downloads\proyecto-ia-20260212T103152Z-3-001\proyecto-ia\multimodal-emocion\data\audio\raw\ses_sd\44_TAI_HAP_SPA.wav,joy,ses_sd,sessd_44_TAI,all,44_TAI_HAP_SPA,,SPA
C:\Users\Rafa\Downloads\proyecto-ia-20260212T103152Z-3-001\proyecto-ia\multimodal-emocion\data\audio\raw\ses_sd\44_TAI_NEU_SPA.wav,neutral,ses_sd,sessd_44_TAI,all,44_TAI_NEU_SPA,,SPA
C:\Users\Rafa\Downloads\proyecto-ia-20260212T103152Z-3-001\proyecto-ia\multimodal-emocion\data\audio\raw\ses_sd\44_TAI_SAD_SPA.wav,sadness,ses_sd,sessd_44_TAI,all,44_TAI_SAD_SPA,,SPA
C:\Users\Rafa\Downloads\proyecto-ia-20260212T103152Z-3-001\proyecto-ia\multimodal-emocion\data\audio\raw\ses_sd\44_TSI_ANG_SPA.wav,anger,ses_sd,sessd_44_TSI,all,44_TSI_ANG_SPA,,SPA
C:\Users\Rafa\Downloads\proyecto-ia-20260212T103152Z-3-001\proyecto-ia\multimodal-emocion\data\audio\raw\ses_sd\44_TSI_DIS_SPA.wav,disgust,ses_sd,sessd_44_TSI,all,44_TSI_DIS_SPA,,SPA
C:\Users\Rafa\Downloads\proyecto-ia-20260212T103152Z-3-001\proyecto-ia\multimodal-emocion\data\audio\raw\ses_sd\44_TSI_FEA_SPA.wav,fear,ses_sd,sessd_44_TSI,all,44_TSI_FEA_SPA,,SPA
C:\Users\Rafa\Downloads\proyecto-ia-20260212T103152Z-3-001\proyecto-ia\multimodal-emocion\data\audio\raw\ses_sd\44_TSI_HAP_SPA.wav,joy,ses_sd,sessd_44_TSI,all,44_TSI_HAP_SPA,,SPA
C:\Users\Rafa\Downloads\proyecto-ia-20260212T103152Z-3-001\proyecto-ia\multimodal-emocion\data\audio\raw\ses_sd\44_TSI_NEU_SPA.wav,neutral,ses_sd,sessd_44_TSI,all,44_TSI_NEU_SPA,,SPA
C:\Users\Rafa\Downloads\proyecto-ia-20260212T103152Z-3-001\proyecto-ia\multimodal-emocion\data\audio\raw\ses_sd\44_TSI_SAD_SPA.wav,sadness,ses_sd,sessd_44_TSI,all,44_TSI_SAD_SPA,,SPA
C:\Users\Rafa\Downloads\proyecto-ia-20260212T103152Z-3-001\proyecto-ia\multimodal-emocion\data\audio\raw\ses_sd\45_DFA_ANG_SPA.wav,anger,ses_sd,sessd_45_DFA,all,45_DFA_ANG_SPA,,SPA
C:\Users\Rafa\Downloads\proyecto-ia-20260212T103152Z-3-001\proyecto-ia\multimodal-emocion\data\audio\raw\ses_sd\45_DFA_DIS_SPA.wav,disgust,ses_sd,sessd_45_DFA,all,45_DFA_DIS_SPA,,SPA
C:\Users\Rafa\Downloads\proyecto-ia-20260212T103152Z-3-001\proyecto-ia\multimodal-emocion\data\audio\raw\ses_sd\45_DFA_FEA_SPA.wav,fear,ses_sd,sessd_45_DFA,all,45_DFA_FEA_SPA,,SPA
C:\Users\Rafa\Downloads\proyecto-ia-20260212T103152Z-3-001\proyecto-ia\multimodal-emocion\data\audio\raw\ses_sd\45_DFA_HAP_SPA.wav,joy,ses_sd,sessd_45_DFA,all,45_DFA_HAP_SPA,,SPA
C:\Users\Rafa\Downloads\proyecto-ia-20260212T103152Z-3-001\proyecto-ia\multimodal-emocion\data\audio\raw\ses_sd\45_DFA_NEU_SPA.wav,neutral,ses_sd,sessd_45_DFA,all,45_DFA_NEU_SPA,,SPA
C:\Users\Rafa\Downloads\proyecto-ia-20260212T103152Z-3-001\proyecto-ia\multimodal-emocion\data\audio\raw\ses_sd\45_DFA_SAD_SPA.wav,sadness,ses_sd,sessd_45_DFA,all,45_DFA_SAD_SPA,,SPA
C:\Users\Rafa\Downloads\proyecto-ia-20260212T103152Z-3-001\proyecto-ia\multimodal-emocion\data\audio\raw\ses_sd\45_IEO_ANG_SPA.wav,anger,ses_sd,sessd_45_IEO,all,45_IEO_ANG_SPA,,SPA
C:\Users\Rafa\Downloads\proyecto-ia-20260212T103152Z-3-001\proyecto-ia\multimodal-emocion\data\audio\raw\ses_sd\45_IEO_DIS_SPA.wav,disgust,ses_sd,sessd_45_IEO,all,45_IEO_DIS_SPA,,SPA
C:\Users\Rafa\Downloads\proyecto-ia-20260212T103152Z-3-001\proyecto-ia\multimodal-emocion\data\audio\raw\ses_sd\45_IEO_FEA_SPA.wav,fear,ses_sd,sessd_45_IEO,all,45_IEO_FEA_SPA,,SPA
C:\Users\Rafa\Downloads\proyecto-ia-20260212T103152Z-3-001\proyecto-ia\multimodal-emocion\data\audio\raw\ses_sd\45_IEO_HAP_SPA.wav,joy,ses_sd,sessd_45_IEO,all,45_IEO_HAP_SPA,,SPA
C:\Users\Rafa\Downloads\proyecto-ia-20260212T103152Z-3-001\proyecto-ia\multimodal-emocion\data\audio\raw\ses_sd\45_IEO_NEU_SPA.wav,neutral,ses_sd,sessd_45_IEO,all,45_IEO_NEU_SPA,,SPA
C:\Users\Rafa\Downloads\proyecto-ia-20260212T103152Z-3-001\proyecto-ia\multimodal-emocion\data\audio\raw\ses_sd\45_IEO_SAD_SPA.wav,sadness,ses_sd,sessd_45_IEO,all,45_IEO_SAD_SPA,,SPA
C:\Users\Rafa\Downloads\proyecto-ia-20260212T103152Z-3-001\proyecto-ia\multimodal-emocion\data\audio\raw\ses_sd\45_IWW_ANG_SPA.wav,anger,ses_sd,sessd_45_IWW,all,45_IWW_ANG_SPA,,SPA
C:\Users\Rafa\Downloads\proyecto-ia-20260212T103152Z-3-001\proyecto-ia\multimodal-emocion\data\audio\raw\ses_sd\45_IWW_DIS_SPA.wav,disgust,ses_sd,sessd_45_IWW,all,45_IWW_DIS_SPA,,SPA
C:\Users\Rafa\Downloads\proyecto-ia-20260212T103152Z-3-001\proyecto-ia\multimodal-emocion\data\audio\raw\ses_sd\45_IWW_FEA_SPA.wav,fear,ses_sd,sessd_45_IWW,all,45_IWW_FEA_SPA,,SPA
C:\Users\Rafa\Downloads\proyecto-ia-20260212T103152Z-3-001\proyecto-ia\multimodal-emocion\data\audio\raw\ses_sd\45_IWW_HAP_SPA.wav,joy,ses_sd,sessd_45_IWW,all,45_IWW_HAP_SPA,,SPA
C:\Users\Rafa\Downloads\proyecto-ia-20260212T103152Z-3-001\proyecto-ia\multimodal-emocion\data\audio\raw\ses_sd\45_IWW_NEU_SPA.wav,neutral,ses_sd,sessd_45_IWW,all,45_IWW_NEU_SPA,,SPA
C:\Users\Rafa\Downloads\proyecto-ia-20260212T103152Z-3-001\proyecto-ia\multimodal-emocion\data\audio\raw\ses_sd\45_IWW_SAD_SPA.wav,sadness,ses_sd,sessd_45_IWW,all,45_IWW_SAD_SPA,,SPA
C:\Users\Rafa\Downloads\proyecto-ia-20260212T103152Z-3-001\proyecto-ia\multimodal-emocion\data\audio\raw\ses_sd\45_TAI_ANG_SPA.wav,anger,ses_sd,sessd_45_TAI,all,45_TAI_ANG_SPA,,SPA
C:\Users\Rafa\Downloads\proyecto-ia-20260212T103152Z-3-001\proyecto-ia\multimodal-emocion\data\audio\raw\ses_sd\45_TAI_DIS_SPA.wav,disgust,ses_sd,sessd_45_TAI,all,45_TAI_DIS_SPA,,SPA
C:\Users\Rafa\Downloads\proyecto-ia-20260212T103152Z-3-001\proyecto-ia\multimodal-emocion\data\audio\raw\ses_sd\45_TAI_FEA_SPA.wav,fear,ses_sd,sessd_45_TAI,all,45_TAI_FEA_SPA,,SPA
C:\Users\Rafa\Downloads\proyecto-ia-20260212T103152Z-3-001\proyecto-ia\multimodal-emocion\data\audio\raw\ses_sd\45_TAI_HAP_SPA.wav,joy,ses_sd,sessd_45_TAI,all,45_TAI_HAP_SPA,,SPA
C:\Users\Rafa\Downloads\proyecto-ia-20260212T103152Z-3-001\proyecto-ia\multimodal-emocion\data\audio\raw\ses_sd\45_TAI_NEU_SPA.wav,neutral,ses_sd,sessd_45_TAI,all,45_TAI_NEU_SPA,,SPA
C:\Users\Rafa\Downloads\proyecto-ia-20260212T103152Z-3-001\proyecto-ia\multimodal-emocion\data\audio\raw\ses_sd\45_TAI_SAD_SPA.wav,sadness,ses_sd,sessd_45_TAI,all,45_TAI_SAD_SPA,,SPA
C:\Users\Rafa\Downloads\proyecto-ia-20260212T103152Z-3-001\proyecto-ia\multimodal-emocion\data\audio\raw\ses_sd\45_TSI_ANG_SPA.wav,anger,ses_sd,sessd_45_TSI,all,45_TSI_ANG_SPA,,SPA
C:\Users\Rafa\Downloads\proyecto-ia-20260212T103152Z-3-001\proyecto-ia\multimodal-emocion\data\audio\raw\ses_sd\45_TSI_DIS_SPA.wav,disgust,ses_sd,sessd_45_TSI,all,45_TSI_DIS_SPA,,SPA
C:\Users\Rafa\Downloads\proyecto-ia-20260212T103152Z-3-001\proyecto-ia\multimodal-emocion\data\audio\raw\ses_sd\45_TSI_FEA_SPA.wav,fear,ses_sd,sessd_45_TSI,all,45_TSI_FEA_SPA,,SPA
C:\Users\Rafa\Downloads\proyecto-ia-20260212T103152Z-3-001\proyecto-ia\multimodal-emocion\data\audio\raw\ses_sd\45_TSI_HAP_SPA.wav,joy,ses_sd,sessd_45_TSI,all,45_TSI_HAP_SPA,,SPA
C:\Users\Rafa\Downloads\proyecto-ia-20260212T103152Z-3-001\proyecto-ia\multimodal-emocion\data\audio\raw\ses_sd\45_TSI_NEU_SPA.wav,neutral,ses_sd,sessd_45_TSI,all,45_TSI_NEU_SPA,,SPA
C:\Users\Rafa\Downloads\proyecto-ia-20260212T103152Z-3-001\proyecto-ia\multimodal-emocion\data\audio\raw\ses_sd\45_TSI_SAD_SPA.wav,sadness,ses_sd,sessd_45_TSI,all,45_TSI_SAD_SPA,,SPA
C:\Users\Rafa\Downloads\proyecto-ia-20260212T103152Z-3-001\proyecto-ia\multimodal-emocion\data\audio\raw\ses_sd\46_DFA_ANG_SPA.wav,anger,ses_sd,sessd_46_DFA,all,46_DFA_ANG_SPA,,SPA
C:\Users\Rafa\Downloads\proyecto-ia-20260212T103152Z-3-001\proyecto-ia\multimodal-emocion\data\audio\raw\ses_sd\46_DFA_DIS_SPA.wav,disgust,ses_sd,sessd_46_DFA,all,46_DFA_DIS_SPA,,SPA
C:\Users\Rafa\Downloads\proyecto-ia-20260212T103152Z-3-001\proyecto-ia\multimodal-emocion\data\audio\raw\ses_sd\46_DFA_FEA_SPA.wav,fear,ses_sd,sessd_46_DFA,all,46_DFA_FEA_SPA,,SPA
C:\Users\Rafa\Downloads\proyecto-ia-20260212T103152Z-3-001\proyecto-ia\multimodal-emocion\data\audio\raw\ses_sd\46_DFA_HAP_SPA.wav,joy,ses_sd,sessd_46_DFA,all,46_DFA_HAP_SPA,,SPA
C:\Users\Rafa\Downloads\proyecto-ia-20260212T103152Z-3-001\proyecto-ia\multimodal-emocion\data\audio\raw\ses_sd\46_DFA_NEU_SPA.wav,neutral,ses_sd,sessd_46_DFA,all,46_DFA_NEU_SPA,,SPA
C:\Users\Rafa\Downloads\proyecto-ia-20260212T103152Z-3-001\proyecto-ia\multimodal-emocion\data\audio\raw\ses_sd\46_DFA_SAD_SPA.wav,sadness,ses_sd,sessd_46_DFA,all,46_DFA_SAD_SPA,,SPA
C:\Users\Rafa\Downloads\proyecto-ia-20260212T103152Z-3-001\proyecto-ia\multimodal-emocion\data\audio\raw\ses_sd\46_IEO_ANG_SPA.wav,anger,ses_sd,sessd_46_IEO,all,46_IEO_ANG_SPA,,SPA
C:\Users\Rafa\Downloads\proyecto-ia-20260212T103152Z-3-001\proyecto-ia\multimodal-emocion\data\audio\raw\ses_sd\46_IEO_DIS_SPA.wav,disgust,ses_sd,sessd_46_IEO,all,46_IEO_DIS_SPA,,SPA
C:\Users\Rafa\Downloads\proyecto-ia-20260212T103152Z-3-001\proyecto-ia\multimodal-emocion\data\audio\raw\ses_sd\46_IEO_FEA_SPA.wav,fear,ses_sd,sessd_46_IEO,all,46_IEO_FEA_SPA,,SPA
C:\Users\Rafa\Downloads\proyecto-ia-20260212T103152Z-3-001\proyecto-ia\multimodal-emocion\data\audio\raw\ses_sd\46_IEO_HAP_SPA.wav,joy,ses_sd,sessd_46_IEO,all,46_IEO_HAP_SPA,,SPA
C:\Users\Rafa\Downloads\proyecto-ia-20260212T103152Z-3-001\proyecto-ia\multimodal-emocion\data\audio\raw\ses_sd\46_IEO_NEU_SPA.wav,neutral,ses_sd,sessd_46_IEO,all,46_IEO_NEU_SPA,,SPA
C:\Users\Rafa\Downloads\proyecto-ia-20260212T103152Z-3-001\proyecto-ia\multimodal-emocion\data\audio\raw\ses_sd\46_IEO_SAD_SPA.wav,sadness,ses_sd,sessd_46_IEO,all,46_IEO_SAD_SPA,,SPA
C:\Users\Rafa\Downloads\proyecto-ia-20260212T103152Z-3-001\proyecto-ia\multimodal-emocion\data\audio\raw\ses_sd\46_IWW_ANG_SPA.wav,anger,ses_sd,sessd_46_IWW,all,46_IWW_ANG_SPA,,SPA
C:\Users\Rafa\Downloads\proyecto-ia-20260212T103152Z-3-001\proyecto-ia\multimodal-emocion\data\audio\raw\ses_sd\46_IWW_DIS_SPA.wav,disgust,ses_sd,sessd_46_IWW,all,46_IWW_DIS_SPA,,SPA
C:\Users\Rafa\Downloads\proyecto-ia-20260212T103152Z-3-001\proyecto-ia\multimodal-emocion\data\audio\raw\ses_sd\46_IWW_FEA_SPA.wav,fear,ses_sd,sessd_46_IWW,all,46_IWW_FEA_SPA,,SPA
C:\Users\Rafa\Downloads\proyecto-ia-20260212T103152Z-3-001\proyecto-ia\multimodal-emocion\data\audio\raw\ses_sd\46_IWW_HAP_SPA.wav,joy,ses_sd,sessd_46_IWW,all,46_IWW_HAP_SPA,,SPA
C:\Users\Rafa\Downloads\proyecto-ia-20260212T103152Z-3-001\proyecto-ia\multimodal-emocion\data\audio\raw\ses_sd\46_IWW_NEU_SPA.wav,neutral,ses_sd,sessd_46_IWW,all,46_IWW_NEU_SPA,,SPA
C:\Users\Rafa\Downloads\proyecto-ia-20260212T103152Z-3-001\proyecto-ia\multimodal-emocion\data\audio\raw\ses_sd\46_IWW_SAD_SPA.wav,sadness,ses_sd,sessd_46_IWW,all,46_IWW_SAD_SPA,,SPA
C:\Users\Rafa\Downloads\proyecto-ia-20260212T103152Z-3-001\proyecto-ia\multimodal-emocion\data\audio\raw\ses_sd\46_TAI_ANG_SPA.wav,anger,ses_sd,sessd_46_TAI,all,46_TAI_ANG_SPA,,SPA
C:\Users\Rafa\Downloads\proyecto-ia-20260212T103152Z-3-001\proyecto-ia\multimodal-emocion\data\audio\raw\ses_sd\46_TAI_DIS_SPA.wav,disgust,ses_sd,sessd_46_TAI,all,46_TAI_DIS_SPA,,SPA
C:\Users\Rafa\Downloads\proyecto-ia-20260212T103152Z-3-001\proyecto-ia\multimodal-emocion\data\audio\raw\ses_sd\46_TAI_FEA_SPA.wav,fear,ses_sd,sessd_46_TAI,all,46_TAI_FEA_SPA,,SPA
C:\Users\Rafa\Downloads\proyecto-ia-20260212T103152Z-3-001\proyecto-ia\multimodal-emocion\data\audio\raw\ses_sd\46_TAI_HAP_SPA.wav,joy,ses_sd,sessd_46_TAI,all,46_TAI_HAP_SPA,,SPA
C:\Users\Rafa\Downloads\proyecto-ia-20260212T103152Z-3-001\proyecto-ia\multimodal-emocion\data\audio\raw\ses_sd\46_TAI_NEU_SPA.wav,neutral,ses_sd,sessd_46_TAI,all,46_TAI_NEU_SPA,,SPA
C:\Users\Rafa\Downloads\proyecto-ia-20260212T103152Z-3-001\proyecto-ia\multimodal-emocion\data\audio\raw\ses_sd\46_TAI_SAD_SPA.wav,sadness,ses_sd,sessd_46_TAI,all,46_TAI_SAD_SPA,,SPA
C:\Users\Rafa\Downloads\proyecto-ia-20260212T103152Z-3-001\proyecto-ia\multimodal-emocion\data\audio\raw\ses_sd\46_TSI_ANG_SPA.wav,anger,ses_sd,sessd_46_TSI,all,46_TSI_ANG_SPA,,SPA
C:\Users\Rafa\Downloads\proyecto-ia-20260212T103152Z-3-001\proyecto-ia\multimodal-emocion\data\audio\raw\ses_sd\46_TSI_DIS_SPA.wav,disgust,ses_sd,sessd_46_TSI,all,46_TSI_DIS_SPA,,SPA
C:\Users\Rafa\Downloads\proyecto-ia-20260212T103152Z-3-001\proyecto-ia\multimodal-emocion\data\audio\raw\ses_sd\46_TSI_FEA_SPA.wav,fear,ses_sd,sessd_46_TSI,all,46_TSI_FEA_SPA,,SPA
C:\Users\Rafa\Downloads\proyecto-ia-20260212T103152Z-3-001\proyecto-ia\multimodal-emocion\data\audio\raw\ses_sd\46_TSI_HAP_SPA.wav,joy,ses_sd,sessd_46_TSI,all,46_TSI_HAP_SPA,,SPA
C:\Users\Rafa\Downloads\proyecto-ia-20260212T103152Z-3-001\proyecto-ia\multimodal-emocion\data\audio\raw\ses_sd\46_TSI_NEU_SPA.wav,neutral,ses_sd,sessd_46_TSI,all,46_TSI_NEU_SPA,,SPA
C:\Users\Rafa\Downloads\proyecto-ia-20260212T103152Z-3-001\proyecto-ia\multimodal-emocion\data\audio\raw\ses_sd\46_TSI_SAD_SPA.wav,sadness,ses_sd,sessd_46_TSI,all,46_TSI_SAD_SPA,,SPA
C:\Users\Rafa\Downloads\proyecto-ia-20260212T103152Z-3-001\proyecto-ia\multimodal-emocion\data\audio\raw\ses_sd\47_DFA_ANG_SPA.wav,anger,ses_sd,sessd_47_DFA,all,47_DFA_ANG_SPA,,SPA
C:\Users\Rafa\Downloads\proyecto-ia-20260212T103152Z-3-001\proyecto-ia\multimodal-emocion\data\audio\raw\ses_sd\47_DFA_DIS_SPA.wav,disgust,ses_sd,sessd_47_DFA,all,47_DFA_DIS_SPA,,SPA
C:\Users\Rafa\Downloads\proyecto-ia-20260212T103152Z-3-001\proyecto-ia\multimodal-emocion\data\audio\raw\ses_sd\47_DFA_FEA_SPA.wav,fear,ses_sd,sessd_47_DFA,all,47_DFA_FEA_SPA,,SPA
C:\Users\Rafa\Downloads\proyecto-ia-20260212T103152Z-3-001\proyecto-ia\multimodal-emocion\data\audio\raw\ses_sd\47_DFA_HAP_SPA.wav,joy,ses_sd,sessd_47_DFA,all,47_DFA_HAP_SPA,,SPA
C:\Users\Rafa\Downloads\proyecto-ia-20260212T103152Z-3-001\proyecto-ia\multimodal-emocion\data\audio\raw\ses_sd\47_DFA_NEU_SPA.wav,neutral,ses_sd,sessd_47_DFA,all,47_DFA_NEU_SPA,,SPA
C:\Users\Rafa\Downloads\proyecto-ia-20260212T103152Z-3-001\proyecto-ia\multimodal-emocion\data\audio\raw\ses_sd\47_DFA_SAD_SPA.wav,sadness,ses_sd,sessd_47_DFA,all,47_DFA_SAD_SPA,,SPA
C:\Users\Rafa\Downloads\proyecto-ia-20260212T103152Z-3-001\proyecto-ia\multimodal-emocion\data\audio\raw\ses_sd\47_IEO_ANG_SPA.wav,anger,ses_sd,sessd_47_IEO,all,47_IEO_ANG_SPA,,SPA
C:\Users\Rafa\Downloads\proyecto-ia-20260212T103152Z-3-001\proyecto-ia\multimodal-emocion\data\audio\raw\ses_sd\47_IEO_DIS_SPA.wav,disgust,ses_sd,sessd_47_IEO,all,47_IEO_DIS_SPA,,SPA
C:\Users\Rafa\Downloads\proyecto-ia-20260212T103152Z-3-001\proyecto-ia\multimodal-emocion\data\audio\raw\ses_sd\47_IEO_FEA_SPA.wav,fear,ses_sd,sessd_47_IEO,all,47_IEO_FEA_SPA,,SPA
C:\Users\Rafa\Downloads\proyecto-ia-20260212T103152Z-3-001\proyecto-ia\multimodal-emocion\data\audio\raw\ses_sd\47_IEO_HAP_SPA.wav,joy,ses_sd,sessd_47_IEO,all,47_IEO_HAP_SPA,,SPA
C:\Users\Rafa\Downloads\proyecto-ia-20260212T103152Z-3-001\proyecto-ia\multimodal-emocion\data\audio\raw\ses_sd\47_IEO_NEU_SPA.wav,neutral,ses_sd,sessd_47_IEO,all,47_IEO_NEU_SPA,,SPA
C:\Users\Rafa\Downloads\proyecto-ia-20260212T103152Z-3-001\proyecto-ia\multimodal-emocion\data\audio\raw\ses_sd\47_IEO_SAD_SPA.wav,sadness,ses_sd,sessd_47_IEO,all,47_IEO_SAD_SPA,,SPA
C:\Users\Rafa\Downloads\proyecto-ia-20260212T103152Z-3-001\proyecto-ia\multimodal-emocion\data\audio\raw\ses_sd\47_IWW_ANG_SPA.wav,anger,ses_sd,sessd_47_IWW,all,47_IWW_ANG_SPA,,SPA
C:\Users\Rafa\Downloads\proyecto-ia-20260212T103152Z-3-001\proyecto-ia\multimodal-emocion\data\audio\raw\ses_sd\47_IWW_DIS_SPA.wav,disgust,ses_sd,sessd_47_IWW,all,47_IWW_DIS_SPA,,SPA
C:\Users\Rafa\Downloads\proyecto-ia-20260212T103152Z-3-001\proyecto-ia\multimodal-emocion\data\audio\raw\ses_sd\47_IWW_FEA_SPA.wav,fear,ses_sd,sessd_47_IWW,all,47_IWW_FEA_SPA,,SPA
C:\Users\Rafa\Downloads\proyecto-ia-20260212T103152Z-3-001\proyecto-ia\multimodal-emocion\data\audio\raw\ses_sd\47_IWW_HAP_SPA.wav,joy,ses_sd,sessd_47_IWW,all,47_IWW_HAP_SPA,,SPA
C:\Users\Rafa\Downloads\proyecto-ia-20260212T103152Z-3-001\proyecto-ia\multimodal-emocion\data\audio\raw\ses_sd\47_IWW_NEU_SPA.wav,neutral,ses_sd,sessd_47_IWW,all,47_IWW_NEU_SPA,,SPA
C:\Users\Rafa\Downloads\proyecto-ia-20260212T103152Z-3-001\proyecto-ia\multimodal-emocion\data\audio\raw\ses_sd\47_IWW_SAD_SPA.wav,sadness,ses_sd,sessd_47_IWW,all,47_IWW_SAD_SPA,,SPA
C:\Users\Rafa\Downloads\proyecto-ia-20260212T103152Z-3-001\proyecto-ia\multimodal-emocion\data\audio\raw\ses_sd\47_TAI_ANG_SPA.wav,anger,ses_sd,sessd_47_TAI,all,47_TAI_ANG_SPA,,SPA
C:\Users\Rafa\Downloads\proyecto-ia-20260212T103152Z-3-001\proyecto-ia\multimodal-emocion\data\audio\raw\ses_sd\47_TAI_DIS_SPA.wav,disgust,ses_sd,sessd_47_TAI,all,47_TAI_DIS_SPA,,SPA
C:\Users\Rafa\Downloads\proyecto-ia-20260212T103152Z-3-001\proyecto-ia\multimodal-emocion\data\audio\raw\ses_sd\47_TAI_FEA_SPA.wav,fear,ses_sd,sessd_47_TAI,all,47_TAI_FEA_SPA,,SPA
C:\Users\Rafa\Downloads\proyecto-ia-20260212T103152Z-3-001\proyecto-ia\multimodal-emocion\data\audio\raw\ses_sd\47_TAI_HAP_SPA.wav,joy,ses_sd,sessd_47_TAI,all,47_TAI_HAP_SPA,,SPA
C:\Users\Rafa\Downloads\proyecto-ia-20260212T103152Z-3-001\proyecto-ia\multimodal-emocion\data\audio\raw\ses_sd\47_TAI_NEU_SPA.wav,neutral,ses_sd,sessd_47_TAI,all,47_TAI_NEU_SPA,,SPA
C:\Users\Rafa\Downloads\proyecto-ia-20260212T103152Z-3-001\proyecto-ia\multimodal-emocion\data\audio\raw\ses_sd\47_TAI_SAD_SPA.wav,sadness,ses_sd,sessd_47_TAI,all,47_TAI_SAD_SPA,,SPA
C:\Users\Rafa\Downloads\proyecto-ia-20260212T103152Z-3-001\proyecto-ia\multimodal-emocion\data\audio\raw\ses_sd\47_TSI_ANG_SPA.wav,anger,ses_sd,sessd_47_TSI,all,47_TSI_ANG_SPA,,SPA
C:\Users\Rafa\Downloads\proyecto-ia-20260212T103152Z-3-001\proyecto-ia\multimodal-emocion\data\audio\raw\ses_sd\47_TSI_DIS_SPA.wav,disgust,ses_sd,sessd_47_TSI,all,47_TSI_DIS_SPA,,SPA
C:\Users\Rafa\Downloads\proyecto-ia-20260212T103152Z-3-001\proyecto-ia\multimodal-emocion\data\audio\raw\ses_sd\47_TSI_FEA_SPA.wav,fear,ses_sd,sessd_47_TSI,all,47_TSI_FEA_SPA,,SPA
C:\Users\Rafa\Downloads\proyecto-ia-20260212T103152Z-3-001\proyecto-ia\multimodal-emocion\data\audio\raw\ses_sd\47_TSI_HAP_SPA.wav,joy,ses_sd,sessd_47_TSI,all,47_TSI_HAP_SPA,,SPA
C:\Users\Rafa\Downloads\proyecto-ia-20260212T103152Z-3-001\proyecto-ia\multimodal-emocion\data\audio\raw\ses_sd\47_TSI_NEU_SPA.wav,neutral,ses_sd,sessd_47_TSI,all,47_TSI_NEU_SPA,,SPA
C:\Users\Rafa\Downloads\proyecto-ia-20260212T103152Z-3-001\proyecto-ia\multimodal-emocion\data\audio\raw\ses_sd\47_TSI_SAD_SPA.wav,sadness,ses_sd,sessd_47_TSI,all,47_TSI_SAD_SPA,,SPA
C:\Users\Rafa\Downloads\proyecto-ia-20260212T103152Z-3-001\proyecto-ia\multimodal-emocion\data\audio\raw\ses_sd\48_DFA_ANG_SPA.wav,anger,ses_sd,sessd_48_DFA,all,48_DFA_ANG_SPA,,SPA
C:\Users\Rafa\Downloads\proyecto-ia-20260212T103152Z-3-001\proyecto-ia\multimodal-emocion\data\audio\raw\ses_sd\48_DFA_DIS_SPA.wav,disgust,ses_sd,sessd_48_DFA,all,48_DFA_DIS_SPA,,SPA
C:\Users\Rafa\Downloads\proyecto-ia-20260212T103152Z-3-001\proyecto-ia\multimodal-emocion\data\audio\raw\ses_sd\48_DFA_FEA_SPA.wav,fear,ses_sd,sessd_48_DFA,all,48_DFA_FEA_SPA,,SPA
C:\Users\Rafa\Downloads\proyecto-ia-20260212T103152Z-3-001\proyecto-ia\multimodal-emocion\data\audio\raw\ses_sd\48_DFA_HAP_SPA.wav,joy,ses_sd,sessd_48_DFA,all,48_DFA_HAP_SPA,,SPA
C:\Users\Rafa\Downloads\proyecto-ia-20260212T103152Z-3-001\proyecto-ia\multimodal-emocion\data\audio\raw\ses_sd\48_DFA_NEU_SPA.wav,neutral,ses_sd,sessd_48_DFA,all,48_DFA_NEU_SPA,,SPA
C:\Users\Rafa\Downloads\proyecto-ia-20260212T103152Z-3-001\proyecto-ia\multimodal-emocion\data\audio\raw\ses_sd\48_DFA_SAD_SPA.wav,sadness,ses_sd,sessd_48_DFA,all,48_DFA_SAD_SPA,,SPA
C:\Users\Rafa\Downloads\proyecto-ia-20260212T103152Z-3-001\proyecto-ia\multimodal-emocion\data\audio\raw\ses_sd\48_IEO_ANG_SPA.wav,anger,ses_sd,sessd_48_IEO,all,48_IEO_ANG_SPA,,SPA
C:\Users\Rafa\Downloads\proyecto-ia-20260212T103152Z-3-001\proyecto-ia\multimodal-emocion\data\audio\raw\ses_sd\48_IEO_DIS_SPA.wav,disgust,ses_sd,sessd_48_IEO,all,48_IEO_DIS_SPA,,SPA
C:\Users\Rafa\Downloads\proyecto-ia-20260212T103152Z-3-001\proyecto-ia\multimodal-emocion\data\audio\raw\ses_sd\48_IEO_FEA_SPA.wav,fear,ses_sd,sessd_48_IEO,all,48_IEO_FEA_SPA,,SPA
C:\Users\Rafa\Downloads\proyecto-ia-20260212T103152Z-3-001\proyecto-ia\multimodal-emocion\data\audio\raw\ses_sd\48_IEO_HAP_SPA.wav,joy,ses_sd,sessd_48_IEO,all,48_IEO_HAP_SPA,,SPA
C:\Users\Rafa\Downloads\proyecto-ia-20260212T103152Z-3-001\proyecto-ia\multimodal-emocion\data\audio\raw\ses_sd\48_IEO_NEU_SPA.wav,neutral,ses_sd,sessd_48_IEO,all,48_IEO_NEU_SPA,,SPA
C:\Users\Rafa\Downloads\proyecto-ia-20260212T103152Z-3-001\proyecto-ia\multimodal-emocion\data\audio\raw\ses_sd\48_IEO_SAD_SPA.wav,sadness,ses_sd,sessd_48_IEO,all,48_IEO_SAD_SPA,,SPA
C:\Users\Rafa\Downloads\proyecto-ia-20260212T103152Z-3-001\proyecto-ia\multimodal-emocion\data\audio\raw\ses_sd\48_IWW_ANG_SPA.wav,anger,ses_sd,sessd_48_IWW,all,48_IWW_ANG_SPA,,SPA
C:\Users\Rafa\Downloads\proyecto-ia-20260212T103152Z-3-001\proyecto-ia\multimodal-emocion\data\audio\raw\ses_sd\48_IWW_DIS_SPA.wav,disgust,ses_sd,sessd_48_IWW,all,48_IWW_DIS_SPA,,SPA
C:\Users\Rafa\Downloads\proyecto-ia-20260212T103152Z-3-001\proyecto-ia\multimodal-emocion\data\audio\raw\ses_sd\48_IWW_FEA_SPA.wav,fear,ses_sd,sessd_48_IWW,all,48_IWW_FEA_SPA,,SPA
C:\Users\Rafa\Downloads\proyecto-ia-20260212T103152Z-3-001\proyecto-ia\multimodal-emocion\data\audio\raw\ses_sd\48_IWW_HAP_SPA.wav,joy,ses_sd,sessd_48_IWW,all,48_IWW_HAP_SPA,,SPA
C:\Users\Rafa\Downloads\proyecto-ia-20260212T103152Z-3-001\proyecto-ia\multimodal-emocion\data\audio\raw\ses_sd\48_IWW_NEU_SPA.wav,neutral,ses_sd,sessd_48_IWW,all,48_IWW_NEU_SPA,,SPA
C:\Users\Rafa\Downloads\proyecto-ia-20260212T103152Z-3-001\proyecto-ia\multimodal-emocion\data\audio\raw\ses_sd\48_IWW_SAD_SPA.wav,sadness,ses_sd,sessd_48_IWW,all,48_IWW_SAD_SPA,,SPA
C:\Users\Rafa\Downloads\proyecto-ia-20260212T103152Z-3-001\proyecto-ia\multimodal-emocion\data\audio\raw\ses_sd\48_TAI_ANG_SPA.wav,anger,ses_sd,sessd_48_TAI,all,48_TAI_ANG_SPA,,SPA
C:\Users\Rafa\Downloads\proyecto-ia-20260212T103152Z-3-001\proyecto-ia\multimodal-emocion\data\audio\raw\ses_sd\48_TAI_DIS_SPA.wav,disgust,ses_sd,sessd_48_TAI,all,48_TAI_DIS_SPA,,SPA
C:\Users\Rafa\Downloads\proyecto-ia-20260212T103152Z-3-001\proyecto-ia\multimodal-emocion\data\audio\raw\ses_sd\48_TAI_FEA_SPA.wav,fear,ses_sd,sessd_48_TAI,all,48_TAI_FEA_SPA,,SPA
C:\Users\Rafa\Downloads\proyecto-ia-20260212T103152Z-3-001\proyecto-ia\multimodal-emocion\data\audio\raw\ses_sd\48_TAI_HAP_SPA.wav,joy,ses_sd,sessd_48_TAI,all,48_TAI_HAP_SPA,,SPA
C:\Users\Rafa\Downloads\proyecto-ia-20260212T103152Z-3-001\proyecto-ia\multimodal-emocion\data\audio\raw\ses_sd\48_TAI_NEU_SPA.wav,neutral,ses_sd,sessd_48_TAI,all,48_TAI_NEU_SPA,,SPA
C:\Users\Rafa\Downloads\proyecto-ia-20260212T103152Z-3-001\proyecto-ia\multimodal-emocion\data\audio\raw\ses_sd\48_TAI_SAD_SPA.wav,sadness,ses_sd,sessd_48_TAI,all,48_TAI_SAD_SPA,,SPA
C:\Users\Rafa\Downloads\proyecto-ia-20260212T103152Z-3-001\proyecto-ia\multimodal-emocion\data\audio\raw\ses_sd\48_TSI_ANG_SPA.wav,anger,ses_sd,sessd_48_TSI,all,48_TSI_ANG_SPA,,SPA
C:\Users\Rafa\Downloads\proyecto-ia-20260212T103152Z-3-001\proyecto-ia\multimodal-emocion\data\audio\raw\ses_sd\48_TSI_DIS_SPA.wav,disgust,ses_sd,sessd_48_TSI,all,48_TSI_DIS_SPA,,SPA
C:\Users\Rafa\Downloads\proyecto-ia-20260212T103152Z-3-001\proyecto-ia\multimodal-emocion\data\audio\raw\ses_sd\48_TSI_FEA_SPA.wav,fear,ses_sd,sessd_48_TSI,all,48_TSI_FEA_SPA,,SPA
C:\Users\Rafa\Downloads\proyecto-ia-20260212T103152Z-3-001\proyecto-ia\multimodal-emocion\data\audio\raw\ses_sd\48_TSI_HAP_SPA.wav,joy,ses_sd,sessd_48_TSI,all,48_TSI_HAP_SPA,,SPA
C:\Users\Rafa\Downloads\proyecto-ia-20260212T103152Z-3-001\proyecto-ia\multimodal-emocion\data\audio\raw\ses_sd\48_TSI_NEU_SPA.wav,neutral,ses_sd,sessd_48_TSI,all,48_TSI_NEU_SPA,,SPA
C:\Users\Rafa\Downloads\proyecto-ia-20260212T103152Z-3-001\proyecto-ia\multimodal-emocion\data\audio\raw\ses_sd\48_TSI_SAD_SPA.wav,sadness,ses_sd,sessd_48_TSI,all,48_TSI_SAD_SPA,,SPA
C:\Users\Rafa\Downloads\proyecto-ia-20260212T103152Z-3-001\proyecto-ia\multimodal-emocion\data\audio\raw\ses_sd\49_DFA_ANG_SPA.wav,anger,ses_sd,sessd_49_DFA,all,49_DFA_ANG_SPA,,SPA
C:\Users\Rafa\Downloads\proyecto-ia-20260212T103152Z-3-001\proyecto-ia\multimodal-emocion\data\audio\raw\ses_sd\49_DFA_DIS_SPA.wav,disgust,ses_sd,sessd_49_DFA,all,49_DFA_DIS_SPA,,SPA
C:\Users\Rafa\Downloads\proyecto-ia-20260212T103152Z-3-001\proyecto-ia\multimodal-emocion\data\audio\raw\ses_sd\49_DFA_FEA_SPA.wav,fear,ses_sd,sessd_49_DFA,all,49_DFA_FEA_SPA,,SPA
C:\Users\Rafa\Downloads\proyecto-ia-20260212T103152Z-3-001\proyecto-ia\multimodal-emocion\data\audio\raw\ses_sd\49_DFA_HAP_SPA.wav,joy,ses_sd,sessd_49_DFA,all,49_DFA_HAP_SPA,,SPA
C:\Users\Rafa\Downloads\proyecto-ia-20260212T103152Z-3-001\proyecto-ia\multimodal-emocion\data\audio\raw\ses_sd\49_DFA_NEU_SPA.wav,neutral,ses_sd,sessd_49_DFA,all,49_DFA_NEU_SPA,,SPA
C:\Users\Rafa\Downloads\proyecto-ia-20260212T103152Z-3-001\proyecto-ia\multimodal-emocion\data\audio\raw\ses_sd\49_DFA_SAD_SPA.wav,sadness,ses_sd,sessd_49_DFA,all,49_DFA_SAD_SPA,,SPA
C:\Users\Rafa\Downloads\proyecto-ia-20260212T103152Z-3-001\proyecto-ia\multimodal-emocion\data\audio\raw\ses_sd\49_IEO_ANG_SPA.wav,anger,ses_sd,sessd_49_IEO,all,49_IEO_ANG_SPA,,SPA
C:\Users\Rafa\Downloads\proyecto-ia-20260212T103152Z-3-001\proyecto-ia\multimodal-emocion\data\audio\raw\ses_sd\49_IEO_DIS_SPA.wav,disgust,ses_sd,sessd_49_IEO,all,49_IEO_DIS_SPA,,SPA
C:\Users\Rafa\Downloads\proyecto-ia-20260212T103152Z-3-001\proyecto-ia\multimodal-emocion\data\audio\raw\ses_sd\49_IEO_FEA_SPA.wav,fear,ses_sd,sessd_49_IEO,all,49_IEO_FEA_SPA,,SPA
C:\Users\Rafa\Downloads\proyecto-ia-20260212T103152Z-3-001\proyecto-ia\multimodal-emocion\data\audio\raw\ses_sd\49_IEO_HAP_SPA.wav,joy,ses_sd,sessd_49_IEO,all,49_IEO_HAP_SPA,,SPA
C:\Users\Rafa\Downloads\proyecto-ia-20260212T103152Z-3-001\proyecto-ia\multimodal-emocion\data\audio\raw\ses_sd\49_IEO_NEU_SPA.wav,neutral,ses_sd,sessd_49_IEO,all,49_IEO_NEU_SPA,,SPA
C:\Users\Rafa\Downloads\proyecto-ia-20260212T103152Z-3-001\proyecto-ia\multimodal-emocion\data\audio\raw\ses_sd\49_IEO_SAD_SPA.wav,sadness,ses_sd,sessd_49_IEO,all,49_IEO_SAD_SPA,,SPA
C:\Users\Rafa\Downloads\proyecto-ia-20260212T103152Z-3-001\proyecto-ia\multimodal-emocion\data\audio\raw\ses_sd\49_IWW_ANG_SPA.wav,anger,ses_sd,sessd_49_IWW,all,49_IWW_ANG_SPA,,SPA
C:\Users\Rafa\Downloads\proyecto-ia-20260212T103152Z-3-001\proyecto-ia\multimodal-emocion\data\audio\raw\ses_sd\49_IWW_DIS_SPA.wav,disgust,ses_sd,sessd_49_IWW,all,49_IWW_DIS_SPA,,SPA
C:\Users\Rafa\Downloads\proyecto-ia-20260212T103152Z-3-001\proyecto-ia\multimodal-emocion\data\audio\raw\ses_sd\49_IWW_FEA_SPA.wav,fear,ses_sd,sessd_49_IWW,all,49_IWW_FEA_SPA,,SPA
C:\Users\Rafa\Downloads\proyecto-ia-20260212T103152Z-3-001\proyecto-ia\multimodal-emocion\data\audio\raw\ses_sd\49_IWW_HAP_SPA.wav,joy,ses_sd,sessd_49_IWW,all,49_IWW_HAP_SPA,,SPA
C:\Users\Rafa\Downloads\proyecto-ia-20260212T103152Z-3-001\proyecto-ia\multimodal-emocion\data\audio\raw\ses_sd\49_IWW_NEU_SPA.wav,neutral,ses_sd,sessd_49_IWW,all,49_IWW_NEU_SPA,,SPA
C:\Users\Rafa\Downloads\proyecto-ia-20260212T103152Z-3-001\proyecto-ia\multimodal-emocion\data\audio\raw\ses_sd\49_IWW_SAD_SPA.wav,sadness,ses_sd,sessd_49_IWW,all,49_IWW_SAD_SPA,,SPA
C:\Users\Rafa\Downloads\proyecto-ia-20260212T103152Z-3-001\proyecto-ia\multimodal-emocion\data\audio\raw\ses_sd\49_TAI_ANG_SPA.wav,anger,ses_sd,sessd_49_TAI,all,49_TAI_ANG_SPA,,SPA
C:\Users\Rafa\Downloads\proyecto-ia-20260212T103152Z-3-001\proyecto-ia\multimodal-emocion\data\audio\raw\ses_sd\49_TAI_DIS_SPA.wav,disgust,ses_sd,sessd_49_TAI,all,49_TAI_DIS_SPA,,SPA
C:\Users\Rafa\Downloads\proyecto-ia-20260212T103152Z-3-001\proyecto-ia\multimodal-emocion\data\audio\raw\ses_sd\49_TAI_FEA_SPA.wav,fear,ses_sd,sessd_49_TAI,all,49_TAI_FEA_SPA,,SPA
C:\Users\Rafa\Downloads\proyecto-ia-20260212T103152Z-3-001\proyecto-ia\multimodal-emocion\data\audio\raw\ses_sd\49_TAI_HAP_SPA.wav,joy,ses_sd,sessd_49_TAI,all,49_TAI_HAP_SPA,,SPA
C:\Users\Rafa\Downloads\proyecto-ia-20260212T103152Z-3-001\proyecto-ia\multimodal-emocion\data\audio\raw\ses_sd\49_TAI_NEU_SPA.wav,neutral,ses_sd,sessd_49_TAI,all,49_TAI_NEU_SPA,,SPA
C:\Users\Rafa\Downloads\proyecto-ia-20260212T103152Z-3-001\proyecto-ia\multimodal-emocion\data\audio\raw\ses_sd\49_TAI_SAD_SPA.wav,sadness,ses_sd,sessd_49_TAI,all,49_TAI_SAD_SPA,,SPA
C:\Users\Rafa\Downloads\proyecto-ia-20260212T103152Z-3-001\proyecto-ia\multimodal-emocion\data\audio\raw\ses_sd\49_TSI_ANG_SPA.wav,anger,ses_sd,sessd_49_TSI,all,49_TSI_ANG_SPA,,SPA
C:\Users\Rafa\Downloads\proyecto-ia-20260212T103152Z-3-001\proyecto-ia\multimodal-emocion\data\audio\raw\ses_sd\49_TSI_DIS_SPA.wav,disgust,ses_sd,sessd_49_TSI,all,49_TSI_DIS_SPA,,SPA
C:\Users\Rafa\Downloads\proyecto-ia-20260212T103152Z-3-001\proyecto-ia\multimodal-emocion\data\audio\raw\ses_sd\49_TSI_FEA_SPA.wav,fear,ses_sd,sessd_49_TSI,all,49_TSI_FEA_SPA,,SPA
C:\Users\Rafa\Downloads\proyecto-ia-20260212T103152Z-3-001\proyecto-ia\multimodal-emocion\data\audio\raw\ses_sd\49_TSI_HAP_SPA.wav,joy,ses_sd,sessd_49_TSI,all,49_TSI_HAP_SPA,,SPA
C:\Users\Rafa\Downloads\proyecto-ia-20260212T103152Z-3-001\proyecto-ia\multimodal-emocion\data\audio\raw\ses_sd\49_TSI_NEU_SPA.wav,neutral,ses_sd,sessd_49_TSI,all,49_TSI_NEU_SPA,,SPA
C:\Users\Rafa\Downloads\proyecto-ia-20260212T103152Z-3-001\proyecto-ia\multimodal-emocion\data\audio\raw\ses_sd\49_TSI_SAD_SPA.wav,sadness,ses_sd,sessd_49_TSI,all,49_TSI_SAD_SPA,,SPA
C:\Users\Rafa\Downloads\proyecto-ia-20260212T103152Z-3-001\proyecto-ia\multimodal-emocion\data\audio\raw\ses_sd\4_DFA_ANG_SPA.wav,anger,ses_sd,sessd_4_DFA,all,4_DFA_ANG_SPA,,SPA
C:\Users\Rafa\Downloads\proyecto-ia-20260212T103152Z-3-001\proyecto-ia\multimodal-emocion\data\audio\raw\ses_sd\4_DFA_DIS_SPA.wav,disgust,ses_sd,sessd_4_DFA,all,4_DFA_DIS_SPA,,SPA
C:\Users\Rafa\Downloads\proyecto-ia-20260212T103152Z-3-001\proyecto-ia\multimodal-emocion\data\audio\raw\ses_sd\4_DFA_FEA_SPA.wav,fear,ses_sd,sessd_4_DFA,all,4_DFA_FEA_SPA,,SPA
C:\Users\Rafa\Downloads\proyecto-ia-20260212T103152Z-3-001\proyecto-ia\multimodal-emocion\data\audio\raw\ses_sd\4_DFA_HAP_SPA.wav,joy,ses_sd,sessd_4_DFA,all,4_DFA_HAP_SPA,,SPA
C:\Users\Rafa\Downloads\proyecto-ia-20260212T103152Z-3-001\proyecto-ia\multimodal-emocion\data\audio\raw\ses_sd\4_DFA_NEU_SPA.wav,neutral,ses_sd,sessd_4_DFA,all,4_DFA_NEU_SPA,,SPA
C:\Users\Rafa\Downloads\proyecto-ia-20260212T103152Z-3-001\proyecto-ia\multimodal-emocion\data\audio\raw\ses_sd\4_DFA_SAD_SPA.wav,sadness,ses_sd,sessd_4_DFA,all,4_DFA_SAD_SPA,,SPA
C:\Users\Rafa\Downloads\proyecto-ia-20260212T103152Z-3-001\proyecto-ia\multimodal-emocion\data\audio\raw\ses_sd\4_IEO_ANG_SPA.wav,anger,ses_sd,sessd_4_IEO,all,4_IEO_ANG_SPA,,SPA
C:\Users\Rafa\Downloads\proyecto-ia-20260212T103152Z-3-001\proyecto-ia\multimodal-emocion\data\audio\raw\ses_sd\4_IEO_DIS_SPA.wav,disgust,ses_sd,sessd_4_IEO,all,4_IEO_DIS_SPA,,SPA
C:\Users\Rafa\Downloads\proyecto-ia-20260212T103152Z-3-001\proyecto-ia\multimodal-emocion\data\audio\raw\ses_sd\4_IEO_FEA_SPA.wav,fear,ses_sd,sessd_4_IEO,all,4_IEO_FEA_SPA,,SPA
C:\Users\Rafa\Downloads\proyecto-ia-20260212T103152Z-3-001\proyecto-ia\multimodal-emocion\data\audio\raw\ses_sd\4_IEO_HAP_SPA.wav,joy,ses_sd,sessd_4_IEO,all,4_IEO_HAP_SPA,,SPA
C:\Users\Rafa\Downloads\proyecto-ia-20260212T103152Z-3-001\proyecto-ia\multimodal-emocion\data\audio\raw\ses_sd\4_IEO_NEU_SPA.wav,neutral,ses_sd,sessd_4_IEO,all,4_IEO_NEU_SPA,,SPA
C:\Users\Rafa\Downloads\proyecto-ia-20260212T103152Z-3-001\proyecto-ia\multimodal-emocion\data\audio\raw\ses_sd\4_IEO_SAD_SPA.wav,sadness,ses_sd,sessd_4_IEO,all,4_IEO_SAD_SPA,,SPA
C:\Users\Rafa\Downloads\proyecto-ia-20260212T103152Z-3-001\proyecto-ia\multimodal-emocion\data\audio\raw\ses_sd\4_IWW_ANG_SPA.wav,anger,ses_sd,sessd_4_IWW,all,4_IWW_ANG_SPA,,SPA
C:\Users\Rafa\Downloads\proyecto-ia-20260212T103152Z-3-001\proyecto-ia\multimodal-emocion\data\audio\raw\ses_sd\4_IWW_DIS_SPA.wav,disgust,ses_sd,sessd_4_IWW,all,4_IWW_DIS_SPA,,SPA
C:\Users\Rafa\Downloads\proyecto-ia-20260212T103152Z-3-001\proyecto-ia\multimodal-emocion\data\audio\raw\ses_sd\4_IWW_FEA_SPA.wav,fear,ses_sd,sessd_4_IWW,all,4_IWW_FEA_SPA,,SPA
C:\Users\Rafa\Downloads\proyecto-ia-20260212T103152Z-3-001\proyecto-ia\multimodal-emocion\data\audio\raw\ses_sd\4_IWW_HAP_SPA.wav,joy,ses_sd,sessd_4_IWW,all,4_IWW_HAP_SPA,,SPA
C:\Users\Rafa\Downloads\proyecto-ia-20260212T103152Z-3-001\proyecto-ia\multimodal-emocion\data\audio\raw\ses_sd\4_IWW_NEU_SPA.wav,neutral,ses_sd,sessd_4_IWW,all,4_IWW_NEU_SPA,,SPA
C:\Users\Rafa\Downloads\proyecto-ia-20260212T103152Z-3-001\proyecto-ia\multimodal-emocion\data\audio\raw\ses_sd\4_IWW_SAD_SPA.wav,sadness,ses_sd,sessd_4_IWW,all,4_IWW_SAD_SPA,,SPA
C:\Users\Rafa\Downloads\proyecto-ia-20260212T103152Z-3-001\proyecto-ia\multimodal-emocion\data\audio\raw\ses_sd\4_TAI_ANG_SPA.wav,anger,ses_sd,sessd_4_TAI,all,4_TAI_ANG_SPA,,SPA
C:\Users\Rafa\Downloads\proyecto-ia-20260212T103152Z-3-001\proyecto-ia\multimodal-emocion\data\audio\raw\ses_sd\4_TAI_DIS_SPA.wav,disgust,ses_sd,sessd_4_TAI,all,4_TAI_DIS_SPA,,SPA
C:\Users\Rafa\Downloads\proyecto-ia-20260212T103152Z-3-001\proyecto-ia\multimodal-emocion\data\audio\raw\ses_sd\4_TAI_FEA_SPA.wav,fear,ses_sd,sessd_4_TAI,all,4_TAI_FEA_SPA,,SPA
C:\Users\Rafa\Downloads\proyecto-ia-20260212T103152Z-3-001\proyecto-ia\multimodal-emocion\data\audio\raw\ses_sd\4_TAI_HAP_SPA.wav,joy,ses_sd,sessd_4_TAI,all,4_TAI_HAP_SPA,,SPA
C:\Users\Rafa\Downloads\proyecto-ia-20260212T103152Z-3-001\proyecto-ia\multimodal-emocion\data\audio\raw\ses_sd\4_TAI_NEU_SPA.wav,neutral,ses_sd,sessd_4_TAI,all,4_TAI_NEU_SPA,,SPA
C:\Users\Rafa\Downloads\proyecto-ia-20260212T103152Z-3-001\proyecto-ia\multimodal-emocion\data\audio\raw\ses_sd\4_TAI_SAD_SPA.wav,sadness,ses_sd,sessd_4_TAI,all,4_TAI_SAD_SPA,,SPA
C:\Users\Rafa\Downloads\proyecto-ia-20260212T103152Z-3-001\proyecto-ia\multimodal-emocion\data\audio\raw\ses_sd\4_TSI_ANG_SPA.wav,anger,ses_sd,sessd_4_TSI,all,4_TSI_ANG_SPA,,SPA
C:\Users\Rafa\Downloads\proyecto-ia-20260212T103152Z-3-001\proyecto-ia\multimodal-emocion\data\audio\raw\ses_sd\4_TSI_DIS_SPA.wav,disgust,ses_sd,sessd_4_TSI,all,4_TSI_DIS_SPA,,SPA
C:\Users\Rafa\Downloads\proyecto-ia-20260212T103152Z-3-001\proyecto-ia\multimodal-emocion\data\audio\raw\ses_sd\4_TSI_FEA_SPA.wav,fear,ses_sd,sessd_4_TSI,all,4_TSI_FEA_SPA,,SPA
C:\Users\Rafa\Downloads\proyecto-ia-20260212T103152Z-3-001\proyecto-ia\multimodal-emocion\data\audio\raw\ses_sd\4_TSI_HAP_SPA.wav,joy,ses_sd,sessd_4_TSI,all,4_TSI_HAP_SPA,,SPA
C:\Users\Rafa\Downloads\proyecto-ia-20260212T103152Z-3-001\proyecto-ia\multimodal-emocion\data\audio\raw\ses_sd\4_TSI_NEU_SPA.wav,neutral,ses_sd,sessd_4_TSI,all,4_TSI_NEU_SPA,,SPA
C:\Users\Rafa\Downloads\proyecto-ia-20260212T103152Z-3-001\proyecto-ia\multimodal-emocion\data\audio\raw\ses_sd\4_TSI_SAD_SPA.wav,sadness,ses_sd,sessd_4_TSI,all,4_TSI_SAD_SPA,,SPA
C:\Users\Rafa\Downloads\proyecto-ia-20260212T103152Z-3-001\proyecto-ia\multimodal-emocion\data\audio\raw\ses_sd\50_DFA_ANG_SPA.wav,anger,ses_sd,sessd_50_DFA,all,50_DFA_ANG_SPA,,SPA
C:\Users\Rafa\Downloads\proyecto-ia-20260212T103152Z-3-001\proyecto-ia\multimodal-emocion\data\audio\raw\ses_sd\50_DFA_DIS_SPA.wav,disgust,ses_sd,sessd_50_DFA,all,50_DFA_DIS_SPA,,SPA
C:\Users\Rafa\Downloads\proyecto-ia-20260212T103152Z-3-001\proyecto-ia\multimodal-emocion\data\audio\raw\ses_sd\50_DFA_FEA_SPA.wav,fear,ses_sd,sessd_50_DFA,all,50_DFA_FEA_SPA,,SPA
C:\Users\Rafa\Downloads\proyecto-ia-20260212T103152Z-3-001\proyecto-ia\multimodal-emocion\data\audio\raw\ses_sd\50_DFA_HAP_SPA.wav,joy,ses_sd,sessd_50_DFA,all,50_DFA_HAP_SPA,,SPA
C:\Users\Rafa\Downloads\proyecto-ia-20260212T103152Z-3-001\proyecto-ia\multimodal-emocion\data\audio\raw\ses_sd\50_DFA_NEU_SPA.wav,neutral,ses_sd,sessd_50_DFA,all,50_DFA_NEU_SPA,,SPA
C:\Users\Rafa\Downloads\proyecto-ia-20260212T103152Z-3-001\proyecto-ia\multimodal-emocion\data\audio\raw\ses_sd\50_DFA_SAD_SPA.wav,sadness,ses_sd,sessd_50_DFA,all,50_DFA_SAD_SPA,,SPA
C:\Users\Rafa\Downloads\proyecto-ia-20260212T103152Z-3-001\proyecto-ia\multimodal-emocion\data\audio\raw\ses_sd\50_IEO_ANG_SPA.wav,anger,ses_sd,sessd_50_IEO,all,50_IEO_ANG_SPA,,SPA
C:\Users\Rafa\Downloads\proyecto-ia-20260212T103152Z-3-001\proyecto-ia\multimodal-emocion\data\audio\raw\ses_sd\50_IEO_DIS_SPA.wav,disgust,ses_sd,sessd_50_IEO,all,50_IEO_DIS_SPA,,SPA
C:\Users\Rafa\Downloads\proyecto-ia-20260212T103152Z-3-001\proyecto-ia\multimodal-emocion\data\audio\raw\ses_sd\50_IEO_FEA_SPA.wav,fear,ses_sd,sessd_50_IEO,all,50_IEO_FEA_SPA,,SPA
C:\Users\Rafa\Downloads\proyecto-ia-20260212T103152Z-3-001\proyecto-ia\multimodal-emocion\data\audio\raw\ses_sd\50_IEO_HAP_SPA.wav,joy,ses_sd,sessd_50_IEO,all,50_IEO_HAP_SPA,,SPA
C:\Users\Rafa\Downloads\proyecto-ia-20260212T103152Z-3-001\proyecto-ia\multimodal-emocion\data\audio\raw\ses_sd\50_IEO_NEU_SPA.wav,neutral,ses_sd,sessd_50_IEO,all,50_IEO_NEU_SPA,,SPA
C:\Users\Rafa\Downloads\proyecto-ia-20260212T103152Z-3-001\proyecto-ia\multimodal-emocion\data\audio\raw\ses_sd\50_IEO_SAD_SPA.wav,sadness,ses_sd,sessd_50_IEO,all,50_IEO_SAD_SPA,,SPA
C:\Users\Rafa\Downloads\proyecto-ia-20260212T103152Z-3-001\proyecto-ia\multimodal-emocion\data\audio\raw\ses_sd\50_IWW_ANG_SPA.wav,anger,ses_sd,sessd_50_IWW,all,50_IWW_ANG_SPA,,SPA
C:\Users\Rafa\Downloads\proyecto-ia-20260212T103152Z-3-001\proyecto-ia\multimodal-emocion\data\audio\raw\ses_sd\50_IWW_DIS_SPA.wav,disgust,ses_sd,sessd_50_IWW,all,50_IWW_DIS_SPA,,SPA
C:\Users\Rafa\Downloads\proyecto-ia-20260212T103152Z-3-001\proyecto-ia\multimodal-emocion\data\audio\raw\ses_sd\50_IWW_FEA_SPA.wav,fear,ses_sd,sessd_50_IWW,all,50_IWW_FEA_SPA,,SPA
C:\Users\Rafa\Downloads\proyecto-ia-20260212T103152Z-3-001\proyecto-ia\multimodal-emocion\data\audio\raw\ses_sd\50_IWW_HAP_SPA.wav,joy,ses_sd,sessd_50_IWW,all,50_IWW_HAP_SPA,,SPA
C:\Users\Rafa\Downloads\proyecto-ia-20260212T103152Z-3-001\proyecto-ia\multimodal-emocion\data\audio\raw\ses_sd\50_IWW_NEU_SPA.wav,neutral,ses_sd,sessd_50_IWW,all,50_IWW_NEU_SPA,,SPA
C:\Users\Rafa\Downloads\proyecto-ia-20260212T103152Z-3-001\proyecto-ia\multimodal-emocion\data\audio\raw\ses_sd\50_IWW_SAD_SPA.wav,sadness,ses_sd,sessd_50_IWW,all,50_IWW_SAD_SPA,,SPA
C:\Users\Rafa\Downloads\proyecto-ia-20260212T103152Z-3-001\proyecto-ia\multimodal-emocion\data\audio\raw\ses_sd\50_TAI_ANG_SPA.wav,anger,ses_sd,sessd_50_TAI,all,50_TAI_ANG_SPA,,SPA
C:\Users\Rafa\Downloads\proyecto-ia-20260212T103152Z-3-001\proyecto-ia\multimodal-emocion\data\audio\raw\ses_sd\50_TAI_DIS_SPA.wav,disgust,ses_sd,sessd_50_TAI,all,50_TAI_DIS_SPA,,SPA
C:\Users\Rafa\Downloads\proyecto-ia-20260212T103152Z-3-001\proyecto-ia\multimodal-emocion\data\audio\raw\ses_sd\50_TAI_FEA_SPA.wav,fear,ses_sd,sessd_50_TAI,all,50_TAI_FEA_SPA,,SPA
C:\Users\Rafa\Downloads\proyecto-ia-20260212T103152Z-3-001\proyecto-ia\multimodal-emocion\data\audio\raw\ses_sd\50_TAI_HAP_SPA.wav,joy,ses_sd,sessd_50_TAI,all,50_TAI_HAP_SPA,,SPA
C:\Users\Rafa\Downloads\proyecto-ia-20260212T103152Z-3-001\proyecto-ia\multimodal-emocion\data\audio\raw\ses_sd\50_TAI_NEU_SPA.wav,neutral,ses_sd,sessd_50_TAI,all,50_TAI_NEU_SPA,,SPA
C:\Users\Rafa\Downloads\proyecto-ia-20260212T103152Z-3-001\proyecto-ia\multimodal-emocion\data\audio\raw\ses_sd\50_TAI_SAD_SPA.wav,sadness,ses_sd,sessd_50_TAI,all,50_TAI_SAD_SPA,,SPA
C:\Users\Rafa\Downloads\proyecto-ia-20260212T103152Z-3-001\proyecto-ia\multimodal-emocion\data\audio\raw\ses_sd\50_TSI_ANG_SPA.wav,anger,ses_sd,sessd_50_TSI,all,50_TSI_ANG_SPA,,SPA
C:\Users\Rafa\Downloads\proyecto-ia-20260212T103152Z-3-001\proyecto-ia\multimodal-emocion\data\audio\raw\ses_sd\50_TSI_DIS_SPA.wav,disgust,ses_sd,sessd_50_TSI,all,50_TSI_DIS_SPA,,SPA
C:\Users\Rafa\Downloads\proyecto-ia-20260212T103152Z-3-001\proyecto-ia\multimodal-emocion\data\audio\raw\ses_sd\50_TSI_FEA_SPA.wav,fear,ses_sd,sessd_50_TSI,all,50_TSI_FEA_SPA,,SPA
C:\Users\Rafa\Downloads\proyecto-ia-20260212T103152Z-3-001\proyecto-ia\multimodal-emocion\data\audio\raw\ses_sd\50_TSI_HAP_SPA.wav,joy,ses_sd,sessd_50_TSI,all,50_TSI_HAP_SPA,,SPA
C:\Users\Rafa\Downloads\proyecto-ia-20260212T103152Z-3-001\proyecto-ia\multimodal-emocion\data\audio\raw\ses_sd\50_TSI_NEU_SPA.wav,neutral,ses_sd,sessd_50_TSI,all,50_TSI_NEU_SPA,,SPA
C:\Users\Rafa\Downloads\proyecto-ia-20260212T103152Z-3-001\proyecto-ia\multimodal-emocion\data\audio\raw\ses_sd\50_TSI_SAD_SPA.wav,sadness,ses_sd,sessd_50_TSI,all,50_TSI_SAD_SPA,,SPA
C:\Users\Rafa\Downloads\proyecto-ia-20260212T103152Z-3-001\proyecto-ia\multimodal-emocion\data\audio\raw\ses_sd\51_DFA_ANG_SPA.wav,anger,ses_sd,sessd_51_DFA,all,51_DFA_ANG_SPA,,SPA
C:\Users\Rafa\Downloads\proyecto-ia-20260212T103152Z-3-001\proyecto-ia\multimodal-emocion\data\audio\raw\ses_sd\51_DFA_DIS_SPA.wav,disgust,ses_sd,sessd_51_DFA,all,51_DFA_DIS_SPA,,SPA
C:\Users\Rafa\Downloads\proyecto-ia-20260212T103152Z-3-001\proyecto-ia\multimodal-emocion\data\audio\raw\ses_sd\51_DFA_FEA_SPA.wav,fear,ses_sd,sessd_51_DFA,all,51_DFA_FEA_SPA,,SPA
C:\Users\Rafa\Downloads\proyecto-ia-20260212T103152Z-3-001\proyecto-ia\multimodal-emocion\data\audio\raw\ses_sd\51_DFA_HAP_SPA.wav,joy,ses_sd,sessd_51_DFA,all,51_DFA_HAP_SPA,,SPA
C:\Users\Rafa\Downloads\proyecto-ia-20260212T103152Z-3-001\proyecto-ia\multimodal-emocion\data\audio\raw\ses_sd\51_DFA_NEU_SPA.wav,neutral,ses_sd,sessd_51_DFA,all,51_DFA_NEU_SPA,,SPA
C:\Users\Rafa\Downloads\proyecto-ia-20260212T103152Z-3-001\proyecto-ia\multimodal-emocion\data\audio\raw\ses_sd\51_DFA_SAD_SPA.wav,sadness,ses_sd,sessd_51_DFA,all,51_DFA_SAD_SPA,,SPA
C:\Users\Rafa\Downloads\proyecto-ia-20260212T103152Z-3-001\proyecto-ia\multimodal-emocion\data\audio\raw\ses_sd\51_IEO_ANG_SPA.wav,anger,ses_sd,sessd_51_IEO,all,51_IEO_ANG_SPA,,SPA
C:\Users\Rafa\Downloads\proyecto-ia-20260212T103152Z-3-001\proyecto-ia\multimodal-emocion\data\audio\raw\ses_sd\51_IEO_DIS_SPA.wav,disgust,ses_sd,sessd_51_IEO,all,51_IEO_DIS_SPA,,SPA
C:\Users\Rafa\Downloads\proyecto-ia-20260212T103152Z-3-001\proyecto-ia\multimodal-emocion\data\audio\raw\ses_sd\51_IEO_FEA_SPA.wav,fear,ses_sd,sessd_51_IEO,all,51_IEO_FEA_SPA,,SPA
C:\Users\Rafa\Downloads\proyecto-ia-20260212T103152Z-3-001\proyecto-ia\multimodal-emocion\data\audio\raw\ses_sd\51_IEO_HAP_SPA.wav,joy,ses_sd,sessd_51_IEO,all,51_IEO_HAP_SPA,,SPA
C:\Users\Rafa\Downloads\proyecto-ia-20260212T103152Z-3-001\proyecto-ia\multimodal-emocion\data\audio\raw\ses_sd\51_IEO_NEU_SPA.wav,neutral,ses_sd,sessd_51_IEO,all,51_IEO_NEU_SPA,,SPA
C:\Users\Rafa\Downloads\proyecto-ia-20260212T103152Z-3-001\proyecto-ia\multimodal-emocion\data\audio\raw\ses_sd\51_IEO_SAD_SPA.wav,sadness,ses_sd,sessd_51_IEO,all,51_IEO_SAD_SPA,,SPA
C:\Users\Rafa\Downloads\proyecto-ia-20260212T103152Z-3-001\proyecto-ia\multimodal-emocion\data\audio\raw\ses_sd\51_IWW_ANG_SPA.wav,anger,ses_sd,sessd_51_IWW,all,51_IWW_ANG_SPA,,SPA
C:\Users\Rafa\Downloads\proyecto-ia-20260212T103152Z-3-001\proyecto-ia\multimodal-emocion\data\audio\raw\ses_sd\51_IWW_DIS_SPA.wav,disgust,ses_sd,sessd_51_IWW,all,51_IWW_DIS_SPA,,SPA
C:\Users\Rafa\Downloads\proyecto-ia-20260212T103152Z-3-001\proyecto-ia\multimodal-emocion\data\audio\raw\ses_sd\51_IWW_FEA_SPA.wav,fear,ses_sd,sessd_51_IWW,all,51_IWW_FEA_SPA,,SPA
C:\Users\Rafa\Downloads\proyecto-ia-20260212T103152Z-3-001\proyecto-ia\multimodal-emocion\data\audio\raw\ses_sd\51_IWW_HAP_SPA.wav,joy,ses_sd,sessd_51_IWW,all,51_IWW_HAP_SPA,,SPA
C:\Users\Rafa\Downloads\proyecto-ia-20260212T103152Z-3-001\proyecto-ia\multimodal-emocion\data\audio\raw\ses_sd\51_IWW_NEU_SPA.wav,neutral,ses_sd,sessd_51_IWW,all,51_IWW_NEU_SPA,,SPA
C:\Users\Rafa\Downloads\proyecto-ia-20260212T103152Z-3-001\proyecto-ia\multimodal-emocion\data\audio\raw\ses_sd\51_IWW_SAD_SPA.wav,sadness,ses_sd,sessd_51_IWW,all,51_IWW_SAD_SPA,,SPA
C:\Users\Rafa\Downloads\proyecto-ia-20260212T103152Z-3-001\proyecto-ia\multimodal-emocion\data\audio\raw\ses_sd\51_TAI_ANG_SPA.wav,anger,ses_sd,sessd_51_TAI,all,51_TAI_ANG_SPA,,SPA
C:\Users\Rafa\Downloads\proyecto-ia-20260212T103152Z-3-001\proyecto-ia\multimodal-emocion\data\audio\raw\ses_sd\51_TAI_DIS_SPA.wav,disgust,ses_sd,sessd_51_TAI,all,51_TAI_DIS_SPA,,SPA
C:\Users\Rafa\Downloads\proyecto-ia-20260212T103152Z-3-001\proyecto-ia\multimodal-emocion\data\audio\raw\ses_sd\51_TAI_FEA_SPA.wav,fear,ses_sd,sessd_51_TAI,all,51_TAI_FEA_SPA,,SPA
C:\Users\Rafa\Downloads\proyecto-ia-20260212T103152Z-3-001\proyecto-ia\multimodal-emocion\data\audio\raw\ses_sd\51_TAI_HAP_SPA.wav,joy,ses_sd,sessd_51_TAI,all,51_TAI_HAP_SPA,,SPA
C:\Users\Rafa\Downloads\proyecto-ia-20260212T103152Z-3-001\proyecto-ia\multimodal-emocion\data\audio\raw\ses_sd\51_TAI_NEU_SPA.wav,neutral,ses_sd,sessd_51_TAI,all,51_TAI_NEU_SPA,,SPA
C:\Users\Rafa\Downloads\proyecto-ia-20260212T103152Z-3-001\proyecto-ia\multimodal-emocion\data\audio\raw\ses_sd\51_TAI_SAD_SPA.wav,sadness,ses_sd,sessd_51_TAI,all,51_TAI_SAD_SPA,,SPA
C:\Users\Rafa\Downloads\proyecto-ia-20260212T103152Z-3-001\proyecto-ia\multimodal-emocion\data\audio\raw\ses_sd\51_TSI_ANG_SPA.wav,anger,ses_sd,sessd_51_TSI,all,51_TSI_ANG_SPA,,SPA
C:\Users\Rafa\Downloads\proyecto-ia-20260212T103152Z-3-001\proyecto-ia\multimodal-emocion\data\audio\raw\ses_sd\51_TSI_DIS_SPA.wav,disgust,ses_sd,sessd_51_TSI,all,51_TSI_DIS_SPA,,SPA
C:\Users\Rafa\Downloads\proyecto-ia-20260212T103152Z-3-001\proyecto-ia\multimodal-emocion\data\audio\raw\ses_sd\51_TSI_FEA_SPA.wav,fear,ses_sd,sessd_51_TSI,all,51_TSI_FEA_SPA,,SPA
C:\Users\Rafa\Downloads\proyecto-ia-20260212T103152Z-3-001\proyecto-ia\multimodal-emocion\data\audio\raw\ses_sd\51_TSI_HAP_SPA.wav,joy,ses_sd,sessd_51_TSI,all,51_TSI_HAP_SPA,,SPA
C:\Users\Rafa\Downloads\proyecto-ia-20260212T103152Z-3-001\proyecto-ia\multimodal-emocion\data\audio\raw\ses_sd\51_TSI_NEU_SPA.wav,neutral,ses_sd,sessd_51_TSI,all,51_TSI_NEU_SPA,,SPA
C:\Users\Rafa\Downloads\proyecto-ia-20260212T103152Z-3-001\proyecto-ia\multimodal-emocion\data\audio\raw\ses_sd\51_TSI_SAD_SPA.wav,sadness,ses_sd,sessd_51_TSI,all,51_TSI_SAD_SPA,,SPA
C:\Users\Rafa\Downloads\proyecto-ia-20260212T103152Z-3-001\proyecto-ia\multimodal-emocion\data\audio\raw\ses_sd\52_DFA_ANG_SPA.wav,anger,ses_sd,sessd_52_DFA,all,52_DFA_ANG_SPA,,SPA
C:\Users\Rafa\Downloads\proyecto-ia-20260212T103152Z-3-001\proyecto-ia\multimodal-emocion\data\audio\raw\ses_sd\52_DFA_DIS_SPA.wav,disgust,ses_sd,sessd_52_DFA,all,52_DFA_DIS_SPA,,SPA
C:\Users\Rafa\Downloads\proyecto-ia-20260212T103152Z-3-001\proyecto-ia\multimodal-emocion\data\audio\raw\ses_sd\52_DFA_FEA_SPA.wav,fear,ses_sd,sessd_52_DFA,all,52_DFA_FEA_SPA,,SPA
C:\Users\Rafa\Downloads\proyecto-ia-20260212T103152Z-3-001\proyecto-ia\multimodal-emocion\data\audio\raw\ses_sd\52_DFA_HAP_SPA.wav,joy,ses_sd,sessd_52_DFA,all,52_DFA_HAP_SPA,,SPA
C:\Users\Rafa\Downloads\proyecto-ia-20260212T103152Z-3-001\proyecto-ia\multimodal-emocion\data\audio\raw\ses_sd\52_DFA_NEU_SPA.wav,neutral,ses_sd,sessd_52_DFA,all,52_DFA_NEU_SPA,,SPA
C:\Users\Rafa\Downloads\proyecto-ia-20260212T103152Z-3-001\proyecto-ia\multimodal-emocion\data\audio\raw\ses_sd\52_DFA_SAD_SPA.wav,sadness,ses_sd,sessd_52_DFA,all,52_DFA_SAD_SPA,,SPA
C:\Users\Rafa\Downloads\proyecto-ia-20260212T103152Z-3-001\proyecto-ia\multimodal-emocion\data\audio\raw\ses_sd\52_IEO_ANG_SPA.wav,anger,ses_sd,sessd_52_IEO,all,52_IEO_ANG_SPA,,SPA
C:\Users\Rafa\Downloads\proyecto-ia-20260212T103152Z-3-001\proyecto-ia\multimodal-emocion\data\audio\raw\ses_sd\52_IEO_DIS_SPA.wav,disgust,ses_sd,sessd_52_IEO,all,52_IEO_DIS_SPA,,SPA
C:\Users\Rafa\Downloads\proyecto-ia-20260212T103152Z-3-001\proyecto-ia\multimodal-emocion\data\audio\raw\ses_sd\52_IEO_FEA_SPA.wav,fear,ses_sd,sessd_52_IEO,all,52_IEO_FEA_SPA,,SPA
C:\Users\Rafa\Downloads\proyecto-ia-20260212T103152Z-3-001\proyecto-ia\multimodal-emocion\data\audio\raw\ses_sd\52_IEO_HAP_SPA.wav,joy,ses_sd,sessd_52_IEO,all,52_IEO_HAP_SPA,,SPA
C:\Users\Rafa\Downloads\proyecto-ia-20260212T103152Z-3-001\proyecto-ia\multimodal-emocion\data\audio\raw\ses_sd\52_IEO_NEU_SPA.wav,neutral,ses_sd,sessd_52_IEO,all,52_IEO_NEU_SPA,,SPA
C:\Users\Rafa\Downloads\proyecto-ia-20260212T103152Z-3-001\proyecto-ia\multimodal-emocion\data\audio\raw\ses_sd\52_IEO_SAD_SPA.wav,sadness,ses_sd,sessd_52_IEO,all,52_IEO_SAD_SPA,,SPA
C:\Users\Rafa\Downloads\proyecto-ia-20260212T103152Z-3-001\proyecto-ia\multimodal-emocion\data\audio\raw\ses_sd\52_IWW_ANG_SPA.wav,anger,ses_sd,sessd_52_IWW,all,52_IWW_ANG_SPA,,SPA
C:\Users\Rafa\Downloads\proyecto-ia-20260212T103152Z-3-001\proyecto-ia\multimodal-emocion\data\audio\raw\ses_sd\52_IWW_DIS_SPA.wav,disgust,ses_sd,sessd_52_IWW,all,52_IWW_DIS_SPA,,SPA
C:\Users\Rafa\Downloads\proyecto-ia-20260212T103152Z-3-001\proyecto-ia\multimodal-emocion\data\audio\raw\ses_sd\52_IWW_FEA_SPA.wav,fear,ses_sd,sessd_52_IWW,all,52_IWW_FEA_SPA,,SPA
C:\Users\Rafa\Downloads\proyecto-ia-20260212T103152Z-3-001\proyecto-ia\multimodal-emocion\data\audio\raw\ses_sd\52_IWW_HAP_SPA.wav,joy,ses_sd,sessd_52_IWW,all,52_IWW_HAP_SPA,,SPA
C:\Users\Rafa\Downloads\proyecto-ia-20260212T103152Z-3-001\proyecto-ia\multimodal-emocion\data\audio\raw\ses_sd\52_IWW_NEU_SPA.wav,neutral,ses_sd,sessd_52_IWW,all,52_IWW_NEU_SPA,,SPA
C:\Users\Rafa\Downloads\proyecto-ia-20260212T103152Z-3-001\proyecto-ia\multimodal-emocion\data\audio\raw\ses_sd\52_IWW_SAD_SPA.wav,sadness,ses_sd,sessd_52_IWW,all,52_IWW_SAD_SPA,,SPA
C:\Users\Rafa\Downloads\proyecto-ia-20260212T103152Z-3-001\proyecto-ia\multimodal-emocion\data\audio\raw\ses_sd\52_TAI_ANG_SPA.wav,anger,ses_sd,sessd_52_TAI,all,52_TAI_ANG_SPA,,SPA
C:\Users\Rafa\Downloads\proyecto-ia-20260212T103152Z-3-001\proyecto-ia\multimodal-emocion\data\audio\raw\ses_sd\52_TAI_DIS_SPA.wav,disgust,ses_sd,sessd_52_TAI,all,52_TAI_DIS_SPA,,SPA
C:\Users\Rafa\Downloads\proyecto-ia-20260212T103152Z-3-001\proyecto-ia\multimodal-emocion\data\audio\raw\ses_sd\52_TAI_FEA_SPA.wav,fear,ses_sd,sessd_52_TAI,all,52_TAI_FEA_SPA,,SPA
C:\Users\Rafa\Downloads\proyecto-ia-20260212T103152Z-3-001\proyecto-ia\multimodal-emocion\data\audio\raw\ses_sd\52_TAI_HAP_SPA.wav,joy,ses_sd,sessd_52_TAI,all,52_TAI_HAP_SPA,,SPA
C:\Users\Rafa\Downloads\proyecto-ia-20260212T103152Z-3-001\proyecto-ia\multimodal-emocion\data\audio\raw\ses_sd\52_TAI_NEU_SPA.wav,neutral,ses_sd,sessd_52_TAI,all,52_TAI_NEU_SPA,,SPA
C:\Users\Rafa\Downloads\proyecto-ia-20260212T103152Z-3-001\proyecto-ia\multimodal-emocion\data\audio\raw\ses_sd\52_TAI_SAD_SPA.wav,sadness,ses_sd,sessd_52_TAI,all,52_TAI_SAD_SPA,,SPA
C:\Users\Rafa\Downloads\proyecto-ia-20260212T103152Z-3-001\proyecto-ia\multimodal-emocion\data\audio\raw\ses_sd\52_TSI_ANG_SPA.wav,anger,ses_sd,sessd_52_TSI,all,52_TSI_ANG_SPA,,SPA
C:\Users\Rafa\Downloads\proyecto-ia-20260212T103152Z-3-001\proyecto-ia\multimodal-emocion\data\audio\raw\ses_sd\52_TSI_DIS_SPA.wav,disgust,ses_sd,sessd_52_TSI,all,52_TSI_DIS_SPA,,SPA
C:\Users\Rafa\Downloads\proyecto-ia-20260212T103152Z-3-001\proyecto-ia\multimodal-emocion\data\audio\raw\ses_sd\52_TSI_FEA_SPA.wav,fear,ses_sd,sessd_52_TSI,all,52_TSI_FEA_SPA,,SPA
C:\Users\Rafa\Downloads\proyecto-ia-20260212T103152Z-3-001\proyecto-ia\multimodal-emocion\data\audio\raw\ses_sd\52_TSI_HAP_SPA.wav,joy,ses_sd,sessd_52_TSI,all,52_TSI_HAP_SPA,,SPA
C:\Users\Rafa\Downloads\proyecto-ia-20260212T103152Z-3-001\proyecto-ia\multimodal-emocion\data\audio\raw\ses_sd\52_TSI_NEU_SPA.wav,neutral,ses_sd,sessd_52_TSI,all,52_TSI_NEU_SPA,,SPA
C:\Users\Rafa\Downloads\proyecto-ia-20260212T103152Z-3-001\proyecto-ia\multimodal-emocion\data\audio\raw\ses_sd\52_TSI_SAD_SPA.wav,sadness,ses_sd,sessd_52_TSI,all,52_TSI_SAD_SPA,,SPA
C:\Users\Rafa\Downloads\proyecto-ia-20260212T103152Z-3-001\proyecto-ia\multimodal-emocion\data\audio\raw\ses_sd\53_DFA_ANG_SPA.wav,anger,ses_sd,sessd_53_DFA,all,53_DFA_ANG_SPA,,SPA
C:\Users\Rafa\Downloads\proyecto-ia-20260212T103152Z-3-001\proyecto-ia\multimodal-emocion\data\audio\raw\ses_sd\53_DFA_DIS_SPA.wav,disgust,ses_sd,sessd_53_DFA,all,53_DFA_DIS_SPA,,SPA
C:\Users\Rafa\Downloads\proyecto-ia-20260212T103152Z-3-001\proyecto-ia\multimodal-emocion\data\audio\raw\ses_sd\53_DFA_FEA_SPA.wav,fear,ses_sd,sessd_53_DFA,all,53_DFA_FEA_SPA,,SPA
C:\Users\Rafa\Downloads\proyecto-ia-20260212T103152Z-3-001\proyecto-ia\multimodal-emocion\data\audio\raw\ses_sd\53_DFA_HAP_SPA.wav,joy,ses_sd,sessd_53_DFA,all,53_DFA_HAP_SPA,,SPA
C:\Users\Rafa\Downloads\proyecto-ia-20260212T103152Z-3-001\proyecto-ia\multimodal-emocion\data\audio\raw\ses_sd\53_DFA_NEU_SPA.wav,neutral,ses_sd,sessd_53_DFA,all,53_DFA_NEU_SPA,,SPA
C:\Users\Rafa\Downloads\proyecto-ia-20260212T103152Z-3-001\proyecto-ia\multimodal-emocion\data\audio\raw\ses_sd\53_DFA_SAD_SPA.wav,sadness,ses_sd,sessd_53_DFA,all,53_DFA_SAD_SPA,,SPA
C:\Users\Rafa\Downloads\proyecto-ia-20260212T103152Z-3-001\proyecto-ia\multimodal-emocion\data\audio\raw\ses_sd\53_IEO_ANG_SPA.wav,anger,ses_sd,sessd_53_IEO,all,53_IEO_ANG_SPA,,SPA
C:\Users\Rafa\Downloads\proyecto-ia-20260212T103152Z-3-001\proyecto-ia\multimodal-emocion\data\audio\raw\ses_sd\53_IEO_DIS_SPA.wav,disgust,ses_sd,sessd_53_IEO,all,53_IEO_DIS_SPA,,SPA
C:\Users\Rafa\Downloads\proyecto-ia-20260212T103152Z-3-001\proyecto-ia\multimodal-emocion\data\audio\raw\ses_sd\53_IEO_FEA_SPA.wav,fear,ses_sd,sessd_53_IEO,all,53_IEO_FEA_SPA,,SPA
C:\Users\Rafa\Downloads\proyecto-ia-20260212T103152Z-3-001\proyecto-ia\multimodal-emocion\data\audio\raw\ses_sd\53_IEO_HAP_SPA.wav,joy,ses_sd,sessd_53_IEO,all,53_IEO_HAP_SPA,,SPA
C:\Users\Rafa\Downloads\proyecto-ia-20260212T103152Z-3-001\proyecto-ia\multimodal-emocion\data\audio\raw\ses_sd\53_IEO_NEU_SPA.wav,neutral,ses_sd,sessd_53_IEO,all,53_IEO_NEU_SPA,,SPA
C:\Users\Rafa\Downloads\proyecto-ia-20260212T103152Z-3-001\proyecto-ia\multimodal-emocion\data\audio\raw\ses_sd\53_IEO_SAD_SPA.wav,sadness,ses_sd,sessd_53_IEO,all,53_IEO_SAD_SPA,,SPA
C:\Users\Rafa\Downloads\proyecto-ia-20260212T103152Z-3-001\proyecto-ia\multimodal-emocion\data\audio\raw\ses_sd\53_IWW_ANG_SPA.wav,anger,ses_sd,sessd_53_IWW,all,53_IWW_ANG_SPA,,SPA
C:\Users\Rafa\Downloads\proyecto-ia-20260212T103152Z-3-001\proyecto-ia\multimodal-emocion\data\audio\raw\ses_sd\53_IWW_DIS_SPA.wav,disgust,ses_sd,sessd_53_IWW,all,53_IWW_DIS_SPA,,SPA
C:\Users\Rafa\Downloads\proyecto-ia-20260212T103152Z-3-001\proyecto-ia\multimodal-emocion\data\audio\raw\ses_sd\53_IWW_FEA_SPA.wav,fear,ses_sd,sessd_53_IWW,all,53_IWW_FEA_SPA,,SPA
C:\Users\Rafa\Downloads\proyecto-ia-20260212T103152Z-3-001\proyecto-ia\multimodal-emocion\data\audio\raw\ses_sd\53_IWW_HAP_SPA.wav,joy,ses_sd,sessd_53_IWW,all,53_IWW_HAP_SPA,,SPA
C:\Users\Rafa\Downloads\proyecto-ia-20260212T103152Z-3-001\proyecto-ia\multimodal-emocion\data\audio\raw\ses_sd\53_IWW_NEU_SPA.wav,neutral,ses_sd,sessd_53_IWW,all,53_IWW_NEU_SPA,,SPA
C:\Users\Rafa\Downloads\proyecto-ia-20260212T103152Z-3-001\proyecto-ia\multimodal-emocion\data\audio\raw\ses_sd\53_IWW_SAD_SPA.wav,sadness,ses_sd,sessd_53_IWW,all,53_IWW_SAD_SPA,,SPA
C:\Users\Rafa\Downloads\proyecto-ia-20260212T103152Z-3-001\proyecto-ia\multimodal-emocion\data\audio\raw\ses_sd\53_TAI_ANG_SPA.wav,anger,ses_sd,sessd_53_TAI,all,53_TAI_ANG_SPA,,SPA
C:\Users\Rafa\Downloads\proyecto-ia-20260212T103152Z-3-001\proyecto-ia\multimodal-emocion\data\audio\raw\ses_sd\53_TAI_DIS_SPA.wav,disgust,ses_sd,sessd_53_TAI,all,53_TAI_DIS_SPA,,SPA
C:\Users\Rafa\Downloads\proyecto-ia-20260212T103152Z-3-001\proyecto-ia\multimodal-emocion\data\audio\raw\ses_sd\53_TAI_FEA_SPA.wav,fear,ses_sd,sessd_53_TAI,all,53_TAI_FEA_SPA,,SPA
C:\Users\Rafa\Downloads\proyecto-ia-20260212T103152Z-3-001\proyecto-ia\multimodal-emocion\data\audio\raw\ses_sd\53_TAI_HAP_SPA.wav,joy,ses_sd,sessd_53_TAI,all,53_TAI_HAP_SPA,,SPA
C:\Users\Rafa\Downloads\proyecto-ia-20260212T103152Z-3-001\proyecto-ia\multimodal-emocion\data\audio\raw\ses_sd\53_TAI_NEU_SPA.wav,neutral,ses_sd,sessd_53_TAI,all,53_TAI_NEU_SPA,,SPA
C:\Users\Rafa\Downloads\proyecto-ia-20260212T103152Z-3-001\proyecto-ia\multimodal-emocion\data\audio\raw\ses_sd\53_TAI_SAD_SPA.wav,sadness,ses_sd,sessd_53_TAI,all,53_TAI_SAD_SPA,,SPA
C:\Users\Rafa\Downloads\proyecto-ia-20260212T103152Z-3-001\proyecto-ia\multimodal-emocion\data\audio\raw\ses_sd\53_TSI_ANG_SPA.wav,anger,ses_sd,sessd_53_TSI,all,53_TSI_ANG_SPA,,SPA
C:\Users\Rafa\Downloads\proyecto-ia-20260212T103152Z-3-001\proyecto-ia\multimodal-emocion\data\audio\raw\ses_sd\53_TSI_DIS_SPA.wav,disgust,ses_sd,sessd_53_TSI,all,53_TSI_DIS_SPA,,SPA
C:\Users\Rafa\Downloads\proyecto-ia-20260212T103152Z-3-001\proyecto-ia\multimodal-emocion\data\audio\raw\ses_sd\53_TSI_FEA_SPA.wav,fear,ses_sd,sessd_53_TSI,all,53_TSI_FEA_SPA,,SPA
C:\Users\Rafa\Downloads\proyecto-ia-20260212T103152Z-3-001\proyecto-ia\multimodal-emocion\data\audio\raw\ses_sd\53_TSI_HAP_SPA.wav,joy,ses_sd,sessd_53_TSI,all,53_TSI_HAP_SPA,,SPA
C:\Users\Rafa\Downloads\proyecto-ia-20260212T103152Z-3-001\proyecto-ia\multimodal-emocion\data\audio\raw\ses_sd\53_TSI_NEU_SPA.wav,neutral,ses_sd,sessd_53_TSI,all,53_TSI_NEU_SPA,,SPA
C:\Users\Rafa\Downloads\proyecto-ia-20260212T103152Z-3-001\proyecto-ia\multimodal-emocion\data\audio\raw\ses_sd\53_TSI_SAD_SPA.wav,sadness,ses_sd,sessd_53_TSI,all,53_TSI_SAD_SPA,,SPA
C:\Users\Rafa\Downloads\proyecto-ia-20260212T103152Z-3-001\proyecto-ia\multimodal-emocion\data\audio\raw\ses_sd\5_DFA_ANG_SPA.wav,anger,ses_sd,sessd_5_DFA,all,5_DFA_ANG_SPA,,SPA
C:\Users\Rafa\Downloads\proyecto-ia-20260212T103152Z-3-001\proyecto-ia\multimodal-emocion\data\audio\raw\ses_sd\5_DFA_DIS_SPA.wav,disgust,ses_sd,sessd_5_DFA,all,5_DFA_DIS_SPA,,SPA
C:\Users\Rafa\Downloads\proyecto-ia-20260212T103152Z-3-001\proyecto-ia\multimodal-emocion\data\audio\raw\ses_sd\5_DFA_FEA_SPA.wav,fear,ses_sd,sessd_5_DFA,all,5_DFA_FEA_SPA,,SPA
C:\Users\Rafa\Downloads\proyecto-ia-20260212T103152Z-3-001\proyecto-ia\multimodal-emocion\data\audio\raw\ses_sd\5_DFA_HAP_SPA.wav,joy,ses_sd,sessd_5_DFA,all,5_DFA_HAP_SPA,,SPA
C:\Users\Rafa\Downloads\proyecto-ia-20260212T103152Z-3-001\proyecto-ia\multimodal-emocion\data\audio\raw\ses_sd\5_DFA_NEU_SPA.wav,neutral,ses_sd,sessd_5_DFA,all,5_DFA_NEU_SPA,,SPA
C:\Users\Rafa\Downloads\proyecto-ia-20260212T103152Z-3-001\proyecto-ia\multimodal-emocion\data\audio\raw\ses_sd\5_DFA_SAD_SPA.wav,sadness,ses_sd,sessd_5_DFA,all,5_DFA_SAD_SPA,,SPA
C:\Users\Rafa\Downloads\proyecto-ia-20260212T103152Z-3-001\proyecto-ia\multimodal-emocion\data\audio\raw\ses_sd\5_IEO_ANG_SPA.wav,anger,ses_sd,sessd_5_IEO,all,5_IEO_ANG_SPA,,SPA
C:\Users\Rafa\Downloads\proyecto-ia-20260212T103152Z-3-001\proyecto-ia\multimodal-emocion\data\audio\raw\ses_sd\5_IEO_DIS_SPA.wav,disgust,ses_sd,sessd_5_IEO,all,5_IEO_DIS_SPA,,SPA
C:\Users\Rafa\Downloads\proyecto-ia-20260212T103152Z-3-001\proyecto-ia\multimodal-emocion\data\audio\raw\ses_sd\5_IEO_FEA_SPA.wav,fear,ses_sd,sessd_5_IEO,all,5_IEO_FEA_SPA,,SPA
C:\Users\Rafa\Downloads\proyecto-ia-20260212T103152Z-3-001\proyecto-ia\multimodal-emocion\data\audio\raw\ses_sd\5_IEO_HAP_SPA.wav,joy,ses_sd,sessd_5_IEO,all,5_IEO_HAP_SPA,,SPA
C:\Users\Rafa\Downloads\proyecto-ia-20260212T103152Z-3-001\proyecto-ia\multimodal-emocion\data\audio\raw\ses_sd\5_IEO_NEU_SPA.wav,neutral,ses_sd,sessd_5_IEO,all,5_IEO_NEU_SPA,,SPA
C:\Users\Rafa\Downloads\proyecto-ia-20260212T103152Z-3-001\proyecto-ia\multimodal-emocion\data\audio\raw\ses_sd\5_IEO_SAD_SPA.wav,sadness,ses_sd,sessd_5_IEO,all,5_IEO_SAD_SPA,,SPA
C:\Users\Rafa\Downloads\proyecto-ia-20260212T103152Z-3-001\proyecto-ia\multimodal-emocion\data\audio\raw\ses_sd\5_IWW_ANG_SPA.wav,anger,ses_sd,sessd_5_IWW,all,5_IWW_ANG_SPA,,SPA
C:\Users\Rafa\Downloads\proyecto-ia-20260212T103152Z-3-001\proyecto-ia\multimodal-emocion\data\audio\raw\ses_sd\5_IWW_DIS_SPA.wav,disgust,ses_sd,sessd_5_IWW,all,5_IWW_DIS_SPA,,SPA
C:\Users\Rafa\Downloads\proyecto-ia-20260212T103152Z-3-001\proyecto-ia\multimodal-emocion\data\audio\raw\ses_sd\5_IWW_FEA_SPA.wav,fear,ses_sd,sessd_5_IWW,all,5_IWW_FEA_SPA,,SPA
C:\Users\Rafa\Downloads\proyecto-ia-20260212T103152Z-3-001\proyecto-ia\multimodal-emocion\data\audio\raw\ses_sd\5_IWW_HAP_SPA.wav,joy,ses_sd,sessd_5_IWW,all,5_IWW_HAP_SPA,,SPA
C:\Users\Rafa\Downloads\proyecto-ia-20260212T103152Z-3-001\proyecto-ia\multimodal-emocion\data\audio\raw\ses_sd\5_IWW_NEU_SPA.wav,neutral,ses_sd,sessd_5_IWW,all,5_IWW_NEU_SPA,,SPA
C:\Users\Rafa\Downloads\proyecto-ia-20260212T103152Z-3-001\proyecto-ia\multimodal-emocion\data\audio\raw\ses_sd\5_IWW_SAD_SPA.wav,sadness,ses_sd,sessd_5_IWW,all,5_IWW_SAD_SPA,,SPA
C:\Users\Rafa\Downloads\proyecto-ia-20260212T103152Z-3-001\proyecto-ia\multimodal-emocion\data\audio\raw\ses_sd\5_TAI_ANG_SPA.wav,anger,ses_sd,sessd_5_TAI,all,5_TAI_ANG_SPA,,SPA
C:\Users\Rafa\Downloads\proyecto-ia-20260212T103152Z-3-001\proyecto-ia\multimodal-emocion\data\audio\raw\ses_sd\5_TAI_DIS_SPA.wav,disgust,ses_sd,sessd_5_TAI,all,5_TAI_DIS_SPA,,SPA
C:\Users\Rafa\Downloads\proyecto-ia-20260212T103152Z-3-001\proyecto-ia\multimodal-emocion\data\audio\raw\ses_sd\5_TAI_FEA_SPA.wav,fear,ses_sd,sessd_5_TAI,all,5_TAI_FEA_SPA,,SPA
C:\Users\Rafa\Downloads\proyecto-ia-20260212T103152Z-3-001\proyecto-ia\multimodal-emocion\data\audio\raw\ses_sd\5_TAI_HAP_SPA.wav,joy,ses_sd,sessd_5_TAI,all,5_TAI_HAP_SPA,,SPA
C:\Users\Rafa\Downloads\proyecto-ia-20260212T103152Z-3-001\proyecto-ia\multimodal-emocion\data\audio\raw\ses_sd\5_TAI_NEU_SPA.wav,neutral,ses_sd,sessd_5_TAI,all,5_TAI_NEU_SPA,,SPA
C:\Users\Rafa\Downloads\proyecto-ia-20260212T103152Z-3-001\proyecto-ia\multimodal-emocion\data\audio\raw\ses_sd\5_TAI_SAD_SPA.wav,sadness,ses_sd,sessd_5_TAI,all,5_TAI_SAD_SPA,,SPA
C:\Users\Rafa\Downloads\proyecto-ia-20260212T103152Z-3-001\proyecto-ia\multimodal-emocion\data\audio\raw\ses_sd\5_TSI_ANG_SPA.wav,anger,ses_sd,sessd_5_TSI,all,5_TSI_ANG_SPA,,SPA
C:\Users\Rafa\Downloads\proyecto-ia-20260212T103152Z-3-001\proyecto-ia\multimodal-emocion\data\audio\raw\ses_sd\5_TSI_DIS_SPA.wav,disgust,ses_sd,sessd_5_TSI,all,5_TSI_DIS_SPA,,SPA
C:\Users\Rafa\Downloads\proyecto-ia-20260212T103152Z-3-001\proyecto-ia\multimodal-emocion\data\audio\raw\ses_sd\5_TSI_FEA_SPA.wav,fear,ses_sd,sessd_5_TSI,all,5_TSI_FEA_SPA,,SPA
C:\Users\Rafa\Downloads\proyecto-ia-20260212T103152Z-3-001\proyecto-ia\multimodal-emocion\data\audio\raw\ses_sd\5_TSI_HAP_SPA.wav,joy,ses_sd,sessd_5_TSI,all,5_TSI_HAP_SPA,,SPA
C:\Users\Rafa\Downloads\proyecto-ia-20260212T103152Z-3-001\proyecto-ia\multimodal-emocion\data\audio\raw\ses_sd\5_TSI_NEU_SPA.wav,neutral,ses_sd,sessd_5_TSI,all,5_TSI_NEU_SPA,,SPA
C:\Users\Rafa\Downloads\proyecto-ia-20260212T103152Z-3-001\proyecto-ia\multimodal-emocion\data\audio\raw\ses_sd\5_TSI_SAD_SPA.wav,sadness,ses_sd,sessd_5_TSI,all,5_TSI_SAD_SPA,,SPA
C:\Users\Rafa\Downloads\proyecto-ia-20260212T103152Z-3-001\proyecto-ia\multimodal-emocion\data\audio\raw\ses_sd\6_DFA_ANG_SPA.wav,anger,ses_sd,sessd_6_DFA,all,6_DFA_ANG_SPA,,SPA
C:\Users\Rafa\Downloads\proyecto-ia-20260212T103152Z-3-001\proyecto-ia\multimodal-emocion\data\audio\raw\ses_sd\6_DFA_DIS_SPA.wav,disgust,ses_sd,sessd_6_DFA,all,6_DFA_DIS_SPA,,SPA
C:\Users\Rafa\Downloads\proyecto-ia-20260212T103152Z-3-001\proyecto-ia\multimodal-emocion\data\audio\raw\ses_sd\6_DFA_FEA_SPA.wav,fear,ses_sd,sessd_6_DFA,all,6_DFA_FEA_SPA,,SPA
C:\Users\Rafa\Downloads\proyecto-ia-20260212T103152Z-3-001\proyecto-ia\multimodal-emocion\data\audio\raw\ses_sd\6_DFA_HAP_SPA.wav,joy,ses_sd,sessd_6_DFA,all,6_DFA_HAP_SPA,,SPA
C:\Users\Rafa\Downloads\proyecto-ia-20260212T103152Z-3-001\proyecto-ia\multimodal-emocion\data\audio\raw\ses_sd\6_DFA_NEU_SPA.wav,neutral,ses_sd,sessd_6_DFA,all,6_DFA_NEU_SPA,,SPA
C:\Users\Rafa\Downloads\proyecto-ia-20260212T103152Z-3-001\proyecto-ia\multimodal-emocion\data\audio\raw\ses_sd\6_DFA_SAD_SPA.wav,sadness,ses_sd,sessd_6_DFA,all,6_DFA_SAD_SPA,,SPA
C:\Users\Rafa\Downloads\proyecto-ia-20260212T103152Z-3-001\proyecto-ia\multimodal-emocion\data\audio\raw\ses_sd\6_IEO_ANG_SPA.wav,anger,ses_sd,sessd_6_IEO,all,6_IEO_ANG_SPA,,SPA
C:\Users\Rafa\Downloads\proyecto-ia-20260212T103152Z-3-001\proyecto-ia\multimodal-emocion\data\audio\raw\ses_sd\6_IEO_DIS_SPA.wav,disgust,ses_sd,sessd_6_IEO,all,6_IEO_DIS_SPA,,SPA
C:\Users\Rafa\Downloads\proyecto-ia-20260212T103152Z-3-001\proyecto-ia\multimodal-emocion\data\audio\raw\ses_sd\6_IEO_FEA_SPA.wav,fear,ses_sd,sessd_6_IEO,all,6_IEO_FEA_SPA,,SPA
C:\Users\Rafa\Downloads\proyecto-ia-20260212T103152Z-3-001\proyecto-ia\multimodal-emocion\data\audio\raw\ses_sd\6_IEO_HAP_SPA.wav,joy,ses_sd,sessd_6_IEO,all,6_IEO_HAP_SPA,,SPA
C:\Users\Rafa\Downloads\proyecto-ia-20260212T103152Z-3-001\proyecto-ia\multimodal-emocion\data\audio\raw\ses_sd\6_IEO_NEU_SPA.wav,neutral,ses_sd,sessd_6_IEO,all,6_IEO_NEU_SPA,,SPA
C:\Users\Rafa\Downloads\proyecto-ia-20260212T103152Z-3-001\proyecto-ia\multimodal-emocion\data\audio\raw\ses_sd\6_IEO_SAD_SPA.wav,sadness,ses_sd,sessd_6_IEO,all,6_IEO_SAD_SPA,,SPA
C:\Users\Rafa\Downloads\proyecto-ia-20260212T103152Z-3-001\proyecto-ia\multimodal-emocion\data\audio\raw\ses_sd\6_IWW_ANG_SPA.wav,anger,ses_sd,sessd_6_IWW,all,6_IWW_ANG_SPA,,SPA
C:\Users\Rafa\Downloads\proyecto-ia-20260212T103152Z-3-001\proyecto-ia\multimodal-emocion\data\audio\raw\ses_sd\6_IWW_DIS_SPA.wav,disgust,ses_sd,sessd_6_IWW,all,6_IWW_DIS_SPA,,SPA
C:\Users\Rafa\Downloads\proyecto-ia-20260212T103152Z-3-001\proyecto-ia\multimodal-emocion\data\audio\raw\ses_sd\6_IWW_FEA_SPA.wav,fear,ses_sd,sessd_6_IWW,all,6_IWW_FEA_SPA,,SPA
C:\Users\Rafa\Downloads\proyecto-ia-20260212T103152Z-3-001\proyecto-ia\multimodal-emocion\data\audio\raw\ses_sd\6_IWW_HAP_SPA.wav,joy,ses_sd,sessd_6_IWW,all,6_IWW_HAP_SPA,,SPA
C:\Users\Rafa\Downloads\proyecto-ia-20260212T103152Z-3-001\proyecto-ia\multimodal-emocion\data\audio\raw\ses_sd\6_IWW_NEU_SPA.wav,neutral,ses_sd,sessd_6_IWW,all,6_IWW_NEU_SPA,,SPA
C:\Users\Rafa\Downloads\proyecto-ia-20260212T103152Z-3-001\proyecto-ia\multimodal-emocion\data\audio\raw\ses_sd\6_IWW_SAD_SPA.wav,sadness,ses_sd,sessd_6_IWW,all,6_IWW_SAD_SPA,,SPA
C:\Users\Rafa\Downloads\proyecto-ia-20260212T103152Z-3-001\proyecto-ia\multimodal-emocion\data\audio\raw\ses_sd\6_TAI_ANG_SPA.wav,anger,ses_sd,sessd_6_TAI,all,6_TAI_ANG_SPA,,SPA
C:\Users\Rafa\Downloads\proyecto-ia-20260212T103152Z-3-001\proyecto-ia\multimodal-emocion\data\audio\raw\ses_sd\6_TAI_DIS_SPA.wav,disgust,ses_sd,sessd_6_TAI,all,6_TAI_DIS_SPA,,SPA
C:\Users\Rafa\Downloads\proyecto-ia-20260212T103152Z-3-001\proyecto-ia\multimodal-emocion\data\audio\raw\ses_sd\6_TAI_FEA_SPA.wav,fear,ses_sd,sessd_6_TAI,all,6_TAI_FEA_SPA,,SPA
C:\Users\Rafa\Downloads\proyecto-ia-20260212T103152Z-3-001\proyecto-ia\multimodal-emocion\data\audio\raw\ses_sd\6_TAI_HAP_SPA.wav,joy,ses_sd,sessd_6_TAI,all,6_TAI_HAP_SPA,,SPA
C:\Users\Rafa\Downloads\proyecto-ia-20260212T103152Z-3-001\proyecto-ia\multimodal-emocion\data\audio\raw\ses_sd\6_TAI_NEU_SPA.wav,neutral,ses_sd,sessd_6_TAI,all,6_TAI_NEU_SPA,,SPA
C:\Users\Rafa\Downloads\proyecto-ia-20260212T103152Z-3-001\proyecto-ia\multimodal-emocion\data\audio\raw\ses_sd\6_TAI_SAD_SPA.wav,sadness,ses_sd,sessd_6_TAI,all,6_TAI_SAD_SPA,,SPA
C:\Users\Rafa\Downloads\proyecto-ia-20260212T103152Z-3-001\proyecto-ia\multimodal-emocion\data\audio\raw\ses_sd\6_TSI_ANG_SPA.wav,anger,ses_sd,sessd_6_TSI,all,6_TSI_ANG_SPA,,SPA
C:\Users\Rafa\Downloads\proyecto-ia-20260212T103152Z-3-001\proyecto-ia\multimodal-emocion\data\audio\raw\ses_sd\6_TSI_DIS_SPA.wav,disgust,ses_sd,sessd_6_TSI,all,6_TSI_DIS_SPA,,SPA
C:\Users\Rafa\Downloads\proyecto-ia-20260212T103152Z-3-001\proyecto-ia\multimodal-emocion\data\audio\raw\ses_sd\6_TSI_FEA_SPA.wav,fear,ses_sd,sessd_6_TSI,all,6_TSI_FEA_SPA,,SPA
C:\Users\Rafa\Downloads\proyecto-ia-20260212T103152Z-3-001\proyecto-ia\multimodal-emocion\data\audio\raw\ses_sd\6_TSI_HAP_SPA.wav,joy,ses_sd,sessd_6_TSI,all,6_TSI_HAP_SPA,,SPA
C:\Users\Rafa\Downloads\proyecto-ia-20260212T103152Z-3-001\proyecto-ia\multimodal-emocion\data\audio\raw\ses_sd\6_TSI_NEU_SPA.wav,neutral,ses_sd,sessd_6_TSI,all,6_TSI_NEU_SPA,,SPA
C:\Users\Rafa\Downloads\proyecto-ia-20260212T103152Z-3-001\proyecto-ia\multimodal-emocion\data\audio\raw\ses_sd\6_TSI_SAD_SPA.wav,sadness,ses_sd,sessd_6_TSI,all,6_TSI_SAD_SPA,,SPA
C:\Users\Rafa\Downloads\proyecto-ia-20260212T103152Z-3-001\proyecto-ia\multimodal-emocion\data\audio\raw\ses_sd\7_DFA_ANG_SPA.wav,anger,ses_sd,sessd_7_DFA,all,7_DFA_ANG_SPA,,SPA
C:\Users\Rafa\Downloads\proyecto-ia-20260212T103152Z-3-001\proyecto-ia\multimodal-emocion\data\audio\raw\ses_sd\7_DFA_DIS_SPA.wav,disgust,ses_sd,sessd_7_DFA,all,7_DFA_DIS_SPA,,SPA
C:\Users\Rafa\Downloads\proyecto-ia-20260212T103152Z-3-001\proyecto-ia\multimodal-emocion\data\audio\raw\ses_sd\7_DFA_FEA_SPA.wav,fear,ses_sd,sessd_7_DFA,all,7_DFA_FEA_SPA,,SPA
C:\Users\Rafa\Downloads\proyecto-ia-20260212T103152Z-3-001\proyecto-ia\multimodal-emocion\data\audio\raw\ses_sd\7_DFA_HAP_SPA.wav,joy,ses_sd,sessd_7_DFA,all,7_DFA_HAP_SPA,,SPA
C:\Users\Rafa\Downloads\proyecto-ia-20260212T103152Z-3-001\proyecto-ia\multimodal-emocion\data\audio\raw\ses_sd\7_DFA_NEU_SPA.wav,neutral,ses_sd,sessd_7_DFA,all,7_DFA_NEU_SPA,,SPA
C:\Users\Rafa\Downloads\proyecto-ia-20260212T103152Z-3-001\proyecto-ia\multimodal-emocion\data\audio\raw\ses_sd\7_DFA_SAD_SPA.wav,sadness,ses_sd,sessd_7_DFA,all,7_DFA_SAD_SPA,,SPA
C:\Users\Rafa\Downloads\proyecto-ia-20260212T103152Z-3-001\proyecto-ia\multimodal-emocion\data\audio\raw\ses_sd\7_IEO_ANG_SPA.wav,anger,ses_sd,sessd_7_IEO,all,7_IEO_ANG_SPA,,SPA
C:\Users\Rafa\Downloads\proyecto-ia-20260212T103152Z-3-001\proyecto-ia\multimodal-emocion\data\audio\raw\ses_sd\7_IEO_DIS_SPA.wav,disgust,ses_sd,sessd_7_IEO,all,7_IEO_DIS_SPA,,SPA
C:\Users\Rafa\Downloads\proyecto-ia-20260212T103152Z-3-001\proyecto-ia\multimodal-emocion\data\audio\raw\ses_sd\7_IEO_FEA_SPA.wav,fear,ses_sd,sessd_7_IEO,all,7_IEO_FEA_SPA,,SPA
C:\Users\Rafa\Downloads\proyecto-ia-20260212T103152Z-3-001\proyecto-ia\multimodal-emocion\data\audio\raw\ses_sd\7_IEO_HAP_SPA.wav,joy,ses_sd,sessd_7_IEO,all,7_IEO_HAP_SPA,,SPA
C:\Users\Rafa\Downloads\proyecto-ia-20260212T103152Z-3-001\proyecto-ia\multimodal-emocion\data\audio\raw\ses_sd\7_IEO_NEU_SPA.wav,neutral,ses_sd,sessd_7_IEO,all,7_IEO_NEU_SPA,,SPA
C:\Users\Rafa\Downloads\proyecto-ia-20260212T103152Z-3-001\proyecto-ia\multimodal-emocion\data\audio\raw\ses_sd\7_IEO_SAD_SPA.wav,sadness,ses_sd,sessd_7_IEO,all,7_IEO_SAD_SPA,,SPA
C:\Users\Rafa\Downloads\proyecto-ia-20260212T103152Z-3-001\proyecto-ia\multimodal-emocion\data\audio\raw\ses_sd\7_IWW_ANG_SPA.wav,anger,ses_sd,sessd_7_IWW,all,7_IWW_ANG_SPA,,SPA
C:\Users\Rafa\Downloads\proyecto-ia-20260212T103152Z-3-001\proyecto-ia\multimodal-emocion\data\audio\raw\ses_sd\7_IWW_DIS_SPA.wav,disgust,ses_sd,sessd_7_IWW,all,7_IWW_DIS_SPA,,SPA
C:\Users\Rafa\Downloads\proyecto-ia-20260212T103152Z-3-001\proyecto-ia\multimodal-emocion\data\audio\raw\ses_sd\7_IWW_FEA_SPA.wav,fear,ses_sd,sessd_7_IWW,all,7_IWW_FEA_SPA,,SPA
C:\Users\Rafa\Downloads\proyecto-ia-20260212T103152Z-3-001\proyecto-ia\multimodal-emocion\data\audio\raw\ses_sd\7_IWW_HAP_SPA.wav,joy,ses_sd,sessd_7_IWW,all,7_IWW_HAP_SPA,,SPA
C:\Users\Rafa\Downloads\proyecto-ia-20260212T103152Z-3-001\proyecto-ia\multimodal-emocion\data\audio\raw\ses_sd\7_IWW_NEU_SPA.wav,neutral,ses_sd,sessd_7_IWW,all,7_IWW_NEU_SPA,,SPA
C:\Users\Rafa\Downloads\proyecto-ia-20260212T103152Z-3-001\proyecto-ia\multimodal-emocion\data\audio\raw\ses_sd\7_IWW_SAD_SPA.wav,sadness,ses_sd,sessd_7_IWW,all,7_IWW_SAD_SPA,,SPA
C:\Users\Rafa\Downloads\proyecto-ia-20260212T103152Z-3-001\proyecto-ia\multimodal-emocion\data\audio\raw\ses_sd\7_TAI_ANG_SPA.wav,anger,ses_sd,sessd_7_TAI,all,7_TAI_ANG_SPA,,SPA
C:\Users\Rafa\Downloads\proyecto-ia-20260212T103152Z-3-001\proyecto-ia\multimodal-emocion\data\audio\raw\ses_sd\7_TAI_DIS_SPA.wav,disgust,ses_sd,sessd_7_TAI,all,7_TAI_DIS_SPA,,SPA
C:\Users\Rafa\Downloads\proyecto-ia-20260212T103152Z-3-001\proyecto-ia\multimodal-emocion\data\audio\raw\ses_sd\7_TAI_FEA_SPA.wav,fear,ses_sd,sessd_7_TAI,all,7_TAI_FEA_SPA,,SPA
C:\Users\Rafa\Downloads\proyecto-ia-20260212T103152Z-3-001\proyecto-ia\multimodal-emocion\data\audio\raw\ses_sd\7_TAI_HAP_SPA.wav,joy,ses_sd,sessd_7_TAI,all,7_TAI_HAP_SPA,,SPA
C:\Users\Rafa\Downloads\proyecto-ia-20260212T103152Z-3-001\proyecto-ia\multimodal-emocion\data\audio\raw\ses_sd\7_TAI_NEU_SPA.wav,neutral,ses_sd,sessd_7_TAI,all,7_TAI_NEU_SPA,,SPA
C:\Users\Rafa\Downloads\proyecto-ia-20260212T103152Z-3-001\proyecto-ia\multimodal-emocion\data\audio\raw\ses_sd\7_TAI_SAD_SPA.wav,sadness,ses_sd,sessd_7_TAI,all,7_TAI_SAD_SPA,,SPA
C:\Users\Rafa\Downloads\proyecto-ia-20260212T103152Z-3-001\proyecto-ia\multimodal-emocion\data\audio\raw\ses_sd\7_TSI_ANG_SPA.wav,anger,ses_sd,sessd_7_TSI,all,7_TSI_ANG_SPA,,SPA
C:\Users\Rafa\Downloads\proyecto-ia-20260212T103152Z-3-001\proyecto-ia\multimodal-emocion\data\audio\raw\ses_sd\7_TSI_DIS_SPA.wav,disgust,ses_sd,sessd_7_TSI,all,7_TSI_DIS_SPA,,SPA
C:\Users\Rafa\Downloads\proyecto-ia-20260212T103152Z-3-001\proyecto-ia\multimodal-emocion\data\audio\raw\ses_sd\7_TSI_FEA_SPA.wav,fear,ses_sd,sessd_7_TSI,all,7_TSI_FEA_SPA,,SPA
C:\Users\Rafa\Downloads\proyecto-ia-20260212T103152Z-3-001\proyecto-ia\multimodal-emocion\data\audio\raw\ses_sd\7_TSI_HAP_SPA.wav,joy,ses_sd,sessd_7_TSI,all,7_TSI_HAP_SPA,,SPA
C:\Users\Rafa\Downloads\proyecto-ia-20260212T103152Z-3-001\proyecto-ia\multimodal-emocion\data\audio\raw\ses_sd\7_TSI_NEU_SPA.wav,neutral,ses_sd,sessd_7_TSI,all,7_TSI_NEU_SPA,,SPA
C:\Users\Rafa\Downloads\proyecto-ia-20260212T103152Z-3-001\proyecto-ia\multimodal-emocion\data\audio\raw\ses_sd\7_TSI_SAD_SPA.wav,sadness,ses_sd,sessd_7_TSI,all,7_TSI_SAD_SPA,,SPA
C:\Users\Rafa\Downloads\proyecto-ia-20260212T103152Z-3-001\proyecto-ia\multimodal-emocion\data\audio\raw\ses_sd\8_DFA_ANG_SPA.wav,anger,ses_sd,sessd_8_DFA,all,8_DFA_ANG_SPA,,SPA
C:\Users\Rafa\Downloads\proyecto-ia-20260212T103152Z-3-001\proyecto-ia\multimodal-emocion\data\audio\raw\ses_sd\8_DFA_DIS_SPA.wav,disgust,ses_sd,sessd_8_DFA,all,8_DFA_DIS_SPA,,SPA
C:\Users\Rafa\Downloads\proyecto-ia-20260212T103152Z-3-001\proyecto-ia\multimodal-emocion\data\audio\raw\ses_sd\8_DFA_FEA_SPA.wav,fear,ses_sd,sessd_8_DFA,all,8_DFA_FEA_SPA,,SPA
C:\Users\Rafa\Downloads\proyecto-ia-20260212T103152Z-3-001\proyecto-ia\multimodal-emocion\data\audio\raw\ses_sd\8_DFA_HAP_SPA.wav,joy,ses_sd,sessd_8_DFA,all,8_DFA_HAP_SPA,,SPA
C:\Users\Rafa\Downloads\proyecto-ia-20260212T103152Z-3-001\proyecto-ia\multimodal-emocion\data\audio\raw\ses_sd\8_DFA_NEU_SPA.wav,neutral,ses_sd,sessd_8_DFA,all,8_DFA_NEU_SPA,,SPA
C:\Users\Rafa\Downloads\proyecto-ia-20260212T103152Z-3-001\proyecto-ia\multimodal-emocion\data\audio\raw\ses_sd\8_DFA_SAD_SPA.wav,sadness,ses_sd,sessd_8_DFA,all,8_DFA_SAD_SPA,,SPA
C:\Users\Rafa\Downloads\proyecto-ia-20260212T103152Z-3-001\proyecto-ia\multimodal-emocion\data\audio\raw\ses_sd\8_IEO_ANG_SPA.wav,anger,ses_sd,sessd_8_IEO,all,8_IEO_ANG_SPA,,SPA
C:\Users\Rafa\Downloads\proyecto-ia-20260212T103152Z-3-001\proyecto-ia\multimodal-emocion\data\audio\raw\ses_sd\8_IEO_DIS_SPA.wav,disgust,ses_sd,sessd_8_IEO,all,8_IEO_DIS_SPA,,SPA
C:\Users\Rafa\Downloads\proyecto-ia-20260212T103152Z-3-001\proyecto-ia\multimodal-emocion\data\audio\raw\ses_sd\8_IEO_FEA_SPA.wav,fear,ses_sd,sessd_8_IEO,all,8_IEO_FEA_SPA,,SPA
C:\Users\Rafa\Downloads\proyecto-ia-20260212T103152Z-3-001\proyecto-ia\multimodal-emocion\data\audio\raw\ses_sd\8_IEO_HAP_SPA.wav,joy,ses_sd,sessd_8_IEO,all,8_IEO_HAP_SPA,,SPA
C:\Users\Rafa\Downloads\proyecto-ia-20260212T103152Z-3-001\proyecto-ia\multimodal-emocion\data\audio\raw\ses_sd\8_IEO_NEU_SPA.wav,neutral,ses_sd,sessd_8_IEO,all,8_IEO_NEU_SPA,,SPA
C:\Users\Rafa\Downloads\proyecto-ia-20260212T103152Z-3-001\proyecto-ia\multimodal-emocion\data\audio\raw\ses_sd\8_IEO_SAD_SPA.wav,sadness,ses_sd,sessd_8_IEO,all,8_IEO_SAD_SPA,,SPA
C:\Users\Rafa\Downloads\proyecto-ia-20260212T103152Z-3-001\proyecto-ia\multimodal-emocion\data\audio\raw\ses_sd\8_IWW_ANG_SPA.wav,anger,ses_sd,sessd_8_IWW,all,8_IWW_ANG_SPA,,SPA
C:\Users\Rafa\Downloads\proyecto-ia-20260212T103152Z-3-001\proyecto-ia\multimodal-emocion\data\audio\raw\ses_sd\8_IWW_DIS_SPA.wav,disgust,ses_sd,sessd_8_IWW,all,8_IWW_DIS_SPA,,SPA
C:\Users\Rafa\Downloads\proyecto-ia-20260212T103152Z-3-001\proyecto-ia\multimodal-emocion\data\audio\raw\ses_sd\8_IWW_FEA_SPA.wav,fear,ses_sd,sessd_8_IWW,all,8_IWW_FEA_SPA,,SPA
C:\Users\Rafa\Downloads\proyecto-ia-20260212T103152Z-3-001\proyecto-ia\multimodal-emocion\data\audio\raw\ses_sd\8_IWW_HAP_SPA.wav,joy,ses_sd,sessd_8_IWW,all,8_IWW_HAP_SPA,,SPA
C:\Users\Rafa\Downloads\proyecto-ia-20260212T103152Z-3-001\proyecto-ia\multimodal-emocion\data\audio\raw\ses_sd\8_IWW_NEU_SPA.wav,neutral,ses_sd,sessd_8_IWW,all,8_IWW_NEU_SPA,,SPA
C:\Users\Rafa\Downloads\proyecto-ia-20260212T103152Z-3-001\proyecto-ia\multimodal-emocion\data\audio\raw\ses_sd\8_IWW_SAD_SPA.wav,sadness,ses_sd,sessd_8_IWW,all,8_IWW_SAD_SPA,,SPA
C:\Users\Rafa\Downloads\proyecto-ia-20260212T103152Z-3-001\proyecto-ia\multimodal-emocion\data\audio\raw\ses_sd\8_TAI_ANG_SPA.wav,anger,ses_sd,sessd_8_TAI,all,8_TAI_ANG_SPA,,SPA
C:\Users\Rafa\Downloads\proyecto-ia-20260212T103152Z-3-001\proyecto-ia\multimodal-emocion\data\audio\raw\ses_sd\8_TAI_DIS_SPA.wav,disgust,ses_sd,sessd_8_TAI,all,8_TAI_DIS_SPA,,SPA
C:\Users\Rafa\Downloads\proyecto-ia-20260212T103152Z-3-001\proyecto-ia\multimodal-emocion\data\audio\raw\ses_sd\8_TAI_FEA_SPA.wav,fear,ses_sd,sessd_8_TAI,all,8_TAI_FEA_SPA,,SPA
C:\Users\Rafa\Downloads\proyecto-ia-20260212T103152Z-3-001\proyecto-ia\multimodal-emocion\data\audio\raw\ses_sd\8_TAI_HAP_SPA.wav,joy,ses_sd,sessd_8_TAI,all,8_TAI_HAP_SPA,,SPA
C:\Users\Rafa\Downloads\proyecto-ia-20260212T103152Z-3-001\proyecto-ia\multimodal-emocion\data\audio\raw\ses_sd\8_TAI_NEU_SPA.wav,neutral,ses_sd,sessd_8_TAI,all,8_TAI_NEU_SPA,,SPA
C:\Users\Rafa\Downloads\proyecto-ia-20260212T103152Z-3-001\proyecto-ia\multimodal-emocion\data\audio\raw\ses_sd\8_TAI_SAD_SPA.wav,sadness,ses_sd,sessd_8_TAI,all,8_TAI_SAD_SPA,,SPA
C:\Users\Rafa\Downloads\proyecto-ia-20260212T103152Z-3-001\proyecto-ia\multimodal-emocion\data\audio\raw\ses_sd\8_TSI_ANG_SPA.wav,anger,ses_sd,sessd_8_TSI,all,8_TSI_ANG_SPA,,SPA
C:\Users\Rafa\Downloads\proyecto-ia-20260212T103152Z-3-001\proyecto-ia\multimodal-emocion\data\audio\raw\ses_sd\8_TSI_DIS_SPA.wav,disgust,ses_sd,sessd_8_TSI,all,8_TSI_DIS_SPA,,SPA
C:\Users\Rafa\Downloads\proyecto-ia-20260212T103152Z-3-001\proyecto-ia\multimodal-emocion\data\audio\raw\ses_sd\8_TSI_FEA_SPA.wav,fear,ses_sd,sessd_8_TSI,all,8_TSI_FEA_SPA,,SPA
C:\Users\Rafa\Downloads\proyecto-ia-20260212T103152Z-3-001\proyecto-ia\multimodal-emocion\data\audio\raw\ses_sd\8_TSI_HAP_SPA.wav,joy,ses_sd,sessd_8_TSI,all,8_TSI_HAP_SPA,,SPA
C:\Users\Rafa\Downloads\proyecto-ia-20260212T103152Z-3-001\proyecto-ia\multimodal-emocion\data\audio\raw\ses_sd\8_TSI_NEU_SPA.wav,neutral,ses_sd,sessd_8_TSI,all,8_TSI_NEU_SPA,,SPA
C:\Users\Rafa\Downloads\proyecto-ia-20260212T103152Z-3-001\proyecto-ia\multimodal-emocion\data\audio\raw\ses_sd\8_TSI_SAD_SPA.wav,sadness,ses_sd,sessd_8_TSI,all,8_TSI_SAD_SPA,,SPA
C:\Users\Rafa\Downloads\proyecto-ia-20260212T103152Z-3-001\proyecto-ia\multimodal-emocion\data\audio\raw\ses_sd\9_DFA_ANG_SPA.wav,anger,ses_sd,sessd_9_DFA,all,9_DFA_ANG_SPA,,SPA
C:\Users\Rafa\Downloads\proyecto-ia-20260212T103152Z-3-001\proyecto-ia\multimodal-emocion\data\audio\raw\ses_sd\9_DFA_DIS_SPA.wav,disgust,ses_sd,sessd_9_DFA,all,9_DFA_DIS_SPA,,SPA
C:\Users\Rafa\Downloads\proyecto-ia-20260212T103152Z-3-001\proyecto-ia\multimodal-emocion\data\audio\raw\ses_sd\9_DFA_FEA_SPA.wav,fear,ses_sd,sessd_9_DFA,all,9_DFA_FEA_SPA,,SPA
C:\Users\Rafa\Downloads\proyecto-ia-20260212T103152Z-3-001\proyecto-ia\multimodal-emocion\data\audio\raw\ses_sd\9_DFA_HAP_SPA.wav,joy,ses_sd,sessd_9_DFA,all,9_DFA_HAP_SPA,,SPA
C:\Users\Rafa\Downloads\proyecto-ia-20260212T103152Z-3-001\proyecto-ia\multimodal-emocion\data\audio\raw\ses_sd\9_DFA_NEU_SPA.wav,neutral,ses_sd,sessd_9_DFA,all,9_DFA_NEU_SPA,,SPA
C:\Users\Rafa\Downloads\proyecto-ia-20260212T103152Z-3-001\proyecto-ia\multimodal-emocion\data\audio\raw\ses_sd\9_DFA_SAD_SPA.wav,sadness,ses_sd,sessd_9_DFA,all,9_DFA_SAD_SPA,,SPA
C:\Users\Rafa\Downloads\proyecto-ia-20260212T103152Z-3-001\proyecto-ia\multimodal-emocion\data\audio\raw\ses_sd\9_IEO_ANG_SPA.wav,anger,ses_sd,sessd_9_IEO,all,9_IEO_ANG_SPA,,SPA
C:\Users\Rafa\Downloads\proyecto-ia-20260212T103152Z-3-001\proyecto-ia\multimodal-emocion\data\audio\raw\ses_sd\9_IEO_DIS_SPA.wav,disgust,ses_sd,sessd_9_IEO,all,9_IEO_DIS_SPA,,SPA
C:\Users\Rafa\Downloads\proyecto-ia-20260212T103152Z-3-001\proyecto-ia\multimodal-emocion\data\audio\raw\ses_sd\9_IEO_FEA_SPA.wav,fear,ses_sd,sessd_9_IEO,all,9_IEO_FEA_SPA,,SPA
C:\Users\Rafa\Downloads\proyecto-ia-20260212T103152Z-3-001\proyecto-ia\multimodal-emocion\data\audio\raw\ses_sd\9_IEO_HAP_SPA.wav,joy,ses_sd,sessd_9_IEO,all,9_IEO_HAP_SPA,,SPA
C:\Users\Rafa\Downloads\proyecto-ia-20260212T103152Z-3-001\proyecto-ia\multimodal-emocion\data\audio\raw\ses_sd\9_IEO_NEU_SPA.wav,neutral,ses_sd,sessd_9_IEO,all,9_IEO_NEU_SPA,,SPA
C:\Users\Rafa\Downloads\proyecto-ia-20260212T103152Z-3-001\proyecto-ia\multimodal-emocion\data\audio\raw\ses_sd\9_IEO_SAD_SPA.wav,sadness,ses_sd,sessd_9_IEO,all,9_IEO_SAD_SPA,,SPA
C:\Users\Rafa\Downloads\proyecto-ia-20260212T103152Z-3-001\proyecto-ia\multimodal-emocion\data\audio\raw\ses_sd\9_IWW_ANG_SPA.wav,anger,ses_sd,sessd_9_IWW,all,9_IWW_ANG_SPA,,SPA
C:\Users\Rafa\Downloads\proyecto-ia-20260212T103152Z-3-001\proyecto-ia\multimodal-emocion\data\audio\raw\ses_sd\9_IWW_DIS_SPA.wav,disgust,ses_sd,sessd_9_IWW,all,9_IWW_DIS_SPA,,SPA
C:\Users\Rafa\Downloads\proyecto-ia-20260212T103152Z-3-001\proyecto-ia\multimodal-emocion\data\audio\raw\ses_sd\9_IWW_FEA_SPA.wav,fear,ses_sd,sessd_9_IWW,all,9_IWW_FEA_SPA,,SPA
C:\Users\Rafa\Downloads\proyecto-ia-20260212T103152Z-3-001\proyecto-ia\multimodal-emocion\data\audio\raw\ses_sd\9_IWW_HAP_SPA.wav,joy,ses_sd,sessd_9_IWW,all,9_IWW_HAP_SPA,,SPA
C:\Users\Rafa\Downloads\proyecto-ia-20260212T103152Z-3-001\proyecto-ia\multimodal-emocion\data\audio\raw\ses_sd\9_IWW_NEU_SPA.wav,neutral,ses_sd,sessd_9_IWW,all,9_IWW_NEU_SPA,,SPA
C:\Users\Rafa\Downloads\proyecto-ia-20260212T103152Z-3-001\proyecto-ia\multimodal-emocion\data\audio\raw\ses_sd\9_IWW_SAD_SPA.wav,sadness,ses_sd,sessd_9_IWW,all,9_IWW_SAD_SPA,,SPA
C:\Users\Rafa\Downloads\proyecto-ia-20260212T103152Z-3-001\proyecto-ia\multimodal-emocion\data\audio\raw\ses_sd\9_TAI_ANG_SPA.wav,anger,ses_sd,sessd_9_TAI,all,9_TAI_ANG_SPA,,SPA
C:\Users\Rafa\Downloads\proyecto-ia-20260212T103152Z-3-001\proyecto-ia\multimodal-emocion\data\audio\raw\ses_sd\9_TAI_DIS_SPA.wav,disgust,ses_sd,sessd_9_TAI,all,9_TAI_DIS_SPA,,SPA
C:\Users\Rafa\Downloads\proyecto-ia-20260212T103152Z-3-001\proyecto-ia\multimodal-emocion\data\audio\raw\ses_sd\9_TAI_FEA_SPA.wav,fear,ses_sd,sessd_9_TAI,all,9_TAI_FEA_SPA,,SPA
C:\Users\Rafa\Downloads\proyecto-ia-20260212T103152Z-3-001\proyecto-ia\multimodal-emocion\data\audio\raw\ses_sd\9_TAI_HAP_SPA.wav,joy,ses_sd,sessd_9_TAI,all,9_TAI_HAP_SPA,,SPA
C:\Users\Rafa\Downloads\proyecto-ia-20260212T103152Z-3-001\proyecto-ia\multimodal-emocion\data\audio\raw\ses_sd\9_TAI_NEU_SPA.wav,neutral,ses_sd,sessd_9_TAI,all,9_TAI_NEU_SPA,,SPA
C:\Users\Rafa\Downloads\proyecto-ia-20260212T103152Z-3-001\proyecto-ia\multimodal-emocion\data\audio\raw\ses_sd\9_TAI_SAD_SPA.wav,sadness,ses_sd,sessd_9_TAI,all,9_TAI_SAD_SPA,,SPA
C:\Users\Rafa\Downloads\proyecto-ia-20260212T103152Z-3-001\proyecto-ia\multimodal-emocion\data\audio\raw\ses_sd\9_TSI_ANG_SPA.wav,anger,ses_sd,sessd_9_TSI,all,9_TSI_ANG_SPA,,SPA
C:\Users\Rafa\Downloads\proyecto-ia-20260212T103152Z-3-001\proyecto-ia\multimodal-emocion\data\audio\raw\ses_sd\9_TSI_DIS_SPA.wav,disgust,ses_sd,sessd_9_TSI,all,9_TSI_DIS_SPA,,SPA
C:\Users\Rafa\Downloads\proyecto-ia-20260212T103152Z-3-001\proyecto-ia\multimodal-emocion\data\audio\raw\ses_sd\9_TSI_FEA_SPA.wav,fear,ses_sd,sessd_9_TSI,all,9_TSI_FEA_SPA,,SPA
C:\Users\Rafa\Downloads\proyecto-ia-20260212T103152Z-3-001\proyecto-ia\multimodal-emocion\data\audio\raw\ses_sd\9_TSI_HAP_SPA.wav,joy,ses_sd,sessd_9_TSI,all,9_TSI_HAP_SPA,,SPA
C:\Users\Rafa\Downloads\proyecto-ia-20260212T103152Z-3-001\proyecto-ia\multimodal-emocion\data\audio\raw\ses_sd\9_TSI_NEU_SPA.wav,neutral,ses_sd,sessd_9_TSI,all,9_TSI_NEU_SPA,,SPA
C:\Users\Rafa\Downloads\proyecto-ia-20260212T103152Z-3-001\proyecto-ia\multimodal-emocion\data\audio\raw\ses_sd\9_TSI_SAD_SPA.wav,sadness,ses_sd,sessd_9_TSI,all,9_TSI_SAD_SPA,,SPA
